Copyright 1986-2022 Xilinx, Inc. All Rights Reserved. Copyright 2022-2024 Advanced Micro Devices, Inc. All Rights Reserved.
---------------------------------------------------------------------------------------------------------------------------------------------
| Tool Version : Vivado v.2024.1 (lin64) Build 5076996 Wed May 22 18:36:09 MDT 2024
| Date         : Thu Apr 16 04:15:47 2026
| Host         : EQI07359 running 64-bit Ubuntu 22.04.5 LTS
| Command      : report_drc -file cva6_zybo_z7_20_drc_opted.rpt -pb cva6_zybo_z7_20_drc_opted.pb -rpx cva6_zybo_z7_20_drc_opted.rpx
| Design       : cva6_zybo_z7_20
| Device       : xc7z020clg400-1
| Speed File   : -1
| Design State : Synthesized
---------------------------------------------------------------------------------------------------------------------------------------------

Report DRC

Table of Contents
-----------------
1. REPORT SUMMARY
2. REPORT DETAILS

1. REPORT SUMMARY
-----------------
            Netlist: netlist
          Floorplan: checkpoint_cva6_zybo_z7_20
      Design limits: <entire design considered>
           Ruledeck: default
             Max violations: <unlimited>
             Violations found: 182
+-----------+----------+----------------------------+------------+
| Rule      | Severity | Description                | Violations |
+-----------+----------+----------------------------+------------+
| CHECK-3   | Warning  | Report rule limit reached  | 2          |
| DPIP-1    | Warning  | Input pipelining           | 63         |
| DPOP-1    | Warning  | PREG Output pipelining     | 22         |
| DPOP-2    | Warning  | MREG Output pipelining     | 19         |
| DPOR-1    | Warning  | Asynchronous load check    | 34         |
| PLCK-12   | Warning  | Clock Placer Checks        | 1          |
| REQP-1839 | Warning  | RAMB36 async control check | 20         |
| REQP-1840 | Warning  | RAMB18 async control check | 20         |
| ZPS7-1    | Warning  | PS7 block required         | 1          |
+-----------+----------+----------------------------+------------+

2. REPORT DETAILS
-----------------
CHECK-3#1 Warning
Report rule limit reached  
REQP-1839 rule limit reached: 20 violations have been found.
Related violations: <none>

CHECK-3#2 Warning
Report rule limit reached  
REQP-1840 rule limit reached: 20 violations have been found.
Related violations: <none>

DPIP-1#1 Warning
Input pipelining  
DSP i_ariane/gen_example_coprocessor.i_cvxif_coprocessor/i_copro_alu/result_n1 input i_ariane/gen_example_coprocessor.i_cvxif_coprocessor/i_copro_alu/result_n1/A[29:0] is not pipelined. Pipelining DSP48 input will improve performance.
Related violations: <none>

DPIP-1#2 Warning
Input pipelining  
DSP i_ariane/gen_example_coprocessor.i_cvxif_coprocessor/i_copro_alu/result_n1 input i_ariane/gen_example_coprocessor.i_cvxif_coprocessor/i_copro_alu/result_n1/B[17:0] is not pipelined. Pipelining DSP48 input will improve performance.
Related violations: <none>

DPIP-1#3 Warning
Input pipelining  
DSP i_ariane/gen_example_coprocessor.i_cvxif_coprocessor/i_copro_alu/result_n1__0 input i_ariane/gen_example_coprocessor.i_cvxif_coprocessor/i_copro_alu/result_n1__0/A[29:0] is not pipelined. Pipelining DSP48 input will improve performance.
Related violations: <none>

DPIP-1#4 Warning
Input pipelining  
DSP i_ariane/gen_example_coprocessor.i_cvxif_coprocessor/i_copro_alu/result_n1__0 input i_ariane/gen_example_coprocessor.i_cvxif_coprocessor/i_copro_alu/result_n1__0/B[17:0] is not pipelined. Pipelining DSP48 input will improve performance.
Related violations: <none>

DPIP-1#5 Warning
Input pipelining  
DSP i_ariane/gen_example_coprocessor.i_cvxif_coprocessor/i_copro_alu/result_n1__0 input i_ariane/gen_example_coprocessor.i_cvxif_coprocessor/i_copro_alu/result_n1__0/C[47:0] is not pipelined. Pipelining DSP48 input will improve performance.
Related violations: <none>

DPIP-1#6 Warning
Input pipelining  
DSP i_ariane/gen_example_coprocessor.i_cvxif_coprocessor/i_copro_alu/result_n1__1 input i_ariane/gen_example_coprocessor.i_cvxif_coprocessor/i_copro_alu/result_n1__1/A[29:0] is not pipelined. Pipelining DSP48 input will improve performance.
Related violations: <none>

DPIP-1#7 Warning
Input pipelining  
DSP i_ariane/gen_example_coprocessor.i_cvxif_coprocessor/i_copro_alu/result_n1__1 input i_ariane/gen_example_coprocessor.i_cvxif_coprocessor/i_copro_alu/result_n1__1/B[17:0] is not pipelined. Pipelining DSP48 input will improve performance.
Related violations: <none>

DPIP-1#8 Warning
Input pipelining  
DSP i_ariane/gen_example_coprocessor.i_cvxif_coprocessor/i_copro_alu/result_n1__2 input i_ariane/gen_example_coprocessor.i_cvxif_coprocessor/i_copro_alu/result_n1__2/A[29:0] is not pipelined. Pipelining DSP48 input will improve performance.
Related violations: <none>

DPIP-1#9 Warning
Input pipelining  
DSP i_ariane/gen_example_coprocessor.i_cvxif_coprocessor/i_copro_alu/result_n1__2 input i_ariane/gen_example_coprocessor.i_cvxif_coprocessor/i_copro_alu/result_n1__2/B[17:0] is not pipelined. Pipelining DSP48 input will improve performance.
Related violations: <none>

DPIP-1#10 Warning
Input pipelining  
DSP i_ariane/gen_example_coprocessor.i_cvxif_coprocessor/i_copro_alu/result_n1__2 input i_ariane/gen_example_coprocessor.i_cvxif_coprocessor/i_copro_alu/result_n1__2/C[47:0] is not pipelined. Pipelining DSP48 input will improve performance.
Related violations: <none>

DPIP-1#11 Warning
Input pipelining  
DSP i_ariane/gen_example_coprocessor.i_cvxif_coprocessor/i_copro_alu/result_n3 input i_ariane/gen_example_coprocessor.i_cvxif_coprocessor/i_copro_alu/result_n3/A[29:0] is not pipelined. Pipelining DSP48 input will improve performance.
Related violations: <none>

DPIP-1#12 Warning
Input pipelining  
DSP i_ariane/gen_example_coprocessor.i_cvxif_coprocessor/i_copro_alu/result_n3 input i_ariane/gen_example_coprocessor.i_cvxif_coprocessor/i_copro_alu/result_n3/B[17:0] is not pipelined. Pipelining DSP48 input will improve performance.
Related violations: <none>

DPIP-1#13 Warning
Input pipelining  
DSP i_ariane/gen_example_coprocessor.i_cvxif_coprocessor/i_copro_alu/result_n3__0 input i_ariane/gen_example_coprocessor.i_cvxif_coprocessor/i_copro_alu/result_n3__0/A[29:0] is not pipelined. Pipelining DSP48 input will improve performance.
Related violations: <none>

DPIP-1#14 Warning
Input pipelining  
DSP i_ariane/gen_example_coprocessor.i_cvxif_coprocessor/i_copro_alu/result_n3__0 input i_ariane/gen_example_coprocessor.i_cvxif_coprocessor/i_copro_alu/result_n3__0/B[17:0] is not pipelined. Pipelining DSP48 input will improve performance.
Related violations: <none>

DPIP-1#15 Warning
Input pipelining  
DSP i_ariane/gen_example_coprocessor.i_cvxif_coprocessor/i_copro_alu/result_n3__1 input i_ariane/gen_example_coprocessor.i_cvxif_coprocessor/i_copro_alu/result_n3__1/A[29:0] is not pipelined. Pipelining DSP48 input will improve performance.
Related violations: <none>

DPIP-1#16 Warning
Input pipelining  
DSP i_ariane/gen_example_coprocessor.i_cvxif_coprocessor/i_copro_alu/result_n3__1 input i_ariane/gen_example_coprocessor.i_cvxif_coprocessor/i_copro_alu/result_n3__1/B[17:0] is not pipelined. Pipelining DSP48 input will improve performance.
Related violations: <none>

DPIP-1#17 Warning
Input pipelining  
DSP i_ariane/gen_example_coprocessor.i_cvxif_coprocessor/i_copro_alu/result_n3__10 input i_ariane/gen_example_coprocessor.i_cvxif_coprocessor/i_copro_alu/result_n3__10/A[29:0] is not pipelined. Pipelining DSP48 input will improve performance.
Related violations: <none>

DPIP-1#18 Warning
Input pipelining  
DSP i_ariane/gen_example_coprocessor.i_cvxif_coprocessor/i_copro_alu/result_n3__10 input i_ariane/gen_example_coprocessor.i_cvxif_coprocessor/i_copro_alu/result_n3__10/B[17:0] is not pipelined. Pipelining DSP48 input will improve performance.
Related violations: <none>

DPIP-1#19 Warning
Input pipelining  
DSP i_ariane/gen_example_coprocessor.i_cvxif_coprocessor/i_copro_alu/result_n3__10 input i_ariane/gen_example_coprocessor.i_cvxif_coprocessor/i_copro_alu/result_n3__10/C[47:0] is not pipelined. Pipelining DSP48 input will improve performance.
Related violations: <none>

DPIP-1#20 Warning
Input pipelining  
DSP i_ariane/gen_example_coprocessor.i_cvxif_coprocessor/i_copro_alu/result_n3__2 input i_ariane/gen_example_coprocessor.i_cvxif_coprocessor/i_copro_alu/result_n3__2/A[29:0] is not pipelined. Pipelining DSP48 input will improve performance.
Related violations: <none>

DPIP-1#21 Warning
Input pipelining  
DSP i_ariane/gen_example_coprocessor.i_cvxif_coprocessor/i_copro_alu/result_n3__2 input i_ariane/gen_example_coprocessor.i_cvxif_coprocessor/i_copro_alu/result_n3__2/B[17:0] is not pipelined. Pipelining DSP48 input will improve performance.
Related violations: <none>

DPIP-1#22 Warning
Input pipelining  
DSP i_ariane/gen_example_coprocessor.i_cvxif_coprocessor/i_copro_alu/result_n3__3 input i_ariane/gen_example_coprocessor.i_cvxif_coprocessor/i_copro_alu/result_n3__3/A[29:0] is not pipelined. Pipelining DSP48 input will improve performance.
Related violations: <none>

DPIP-1#23 Warning
Input pipelining  
DSP i_ariane/gen_example_coprocessor.i_cvxif_coprocessor/i_copro_alu/result_n3__3 input i_ariane/gen_example_coprocessor.i_cvxif_coprocessor/i_copro_alu/result_n3__3/B[17:0] is not pipelined. Pipelining DSP48 input will improve performance.
Related violations: <none>

DPIP-1#24 Warning
Input pipelining  
DSP i_ariane/gen_example_coprocessor.i_cvxif_coprocessor/i_copro_alu/result_n3__4 input i_ariane/gen_example_coprocessor.i_cvxif_coprocessor/i_copro_alu/result_n3__4/A[29:0] is not pipelined. Pipelining DSP48 input will improve performance.
Related violations: <none>

DPIP-1#25 Warning
Input pipelining  
DSP i_ariane/gen_example_coprocessor.i_cvxif_coprocessor/i_copro_alu/result_n3__4 input i_ariane/gen_example_coprocessor.i_cvxif_coprocessor/i_copro_alu/result_n3__4/B[17:0] is not pipelined. Pipelining DSP48 input will improve performance.
Related violations: <none>

DPIP-1#26 Warning
Input pipelining  
DSP i_ariane/gen_example_coprocessor.i_cvxif_coprocessor/i_copro_alu/result_n3__5 input i_ariane/gen_example_coprocessor.i_cvxif_coprocessor/i_copro_alu/result_n3__5/A[29:0] is not pipelined. Pipelining DSP48 input will improve performance.
Related violations: <none>

DPIP-1#27 Warning
Input pipelining  
DSP i_ariane/gen_example_coprocessor.i_cvxif_coprocessor/i_copro_alu/result_n3__5 input i_ariane/gen_example_coprocessor.i_cvxif_coprocessor/i_copro_alu/result_n3__5/B[17:0] is not pipelined. Pipelining DSP48 input will improve performance.
Related violations: <none>

DPIP-1#28 Warning
Input pipelining  
DSP i_ariane/gen_example_coprocessor.i_cvxif_coprocessor/i_copro_alu/result_n3__6 input i_ariane/gen_example_coprocessor.i_cvxif_coprocessor/i_copro_alu/result_n3__6/A[29:0] is not pipelined. Pipelining DSP48 input will improve performance.
Related violations: <none>

DPIP-1#29 Warning
Input pipelining  
DSP i_ariane/gen_example_coprocessor.i_cvxif_coprocessor/i_copro_alu/result_n3__6 input i_ariane/gen_example_coprocessor.i_cvxif_coprocessor/i_copro_alu/result_n3__6/B[17:0] is not pipelined. Pipelining DSP48 input will improve performance.
Related violations: <none>

DPIP-1#30 Warning
Input pipelining  
DSP i_ariane/gen_example_coprocessor.i_cvxif_coprocessor/i_copro_alu/result_n3__7 input i_ariane/gen_example_coprocessor.i_cvxif_coprocessor/i_copro_alu/result_n3__7/A[29:0] is not pipelined. Pipelining DSP48 input will improve performance.
Related violations: <none>

DPIP-1#31 Warning
Input pipelining  
DSP i_ariane/gen_example_coprocessor.i_cvxif_coprocessor/i_copro_alu/result_n3__7 input i_ariane/gen_example_coprocessor.i_cvxif_coprocessor/i_copro_alu/result_n3__7/B[17:0] is not pipelined. Pipelining DSP48 input will improve performance.
Related violations: <none>

DPIP-1#32 Warning
Input pipelining  
DSP i_ariane/gen_example_coprocessor.i_cvxif_coprocessor/i_copro_alu/result_n3__8 input i_ariane/gen_example_coprocessor.i_cvxif_coprocessor/i_copro_alu/result_n3__8/A[29:0] is not pipelined. Pipelining DSP48 input will improve performance.
Related violations: <none>

DPIP-1#33 Warning
Input pipelining  
DSP i_ariane/gen_example_coprocessor.i_cvxif_coprocessor/i_copro_alu/result_n3__8 input i_ariane/gen_example_coprocessor.i_cvxif_coprocessor/i_copro_alu/result_n3__8/B[17:0] is not pipelined. Pipelining DSP48 input will improve performance.
Related violations: <none>

DPIP-1#34 Warning
Input pipelining  
DSP i_ariane/gen_example_coprocessor.i_cvxif_coprocessor/i_copro_alu/result_n3__8 input i_ariane/gen_example_coprocessor.i_cvxif_coprocessor/i_copro_alu/result_n3__8/C[47:0] is not pipelined. Pipelining DSP48 input will improve performance.
Related violations: <none>

DPIP-1#35 Warning
Input pipelining  
DSP i_ariane/gen_example_coprocessor.i_cvxif_coprocessor/i_copro_alu/result_n3__9 input i_ariane/gen_example_coprocessor.i_cvxif_coprocessor/i_copro_alu/result_n3__9/A[29:0] is not pipelined. Pipelining DSP48 input will improve performance.
Related violations: <none>

DPIP-1#36 Warning
Input pipelining  
DSP i_ariane/gen_example_coprocessor.i_cvxif_coprocessor/i_copro_alu/result_n3__9 input i_ariane/gen_example_coprocessor.i_cvxif_coprocessor/i_copro_alu/result_n3__9/B[17:0] is not pipelined. Pipelining DSP48 input will improve performance.
Related violations: <none>

DPIP-1#37 Warning
Input pipelining  
DSP i_ariane/gen_example_coprocessor.i_cvxif_coprocessor/i_copro_alu/result_n3__9 input i_ariane/gen_example_coprocessor.i_cvxif_coprocessor/i_copro_alu/result_n3__9/C[47:0] is not pipelined. Pipelining DSP48 input will improve performance.
Related violations: <none>

DPIP-1#38 Warning
Input pipelining  
DSP i_ariane/gen_example_coprocessor.i_cvxif_coprocessor/i_copro_alu/result_n5 input i_ariane/gen_example_coprocessor.i_cvxif_coprocessor/i_copro_alu/result_n5/A[29:0] is not pipelined. Pipelining DSP48 input will improve performance.
Related violations: <none>

DPIP-1#39 Warning
Input pipelining  
DSP i_ariane/gen_example_coprocessor.i_cvxif_coprocessor/i_copro_alu/result_n5 input i_ariane/gen_example_coprocessor.i_cvxif_coprocessor/i_copro_alu/result_n5/B[17:0] is not pipelined. Pipelining DSP48 input will improve performance.
Related violations: <none>

DPIP-1#40 Warning
Input pipelining  
DSP i_ariane/gen_example_coprocessor.i_cvxif_coprocessor/i_copro_alu/result_n5__0 input i_ariane/gen_example_coprocessor.i_cvxif_coprocessor/i_copro_alu/result_n5__0/A[29:0] is not pipelined. Pipelining DSP48 input will improve performance.
Related violations: <none>

DPIP-1#41 Warning
Input pipelining  
DSP i_ariane/gen_example_coprocessor.i_cvxif_coprocessor/i_copro_alu/result_n5__0 input i_ariane/gen_example_coprocessor.i_cvxif_coprocessor/i_copro_alu/result_n5__0/B[17:0] is not pipelined. Pipelining DSP48 input will improve performance.
Related violations: <none>

DPIP-1#42 Warning
Input pipelining  
DSP i_ariane/gen_example_coprocessor.i_cvxif_coprocessor/i_copro_alu/result_n5__1 input i_ariane/gen_example_coprocessor.i_cvxif_coprocessor/i_copro_alu/result_n5__1/A[29:0] is not pipelined. Pipelining DSP48 input will improve performance.
Related violations: <none>

DPIP-1#43 Warning
Input pipelining  
DSP i_ariane/gen_example_coprocessor.i_cvxif_coprocessor/i_copro_alu/result_n5__1 input i_ariane/gen_example_coprocessor.i_cvxif_coprocessor/i_copro_alu/result_n5__1/B[17:0] is not pipelined. Pipelining DSP48 input will improve performance.
Related violations: <none>

DPIP-1#44 Warning
Input pipelining  
DSP i_ariane/gen_example_coprocessor.i_cvxif_coprocessor/i_copro_alu/result_n5__2 input i_ariane/gen_example_coprocessor.i_cvxif_coprocessor/i_copro_alu/result_n5__2/A[29:0] is not pipelined. Pipelining DSP48 input will improve performance.
Related violations: <none>

DPIP-1#45 Warning
Input pipelining  
DSP i_ariane/gen_example_coprocessor.i_cvxif_coprocessor/i_copro_alu/result_n5__2 input i_ariane/gen_example_coprocessor.i_cvxif_coprocessor/i_copro_alu/result_n5__2/B[17:0] is not pipelined. Pipelining DSP48 input will improve performance.
Related violations: <none>

DPIP-1#46 Warning
Input pipelining  
DSP i_ariane/gen_example_coprocessor.i_cvxif_coprocessor/i_copro_alu/result_n5__3 input i_ariane/gen_example_coprocessor.i_cvxif_coprocessor/i_copro_alu/result_n5__3/A[29:0] is not pipelined. Pipelining DSP48 input will improve performance.
Related violations: <none>

DPIP-1#47 Warning
Input pipelining  
DSP i_ariane/gen_example_coprocessor.i_cvxif_coprocessor/i_copro_alu/result_n5__3 input i_ariane/gen_example_coprocessor.i_cvxif_coprocessor/i_copro_alu/result_n5__3/B[17:0] is not pipelined. Pipelining DSP48 input will improve performance.
Related violations: <none>

DPIP-1#48 Warning
Input pipelining  
DSP i_ariane/gen_example_coprocessor.i_cvxif_coprocessor/i_copro_alu/result_n5__4 input i_ariane/gen_example_coprocessor.i_cvxif_coprocessor/i_copro_alu/result_n5__4/A[29:0] is not pipelined. Pipelining DSP48 input will improve performance.
Related violations: <none>

DPIP-1#49 Warning
Input pipelining  
DSP i_ariane/gen_example_coprocessor.i_cvxif_coprocessor/i_copro_alu/result_n5__4 input i_ariane/gen_example_coprocessor.i_cvxif_coprocessor/i_copro_alu/result_n5__4/B[17:0] is not pipelined. Pipelining DSP48 input will improve performance.
Related violations: <none>

DPIP-1#50 Warning
Input pipelining  
DSP i_ariane/gen_example_coprocessor.i_cvxif_coprocessor/i_copro_alu/result_n5__5 input i_ariane/gen_example_coprocessor.i_cvxif_coprocessor/i_copro_alu/result_n5__5/A[29:0] is not pipelined. Pipelining DSP48 input will improve performance.
Related violations: <none>

DPIP-1#51 Warning
Input pipelining  
DSP i_ariane/gen_example_coprocessor.i_cvxif_coprocessor/i_copro_alu/result_n5__5 input i_ariane/gen_example_coprocessor.i_cvxif_coprocessor/i_copro_alu/result_n5__5/B[17:0] is not pipelined. Pipelining DSP48 input will improve performance.
Related violations: <none>

DPIP-1#52 Warning
Input pipelining  
DSP i_ariane/gen_example_coprocessor.i_cvxif_coprocessor/i_copro_alu/result_n5__6 input i_ariane/gen_example_coprocessor.i_cvxif_coprocessor/i_copro_alu/result_n5__6/A[29:0] is not pipelined. Pipelining DSP48 input will improve performance.
Related violations: <none>

DPIP-1#53 Warning
Input pipelining  
DSP i_ariane/gen_example_coprocessor.i_cvxif_coprocessor/i_copro_alu/result_n5__6 input i_ariane/gen_example_coprocessor.i_cvxif_coprocessor/i_copro_alu/result_n5__6/B[17:0] is not pipelined. Pipelining DSP48 input will improve performance.
Related violations: <none>

DPIP-1#54 Warning
Input pipelining  
DSP i_ariane/gen_example_coprocessor.i_cvxif_coprocessor/i_copro_alu/result_n5__7 input i_ariane/gen_example_coprocessor.i_cvxif_coprocessor/i_copro_alu/result_n5__7/A[29:0] is not pipelined. Pipelining DSP48 input will improve performance.
Related violations: <none>

DPIP-1#55 Warning
Input pipelining  
DSP i_ariane/gen_example_coprocessor.i_cvxif_coprocessor/i_copro_alu/result_n5__7 input i_ariane/gen_example_coprocessor.i_cvxif_coprocessor/i_copro_alu/result_n5__7/B[17:0] is not pipelined. Pipelining DSP48 input will improve performance.
Related violations: <none>

DPIP-1#56 Warning
Input pipelining  
DSP i_ariane/i_cva6/ex_stage_i/i_mult/i_multiplier/mult_result_d input i_ariane/i_cva6/ex_stage_i/i_mult/i_multiplier/mult_result_d/A[29:0] is not pipelined. Pipelining DSP48 input will improve performance.
Related violations: <none>

DPIP-1#57 Warning
Input pipelining  
DSP i_ariane/i_cva6/ex_stage_i/i_mult/i_multiplier/mult_result_d input i_ariane/i_cva6/ex_stage_i/i_mult/i_multiplier/mult_result_d/B[17:0] is not pipelined. Pipelining DSP48 input will improve performance.
Related violations: <none>

DPIP-1#58 Warning
Input pipelining  
DSP i_ariane/i_cva6/ex_stage_i/i_mult/i_multiplier/mult_result_d__0 input i_ariane/i_cva6/ex_stage_i/i_mult/i_multiplier/mult_result_d__0/A[29:0] is not pipelined. Pipelining DSP48 input will improve performance.
Related violations: <none>

DPIP-1#59 Warning
Input pipelining  
DSP i_ariane/i_cva6/ex_stage_i/i_mult/i_multiplier/mult_result_d__0 input i_ariane/i_cva6/ex_stage_i/i_mult/i_multiplier/mult_result_d__0/B[17:0] is not pipelined. Pipelining DSP48 input will improve performance.
Related violations: <none>

DPIP-1#60 Warning
Input pipelining  
DSP i_ariane/i_cva6/ex_stage_i/i_mult/i_multiplier/mult_result_d__1 input i_ariane/i_cva6/ex_stage_i/i_mult/i_multiplier/mult_result_d__1/A[29:0] is not pipelined. Pipelining DSP48 input will improve performance.
Related violations: <none>

DPIP-1#61 Warning
Input pipelining  
DSP i_ariane/i_cva6/ex_stage_i/i_mult/i_multiplier/mult_result_d__1 input i_ariane/i_cva6/ex_stage_i/i_mult/i_multiplier/mult_result_d__1/B[17:0] is not pipelined. Pipelining DSP48 input will improve performance.
Related violations: <none>

DPIP-1#62 Warning
Input pipelining  
DSP i_ariane/i_cva6/ex_stage_i/i_mult/i_multiplier/mult_result_d__2 input i_ariane/i_cva6/ex_stage_i/i_mult/i_multiplier/mult_result_d__2/A[29:0] is not pipelined. Pipelining DSP48 input will improve performance.
Related violations: <none>

DPIP-1#63 Warning
Input pipelining  
DSP i_ariane/i_cva6/ex_stage_i/i_mult/i_multiplier/mult_result_d__2 input i_ariane/i_cva6/ex_stage_i/i_mult/i_multiplier/mult_result_d__2/B[17:0] is not pipelined. Pipelining DSP48 input will improve performance.
Related violations: <none>

DPOP-1#1 Warning
PREG Output pipelining  
DSP i_ariane/gen_example_coprocessor.i_cvxif_coprocessor/i_copro_alu/result_n1 output i_ariane/gen_example_coprocessor.i_cvxif_coprocessor/i_copro_alu/result_n1/P[47:0] is not pipelined (PREG=0). Pipelining the DSP48 output will improve performance and often saves power so it is suggested whenever possible to fully pipeline this function.  If this DSP48 function was inferred, it is suggested to describe an additional register stage after this function.  If the DSP48 was instantiated in the design, it is suggested to set the PREG attribute to 1.
Related violations: <none>

DPOP-1#2 Warning
PREG Output pipelining  
DSP i_ariane/gen_example_coprocessor.i_cvxif_coprocessor/i_copro_alu/result_n1__0 output i_ariane/gen_example_coprocessor.i_cvxif_coprocessor/i_copro_alu/result_n1__0/P[47:0] is not pipelined (PREG=0). Pipelining the DSP48 output will improve performance and often saves power so it is suggested whenever possible to fully pipeline this function.  If this DSP48 function was inferred, it is suggested to describe an additional register stage after this function.  If the DSP48 was instantiated in the design, it is suggested to set the PREG attribute to 1.
Related violations: <none>

DPOP-1#3 Warning
PREG Output pipelining  
DSP i_ariane/gen_example_coprocessor.i_cvxif_coprocessor/i_copro_alu/result_n1__1 output i_ariane/gen_example_coprocessor.i_cvxif_coprocessor/i_copro_alu/result_n1__1/P[47:0] is not pipelined (PREG=0). Pipelining the DSP48 output will improve performance and often saves power so it is suggested whenever possible to fully pipeline this function.  If this DSP48 function was inferred, it is suggested to describe an additional register stage after this function.  If the DSP48 was instantiated in the design, it is suggested to set the PREG attribute to 1.
Related violations: <none>

DPOP-1#4 Warning
PREG Output pipelining  
DSP i_ariane/gen_example_coprocessor.i_cvxif_coprocessor/i_copro_alu/result_n1__2 output i_ariane/gen_example_coprocessor.i_cvxif_coprocessor/i_copro_alu/result_n1__2/P[47:0] is not pipelined (PREG=0). Pipelining the DSP48 output will improve performance and often saves power so it is suggested whenever possible to fully pipeline this function.  If this DSP48 function was inferred, it is suggested to describe an additional register stage after this function.  If the DSP48 was instantiated in the design, it is suggested to set the PREG attribute to 1.
Related violations: <none>

DPOP-1#5 Warning
PREG Output pipelining  
DSP i_ariane/gen_example_coprocessor.i_cvxif_coprocessor/i_copro_alu/result_n3__0 output i_ariane/gen_example_coprocessor.i_cvxif_coprocessor/i_copro_alu/result_n3__0/P[47:0] is not pipelined (PREG=0). Pipelining the DSP48 output will improve performance and often saves power so it is suggested whenever possible to fully pipeline this function.  If this DSP48 function was inferred, it is suggested to describe an additional register stage after this function.  If the DSP48 was instantiated in the design, it is suggested to set the PREG attribute to 1.
Related violations: <none>

DPOP-1#6 Warning
PREG Output pipelining  
DSP i_ariane/gen_example_coprocessor.i_cvxif_coprocessor/i_copro_alu/result_n3__1 output i_ariane/gen_example_coprocessor.i_cvxif_coprocessor/i_copro_alu/result_n3__1/P[47:0] is not pipelined (PREG=0). Pipelining the DSP48 output will improve performance and often saves power so it is suggested whenever possible to fully pipeline this function.  If this DSP48 function was inferred, it is suggested to describe an additional register stage after this function.  If the DSP48 was instantiated in the design, it is suggested to set the PREG attribute to 1.
Related violations: <none>

DPOP-1#7 Warning
PREG Output pipelining  
DSP i_ariane/gen_example_coprocessor.i_cvxif_coprocessor/i_copro_alu/result_n3__10 output i_ariane/gen_example_coprocessor.i_cvxif_coprocessor/i_copro_alu/result_n3__10/P[47:0] is not pipelined (PREG=0). Pipelining the DSP48 output will improve performance and often saves power so it is suggested whenever possible to fully pipeline this function.  If this DSP48 function was inferred, it is suggested to describe an additional register stage after this function.  If the DSP48 was instantiated in the design, it is suggested to set the PREG attribute to 1.
Related violations: <none>

DPOP-1#8 Warning
PREG Output pipelining  
DSP i_ariane/gen_example_coprocessor.i_cvxif_coprocessor/i_copro_alu/result_n3__3 output i_ariane/gen_example_coprocessor.i_cvxif_coprocessor/i_copro_alu/result_n3__3/P[47:0] is not pipelined (PREG=0). Pipelining the DSP48 output will improve performance and often saves power so it is suggested whenever possible to fully pipeline this function.  If this DSP48 function was inferred, it is suggested to describe an additional register stage after this function.  If the DSP48 was instantiated in the design, it is suggested to set the PREG attribute to 1.
Related violations: <none>

DPOP-1#9 Warning
PREG Output pipelining  
DSP i_ariane/gen_example_coprocessor.i_cvxif_coprocessor/i_copro_alu/result_n3__4 output i_ariane/gen_example_coprocessor.i_cvxif_coprocessor/i_copro_alu/result_n3__4/P[47:0] is not pipelined (PREG=0). Pipelining the DSP48 output will improve performance and often saves power so it is suggested whenever possible to fully pipeline this function.  If this DSP48 function was inferred, it is suggested to describe an additional register stage after this function.  If the DSP48 was instantiated in the design, it is suggested to set the PREG attribute to 1.
Related violations: <none>

DPOP-1#10 Warning
PREG Output pipelining  
DSP i_ariane/gen_example_coprocessor.i_cvxif_coprocessor/i_copro_alu/result_n3__5 output i_ariane/gen_example_coprocessor.i_cvxif_coprocessor/i_copro_alu/result_n3__5/P[47:0] is not pipelined (PREG=0). Pipelining the DSP48 output will improve performance and often saves power so it is suggested whenever possible to fully pipeline this function.  If this DSP48 function was inferred, it is suggested to describe an additional register stage after this function.  If the DSP48 was instantiated in the design, it is suggested to set the PREG attribute to 1.
Related violations: <none>

DPOP-1#11 Warning
PREG Output pipelining  
DSP i_ariane/gen_example_coprocessor.i_cvxif_coprocessor/i_copro_alu/result_n3__6 output i_ariane/gen_example_coprocessor.i_cvxif_coprocessor/i_copro_alu/result_n3__6/P[47:0] is not pipelined (PREG=0). Pipelining the DSP48 output will improve performance and often saves power so it is suggested whenever possible to fully pipeline this function.  If this DSP48 function was inferred, it is suggested to describe an additional register stage after this function.  If the DSP48 was instantiated in the design, it is suggested to set the PREG attribute to 1.
Related violations: <none>

DPOP-1#12 Warning
PREG Output pipelining  
DSP i_ariane/gen_example_coprocessor.i_cvxif_coprocessor/i_copro_alu/result_n3__7 output i_ariane/gen_example_coprocessor.i_cvxif_coprocessor/i_copro_alu/result_n3__7/P[47:0] is not pipelined (PREG=0). Pipelining the DSP48 output will improve performance and often saves power so it is suggested whenever possible to fully pipeline this function.  If this DSP48 function was inferred, it is suggested to describe an additional register stage after this function.  If the DSP48 was instantiated in the design, it is suggested to set the PREG attribute to 1.
Related violations: <none>

DPOP-1#13 Warning
PREG Output pipelining  
DSP i_ariane/gen_example_coprocessor.i_cvxif_coprocessor/i_copro_alu/result_n3__8 output i_ariane/gen_example_coprocessor.i_cvxif_coprocessor/i_copro_alu/result_n3__8/P[47:0] is not pipelined (PREG=0). Pipelining the DSP48 output will improve performance and often saves power so it is suggested whenever possible to fully pipeline this function.  If this DSP48 function was inferred, it is suggested to describe an additional register stage after this function.  If the DSP48 was instantiated in the design, it is suggested to set the PREG attribute to 1.
Related violations: <none>

DPOP-1#14 Warning
PREG Output pipelining  
DSP i_ariane/gen_example_coprocessor.i_cvxif_coprocessor/i_copro_alu/result_n3__9 output i_ariane/gen_example_coprocessor.i_cvxif_coprocessor/i_copro_alu/result_n3__9/P[47:0] is not pipelined (PREG=0). Pipelining the DSP48 output will improve performance and often saves power so it is suggested whenever possible to fully pipeline this function.  If this DSP48 function was inferred, it is suggested to describe an additional register stage after this function.  If the DSP48 was instantiated in the design, it is suggested to set the PREG attribute to 1.
Related violations: <none>

DPOP-1#15 Warning
PREG Output pipelining  
DSP i_ariane/gen_example_coprocessor.i_cvxif_coprocessor/i_copro_alu/result_n5__0 output i_ariane/gen_example_coprocessor.i_cvxif_coprocessor/i_copro_alu/result_n5__0/P[47:0] is not pipelined (PREG=0). Pipelining the DSP48 output will improve performance and often saves power so it is suggested whenever possible to fully pipeline this function.  If this DSP48 function was inferred, it is suggested to describe an additional register stage after this function.  If the DSP48 was instantiated in the design, it is suggested to set the PREG attribute to 1.
Related violations: <none>

DPOP-1#16 Warning
PREG Output pipelining  
DSP i_ariane/gen_example_coprocessor.i_cvxif_coprocessor/i_copro_alu/result_n5__2 output i_ariane/gen_example_coprocessor.i_cvxif_coprocessor/i_copro_alu/result_n5__2/P[47:0] is not pipelined (PREG=0). Pipelining the DSP48 output will improve performance and often saves power so it is suggested whenever possible to fully pipeline this function.  If this DSP48 function was inferred, it is suggested to describe an additional register stage after this function.  If the DSP48 was instantiated in the design, it is suggested to set the PREG attribute to 1.
Related violations: <none>

DPOP-1#17 Warning
PREG Output pipelining  
DSP i_ariane/gen_example_coprocessor.i_cvxif_coprocessor/i_copro_alu/result_n5__4 output i_ariane/gen_example_coprocessor.i_cvxif_coprocessor/i_copro_alu/result_n5__4/P[47:0] is not pipelined (PREG=0). Pipelining the DSP48 output will improve performance and often saves power so it is suggested whenever possible to fully pipeline this function.  If this DSP48 function was inferred, it is suggested to describe an additional register stage after this function.  If the DSP48 was instantiated in the design, it is suggested to set the PREG attribute to 1.
Related violations: <none>

DPOP-1#18 Warning
PREG Output pipelining  
DSP i_ariane/gen_example_coprocessor.i_cvxif_coprocessor/i_copro_alu/result_n5__5 output i_ariane/gen_example_coprocessor.i_cvxif_coprocessor/i_copro_alu/result_n5__5/P[47:0] is not pipelined (PREG=0). Pipelining the DSP48 output will improve performance and often saves power so it is suggested whenever possible to fully pipeline this function.  If this DSP48 function was inferred, it is suggested to describe an additional register stage after this function.  If the DSP48 was instantiated in the design, it is suggested to set the PREG attribute to 1.
Related violations: <none>

DPOP-1#19 Warning
PREG Output pipelining  
DSP i_ariane/gen_example_coprocessor.i_cvxif_coprocessor/i_copro_alu/result_n5__6 output i_ariane/gen_example_coprocessor.i_cvxif_coprocessor/i_copro_alu/result_n5__6/P[47:0] is not pipelined (PREG=0). Pipelining the DSP48 output will improve performance and often saves power so it is suggested whenever possible to fully pipeline this function.  If this DSP48 function was inferred, it is suggested to describe an additional register stage after this function.  If the DSP48 was instantiated in the design, it is suggested to set the PREG attribute to 1.
Related violations: <none>

DPOP-1#20 Warning
PREG Output pipelining  
DSP i_ariane/gen_example_coprocessor.i_cvxif_coprocessor/i_copro_alu/result_n5__7 output i_ariane/gen_example_coprocessor.i_cvxif_coprocessor/i_copro_alu/result_n5__7/P[47:0] is not pipelined (PREG=0). Pipelining the DSP48 output will improve performance and often saves power so it is suggested whenever possible to fully pipeline this function.  If this DSP48 function was inferred, it is suggested to describe an additional register stage after this function.  If the DSP48 was instantiated in the design, it is suggested to set the PREG attribute to 1.
Related violations: <none>

DPOP-1#21 Warning
PREG Output pipelining  
DSP i_ariane/i_cva6/ex_stage_i/i_mult/i_multiplier/mult_result_d output i_ariane/i_cva6/ex_stage_i/i_mult/i_multiplier/mult_result_d/P[47:0] is not pipelined (PREG=0). Pipelining the DSP48 output will improve performance and often saves power so it is suggested whenever possible to fully pipeline this function.  If this DSP48 function was inferred, it is suggested to describe an additional register stage after this function.  If the DSP48 was instantiated in the design, it is suggested to set the PREG attribute to 1.
Related violations: <none>

DPOP-1#22 Warning
PREG Output pipelining  
DSP i_ariane/i_cva6/ex_stage_i/i_mult/i_multiplier/mult_result_d__1 output i_ariane/i_cva6/ex_stage_i/i_mult/i_multiplier/mult_result_d__1/P[47:0] is not pipelined (PREG=0). Pipelining the DSP48 output will improve performance and often saves power so it is suggested whenever possible to fully pipeline this function.  If this DSP48 function was inferred, it is suggested to describe an additional register stage after this function.  If the DSP48 was instantiated in the design, it is suggested to set the PREG attribute to 1.
Related violations: <none>

DPOP-2#1 Warning
MREG Output pipelining  
DSP i_ariane/gen_example_coprocessor.i_cvxif_coprocessor/i_copro_alu/result_n1__0 multiplier stage i_ariane/gen_example_coprocessor.i_cvxif_coprocessor/i_copro_alu/result_n1__0/P[47:0] is not pipelined (MREG=0). Pipelining the multiplier function will improve performance and will save significant power so it is suggested whenever possible to fully pipeline this function.  If this multiplier was inferred, it is suggested to describe an additional register stage after this function.  If there is no registered adder/accumulator following the multiply function, two pipeline stages are suggested to allow both the MREG and PREG registers to be used.  If the DSP48 was instantiated in the design, it is suggested to set both the MREG and PREG attributes to 1 when performing multiply functions.
Related violations: <none>

DPOP-2#2 Warning
MREG Output pipelining  
DSP i_ariane/gen_example_coprocessor.i_cvxif_coprocessor/i_copro_alu/result_n1__2 multiplier stage i_ariane/gen_example_coprocessor.i_cvxif_coprocessor/i_copro_alu/result_n1__2/P[47:0] is not pipelined (MREG=0). Pipelining the multiplier function will improve performance and will save significant power so it is suggested whenever possible to fully pipeline this function.  If this multiplier was inferred, it is suggested to describe an additional register stage after this function.  If there is no registered adder/accumulator following the multiply function, two pipeline stages are suggested to allow both the MREG and PREG registers to be used.  If the DSP48 was instantiated in the design, it is suggested to set both the MREG and PREG attributes to 1 when performing multiply functions.
Related violations: <none>

DPOP-2#3 Warning
MREG Output pipelining  
DSP i_ariane/gen_example_coprocessor.i_cvxif_coprocessor/i_copro_alu/result_n3__0 multiplier stage i_ariane/gen_example_coprocessor.i_cvxif_coprocessor/i_copro_alu/result_n3__0/P[47:0] is not pipelined (MREG=0). Pipelining the multiplier function will improve performance and will save significant power so it is suggested whenever possible to fully pipeline this function.  If this multiplier was inferred, it is suggested to describe an additional register stage after this function.  If there is no registered adder/accumulator following the multiply function, two pipeline stages are suggested to allow both the MREG and PREG registers to be used.  If the DSP48 was instantiated in the design, it is suggested to set both the MREG and PREG attributes to 1 when performing multiply functions.
Related violations: <none>

DPOP-2#4 Warning
MREG Output pipelining  
DSP i_ariane/gen_example_coprocessor.i_cvxif_coprocessor/i_copro_alu/result_n3__1 multiplier stage i_ariane/gen_example_coprocessor.i_cvxif_coprocessor/i_copro_alu/result_n3__1/P[47:0] is not pipelined (MREG=0). Pipelining the multiplier function will improve performance and will save significant power so it is suggested whenever possible to fully pipeline this function.  If this multiplier was inferred, it is suggested to describe an additional register stage after this function.  If there is no registered adder/accumulator following the multiply function, two pipeline stages are suggested to allow both the MREG and PREG registers to be used.  If the DSP48 was instantiated in the design, it is suggested to set both the MREG and PREG attributes to 1 when performing multiply functions.
Related violations: <none>

DPOP-2#5 Warning
MREG Output pipelining  
DSP i_ariane/gen_example_coprocessor.i_cvxif_coprocessor/i_copro_alu/result_n3__10 multiplier stage i_ariane/gen_example_coprocessor.i_cvxif_coprocessor/i_copro_alu/result_n3__10/P[47:0] is not pipelined (MREG=0). Pipelining the multiplier function will improve performance and will save significant power so it is suggested whenever possible to fully pipeline this function.  If this multiplier was inferred, it is suggested to describe an additional register stage after this function.  If there is no registered adder/accumulator following the multiply function, two pipeline stages are suggested to allow both the MREG and PREG registers to be used.  If the DSP48 was instantiated in the design, it is suggested to set both the MREG and PREG attributes to 1 when performing multiply functions.
Related violations: <none>

DPOP-2#6 Warning
MREG Output pipelining  
DSP i_ariane/gen_example_coprocessor.i_cvxif_coprocessor/i_copro_alu/result_n3__3 multiplier stage i_ariane/gen_example_coprocessor.i_cvxif_coprocessor/i_copro_alu/result_n3__3/P[47:0] is not pipelined (MREG=0). Pipelining the multiplier function will improve performance and will save significant power so it is suggested whenever possible to fully pipeline this function.  If this multiplier was inferred, it is suggested to describe an additional register stage after this function.  If there is no registered adder/accumulator following the multiply function, two pipeline stages are suggested to allow both the MREG and PREG registers to be used.  If the DSP48 was instantiated in the design, it is suggested to set both the MREG and PREG attributes to 1 when performing multiply functions.
Related violations: <none>

DPOP-2#7 Warning
MREG Output pipelining  
DSP i_ariane/gen_example_coprocessor.i_cvxif_coprocessor/i_copro_alu/result_n3__4 multiplier stage i_ariane/gen_example_coprocessor.i_cvxif_coprocessor/i_copro_alu/result_n3__4/P[47:0] is not pipelined (MREG=0). Pipelining the multiplier function will improve performance and will save significant power so it is suggested whenever possible to fully pipeline this function.  If this multiplier was inferred, it is suggested to describe an additional register stage after this function.  If there is no registered adder/accumulator following the multiply function, two pipeline stages are suggested to allow both the MREG and PREG registers to be used.  If the DSP48 was instantiated in the design, it is suggested to set both the MREG and PREG attributes to 1 when performing multiply functions.
Related violations: <none>

DPOP-2#8 Warning
MREG Output pipelining  
DSP i_ariane/gen_example_coprocessor.i_cvxif_coprocessor/i_copro_alu/result_n3__8 multiplier stage i_ariane/gen_example_coprocessor.i_cvxif_coprocessor/i_copro_alu/result_n3__8/P[47:0] is not pipelined (MREG=0). Pipelining the multiplier function will improve performance and will save significant power so it is suggested whenever possible to fully pipeline this function.  If this multiplier was inferred, it is suggested to describe an additional register stage after this function.  If there is no registered adder/accumulator following the multiply function, two pipeline stages are suggested to allow both the MREG and PREG registers to be used.  If the DSP48 was instantiated in the design, it is suggested to set both the MREG and PREG attributes to 1 when performing multiply functions.
Related violations: <none>

DPOP-2#9 Warning
MREG Output pipelining  
DSP i_ariane/gen_example_coprocessor.i_cvxif_coprocessor/i_copro_alu/result_n3__9 multiplier stage i_ariane/gen_example_coprocessor.i_cvxif_coprocessor/i_copro_alu/result_n3__9/P[47:0] is not pipelined (MREG=0). Pipelining the multiplier function will improve performance and will save significant power so it is suggested whenever possible to fully pipeline this function.  If this multiplier was inferred, it is suggested to describe an additional register stage after this function.  If there is no registered adder/accumulator following the multiply function, two pipeline stages are suggested to allow both the MREG and PREG registers to be used.  If the DSP48 was instantiated in the design, it is suggested to set both the MREG and PREG attributes to 1 when performing multiply functions.
Related violations: <none>

DPOP-2#10 Warning
MREG Output pipelining  
DSP i_ariane/gen_example_coprocessor.i_cvxif_coprocessor/i_copro_alu/result_n5__0 multiplier stage i_ariane/gen_example_coprocessor.i_cvxif_coprocessor/i_copro_alu/result_n5__0/P[47:0] is not pipelined (MREG=0). Pipelining the multiplier function will improve performance and will save significant power so it is suggested whenever possible to fully pipeline this function.  If this multiplier was inferred, it is suggested to describe an additional register stage after this function.  If there is no registered adder/accumulator following the multiply function, two pipeline stages are suggested to allow both the MREG and PREG registers to be used.  If the DSP48 was instantiated in the design, it is suggested to set both the MREG and PREG attributes to 1 when performing multiply functions.
Related violations: <none>

DPOP-2#11 Warning
MREG Output pipelining  
DSP i_ariane/gen_example_coprocessor.i_cvxif_coprocessor/i_copro_alu/result_n5__2 multiplier stage i_ariane/gen_example_coprocessor.i_cvxif_coprocessor/i_copro_alu/result_n5__2/P[47:0] is not pipelined (MREG=0). Pipelining the multiplier function will improve performance and will save significant power so it is suggested whenever possible to fully pipeline this function.  If this multiplier was inferred, it is suggested to describe an additional register stage after this function.  If there is no registered adder/accumulator following the multiply function, two pipeline stages are suggested to allow both the MREG and PREG registers to be used.  If the DSP48 was instantiated in the design, it is suggested to set both the MREG and PREG attributes to 1 when performing multiply functions.
Related violations: <none>

DPOP-2#12 Warning
MREG Output pipelining  
DSP i_ariane/gen_example_coprocessor.i_cvxif_coprocessor/i_copro_alu/result_n5__4 multiplier stage i_ariane/gen_example_coprocessor.i_cvxif_coprocessor/i_copro_alu/result_n5__4/P[47:0] is not pipelined (MREG=0). Pipelining the multiplier function will improve performance and will save significant power so it is suggested whenever possible to fully pipeline this function.  If this multiplier was inferred, it is suggested to describe an additional register stage after this function.  If there is no registered adder/accumulator following the multiply function, two pipeline stages are suggested to allow both the MREG and PREG registers to be used.  If the DSP48 was instantiated in the design, it is suggested to set both the MREG and PREG attributes to 1 when performing multiply functions.
Related violations: <none>

DPOP-2#13 Warning
MREG Output pipelining  
DSP i_ariane/gen_example_coprocessor.i_cvxif_coprocessor/i_copro_alu/result_n5__5 multiplier stage i_ariane/gen_example_coprocessor.i_cvxif_coprocessor/i_copro_alu/result_n5__5/P[47:0] is not pipelined (MREG=0). Pipelining the multiplier function will improve performance and will save significant power so it is suggested whenever possible to fully pipeline this function.  If this multiplier was inferred, it is suggested to describe an additional register stage after this function.  If there is no registered adder/accumulator following the multiply function, two pipeline stages are suggested to allow both the MREG and PREG registers to be used.  If the DSP48 was instantiated in the design, it is suggested to set both the MREG and PREG attributes to 1 when performing multiply functions.
Related violations: <none>

DPOP-2#14 Warning
MREG Output pipelining  
DSP i_ariane/gen_example_coprocessor.i_cvxif_coprocessor/i_copro_alu/result_n5__6 multiplier stage i_ariane/gen_example_coprocessor.i_cvxif_coprocessor/i_copro_alu/result_n5__6/P[47:0] is not pipelined (MREG=0). Pipelining the multiplier function will improve performance and will save significant power so it is suggested whenever possible to fully pipeline this function.  If this multiplier was inferred, it is suggested to describe an additional register stage after this function.  If there is no registered adder/accumulator following the multiply function, two pipeline stages are suggested to allow both the MREG and PREG registers to be used.  If the DSP48 was instantiated in the design, it is suggested to set both the MREG and PREG attributes to 1 when performing multiply functions.
Related violations: <none>

DPOP-2#15 Warning
MREG Output pipelining  
DSP i_ariane/gen_example_coprocessor.i_cvxif_coprocessor/i_copro_alu/result_n5__7 multiplier stage i_ariane/gen_example_coprocessor.i_cvxif_coprocessor/i_copro_alu/result_n5__7/P[47:0] is not pipelined (MREG=0). Pipelining the multiplier function will improve performance and will save significant power so it is suggested whenever possible to fully pipeline this function.  If this multiplier was inferred, it is suggested to describe an additional register stage after this function.  If there is no registered adder/accumulator following the multiply function, two pipeline stages are suggested to allow both the MREG and PREG registers to be used.  If the DSP48 was instantiated in the design, it is suggested to set both the MREG and PREG attributes to 1 when performing multiply functions.
Related violations: <none>

DPOP-2#16 Warning
MREG Output pipelining  
DSP i_ariane/i_cva6/ex_stage_i/i_mult/i_multiplier/mult_result_d multiplier stage i_ariane/i_cva6/ex_stage_i/i_mult/i_multiplier/mult_result_d/P[47:0] is not pipelined (MREG=0). Pipelining the multiplier function will improve performance and will save significant power so it is suggested whenever possible to fully pipeline this function.  If this multiplier was inferred, it is suggested to describe an additional register stage after this function.  If there is no registered adder/accumulator following the multiply function, two pipeline stages are suggested to allow both the MREG and PREG registers to be used.  If the DSP48 was instantiated in the design, it is suggested to set both the MREG and PREG attributes to 1 when performing multiply functions.
Related violations: <none>

DPOP-2#17 Warning
MREG Output pipelining  
DSP i_ariane/i_cva6/ex_stage_i/i_mult/i_multiplier/mult_result_d__0 multiplier stage i_ariane/i_cva6/ex_stage_i/i_mult/i_multiplier/mult_result_d__0/P[47:0] is not pipelined (MREG=0). Pipelining the multiplier function will improve performance and will save significant power so it is suggested whenever possible to fully pipeline this function.  If this multiplier was inferred, it is suggested to describe an additional register stage after this function.  If there is no registered adder/accumulator following the multiply function, two pipeline stages are suggested to allow both the MREG and PREG registers to be used.  If the DSP48 was instantiated in the design, it is suggested to set both the MREG and PREG attributes to 1 when performing multiply functions.
Related violations: <none>

DPOP-2#18 Warning
MREG Output pipelining  
DSP i_ariane/i_cva6/ex_stage_i/i_mult/i_multiplier/mult_result_d__1 multiplier stage i_ariane/i_cva6/ex_stage_i/i_mult/i_multiplier/mult_result_d__1/P[47:0] is not pipelined (MREG=0). Pipelining the multiplier function will improve performance and will save significant power so it is suggested whenever possible to fully pipeline this function.  If this multiplier was inferred, it is suggested to describe an additional register stage after this function.  If there is no registered adder/accumulator following the multiply function, two pipeline stages are suggested to allow both the MREG and PREG registers to be used.  If the DSP48 was instantiated in the design, it is suggested to set both the MREG and PREG attributes to 1 when performing multiply functions.
Related violations: <none>

DPOP-2#19 Warning
MREG Output pipelining  
DSP i_ariane/i_cva6/ex_stage_i/i_mult/i_multiplier/mult_result_d__2 multiplier stage i_ariane/i_cva6/ex_stage_i/i_mult/i_multiplier/mult_result_d__2/P[47:0] is not pipelined (MREG=0). Pipelining the multiplier function will improve performance and will save significant power so it is suggested whenever possible to fully pipeline this function.  If this multiplier was inferred, it is suggested to describe an additional register stage after this function.  If there is no registered adder/accumulator following the multiply function, two pipeline stages are suggested to allow both the MREG and PREG registers to be used.  If the DSP48 was instantiated in the design, it is suggested to set both the MREG and PREG attributes to 1 when performing multiply functions.
Related violations: <none>

DPOR-1#1 Warning
Asynchronous load check  
DSP i_ariane/i_cva6/ex_stage_i/i_mult/i_multiplier/mult_result_d output is connected to registers with an asynchronous reset (i_ariane/i_cva6/ex_stage_i/i_mult/i_multiplier/mult_result_q_reg[0]). This is preventing the possibility of merging these registers in to the DSP Block since the DSP block registers only possess synchronous reset capability.  It is suggested to recode or change these registers to remove the reset or use a synchronous reset to get the best optimization for performance, power and area.
Related violations: <none>

DPOR-1#2 Warning
Asynchronous load check  
DSP i_ariane/i_cva6/ex_stage_i/i_mult/i_multiplier/mult_result_d output is connected to registers with an asynchronous reset (i_ariane/i_cva6/ex_stage_i/i_mult/i_multiplier/mult_result_q_reg[10]). This is preventing the possibility of merging these registers in to the DSP Block since the DSP block registers only possess synchronous reset capability.  It is suggested to recode or change these registers to remove the reset or use a synchronous reset to get the best optimization for performance, power and area.
Related violations: <none>

DPOR-1#3 Warning
Asynchronous load check  
DSP i_ariane/i_cva6/ex_stage_i/i_mult/i_multiplier/mult_result_d output is connected to registers with an asynchronous reset (i_ariane/i_cva6/ex_stage_i/i_mult/i_multiplier/mult_result_q_reg[11]). This is preventing the possibility of merging these registers in to the DSP Block since the DSP block registers only possess synchronous reset capability.  It is suggested to recode or change these registers to remove the reset or use a synchronous reset to get the best optimization for performance, power and area.
Related violations: <none>

DPOR-1#4 Warning
Asynchronous load check  
DSP i_ariane/i_cva6/ex_stage_i/i_mult/i_multiplier/mult_result_d output is connected to registers with an asynchronous reset (i_ariane/i_cva6/ex_stage_i/i_mult/i_multiplier/mult_result_q_reg[12]). This is preventing the possibility of merging these registers in to the DSP Block since the DSP block registers only possess synchronous reset capability.  It is suggested to recode or change these registers to remove the reset or use a synchronous reset to get the best optimization for performance, power and area.
Related violations: <none>

DPOR-1#5 Warning
Asynchronous load check  
DSP i_ariane/i_cva6/ex_stage_i/i_mult/i_multiplier/mult_result_d output is connected to registers with an asynchronous reset (i_ariane/i_cva6/ex_stage_i/i_mult/i_multiplier/mult_result_q_reg[13]). This is preventing the possibility of merging these registers in to the DSP Block since the DSP block registers only possess synchronous reset capability.  It is suggested to recode or change these registers to remove the reset or use a synchronous reset to get the best optimization for performance, power and area.
Related violations: <none>

DPOR-1#6 Warning
Asynchronous load check  
DSP i_ariane/i_cva6/ex_stage_i/i_mult/i_multiplier/mult_result_d output is connected to registers with an asynchronous reset (i_ariane/i_cva6/ex_stage_i/i_mult/i_multiplier/mult_result_q_reg[14]). This is preventing the possibility of merging these registers in to the DSP Block since the DSP block registers only possess synchronous reset capability.  It is suggested to recode or change these registers to remove the reset or use a synchronous reset to get the best optimization for performance, power and area.
Related violations: <none>

DPOR-1#7 Warning
Asynchronous load check  
DSP i_ariane/i_cva6/ex_stage_i/i_mult/i_multiplier/mult_result_d output is connected to registers with an asynchronous reset (i_ariane/i_cva6/ex_stage_i/i_mult/i_multiplier/mult_result_q_reg[15]). This is preventing the possibility of merging these registers in to the DSP Block since the DSP block registers only possess synchronous reset capability.  It is suggested to recode or change these registers to remove the reset or use a synchronous reset to get the best optimization for performance, power and area.
Related violations: <none>

DPOR-1#8 Warning
Asynchronous load check  
DSP i_ariane/i_cva6/ex_stage_i/i_mult/i_multiplier/mult_result_d output is connected to registers with an asynchronous reset (i_ariane/i_cva6/ex_stage_i/i_mult/i_multiplier/mult_result_q_reg[16]). This is preventing the possibility of merging these registers in to the DSP Block since the DSP block registers only possess synchronous reset capability.  It is suggested to recode or change these registers to remove the reset or use a synchronous reset to get the best optimization for performance, power and area.
Related violations: <none>

DPOR-1#9 Warning
Asynchronous load check  
DSP i_ariane/i_cva6/ex_stage_i/i_mult/i_multiplier/mult_result_d output is connected to registers with an asynchronous reset (i_ariane/i_cva6/ex_stage_i/i_mult/i_multiplier/mult_result_q_reg[1]). This is preventing the possibility of merging these registers in to the DSP Block since the DSP block registers only possess synchronous reset capability.  It is suggested to recode or change these registers to remove the reset or use a synchronous reset to get the best optimization for performance, power and area.
Related violations: <none>

DPOR-1#10 Warning
Asynchronous load check  
DSP i_ariane/i_cva6/ex_stage_i/i_mult/i_multiplier/mult_result_d output is connected to registers with an asynchronous reset (i_ariane/i_cva6/ex_stage_i/i_mult/i_multiplier/mult_result_q_reg[2]). This is preventing the possibility of merging these registers in to the DSP Block since the DSP block registers only possess synchronous reset capability.  It is suggested to recode or change these registers to remove the reset or use a synchronous reset to get the best optimization for performance, power and area.
Related violations: <none>

DPOR-1#11 Warning
Asynchronous load check  
DSP i_ariane/i_cva6/ex_stage_i/i_mult/i_multiplier/mult_result_d output is connected to registers with an asynchronous reset (i_ariane/i_cva6/ex_stage_i/i_mult/i_multiplier/mult_result_q_reg[3]). This is preventing the possibility of merging these registers in to the DSP Block since the DSP block registers only possess synchronous reset capability.  It is suggested to recode or change these registers to remove the reset or use a synchronous reset to get the best optimization for performance, power and area.
Related violations: <none>

DPOR-1#12 Warning
Asynchronous load check  
DSP i_ariane/i_cva6/ex_stage_i/i_mult/i_multiplier/mult_result_d output is connected to registers with an asynchronous reset (i_ariane/i_cva6/ex_stage_i/i_mult/i_multiplier/mult_result_q_reg[4]). This is preventing the possibility of merging these registers in to the DSP Block since the DSP block registers only possess synchronous reset capability.  It is suggested to recode or change these registers to remove the reset or use a synchronous reset to get the best optimization for performance, power and area.
Related violations: <none>

DPOR-1#13 Warning
Asynchronous load check  
DSP i_ariane/i_cva6/ex_stage_i/i_mult/i_multiplier/mult_result_d output is connected to registers with an asynchronous reset (i_ariane/i_cva6/ex_stage_i/i_mult/i_multiplier/mult_result_q_reg[5]). This is preventing the possibility of merging these registers in to the DSP Block since the DSP block registers only possess synchronous reset capability.  It is suggested to recode or change these registers to remove the reset or use a synchronous reset to get the best optimization for performance, power and area.
Related violations: <none>

DPOR-1#14 Warning
Asynchronous load check  
DSP i_ariane/i_cva6/ex_stage_i/i_mult/i_multiplier/mult_result_d output is connected to registers with an asynchronous reset (i_ariane/i_cva6/ex_stage_i/i_mult/i_multiplier/mult_result_q_reg[6]). This is preventing the possibility of merging these registers in to the DSP Block since the DSP block registers only possess synchronous reset capability.  It is suggested to recode or change these registers to remove the reset or use a synchronous reset to get the best optimization for performance, power and area.
Related violations: <none>

DPOR-1#15 Warning
Asynchronous load check  
DSP i_ariane/i_cva6/ex_stage_i/i_mult/i_multiplier/mult_result_d output is connected to registers with an asynchronous reset (i_ariane/i_cva6/ex_stage_i/i_mult/i_multiplier/mult_result_q_reg[7]). This is preventing the possibility of merging these registers in to the DSP Block since the DSP block registers only possess synchronous reset capability.  It is suggested to recode or change these registers to remove the reset or use a synchronous reset to get the best optimization for performance, power and area.
Related violations: <none>

DPOR-1#16 Warning
Asynchronous load check  
DSP i_ariane/i_cva6/ex_stage_i/i_mult/i_multiplier/mult_result_d output is connected to registers with an asynchronous reset (i_ariane/i_cva6/ex_stage_i/i_mult/i_multiplier/mult_result_q_reg[8]). This is preventing the possibility of merging these registers in to the DSP Block since the DSP block registers only possess synchronous reset capability.  It is suggested to recode or change these registers to remove the reset or use a synchronous reset to get the best optimization for performance, power and area.
Related violations: <none>

DPOR-1#17 Warning
Asynchronous load check  
DSP i_ariane/i_cva6/ex_stage_i/i_mult/i_multiplier/mult_result_d output is connected to registers with an asynchronous reset (i_ariane/i_cva6/ex_stage_i/i_mult/i_multiplier/mult_result_q_reg[9]). This is preventing the possibility of merging these registers in to the DSP Block since the DSP block registers only possess synchronous reset capability.  It is suggested to recode or change these registers to remove the reset or use a synchronous reset to get the best optimization for performance, power and area.
Related violations: <none>

DPOR-1#18 Warning
Asynchronous load check  
DSP i_ariane/i_cva6/ex_stage_i/i_mult/i_multiplier/mult_result_d__1 output is connected to registers with an asynchronous reset (i_ariane/i_cva6/ex_stage_i/i_mult/i_multiplier/mult_result_q_reg[0]__1). This is preventing the possibility of merging these registers in to the DSP Block since the DSP block registers only possess synchronous reset capability.  It is suggested to recode or change these registers to remove the reset or use a synchronous reset to get the best optimization for performance, power and area.
Related violations: <none>

DPOR-1#19 Warning
Asynchronous load check  
DSP i_ariane/i_cva6/ex_stage_i/i_mult/i_multiplier/mult_result_d__1 output is connected to registers with an asynchronous reset (i_ariane/i_cva6/ex_stage_i/i_mult/i_multiplier/mult_result_q_reg[10]__1). This is preventing the possibility of merging these registers in to the DSP Block since the DSP block registers only possess synchronous reset capability.  It is suggested to recode or change these registers to remove the reset or use a synchronous reset to get the best optimization for performance, power and area.
Related violations: <none>

DPOR-1#20 Warning
Asynchronous load check  
DSP i_ariane/i_cva6/ex_stage_i/i_mult/i_multiplier/mult_result_d__1 output is connected to registers with an asynchronous reset (i_ariane/i_cva6/ex_stage_i/i_mult/i_multiplier/mult_result_q_reg[11]__1). This is preventing the possibility of merging these registers in to the DSP Block since the DSP block registers only possess synchronous reset capability.  It is suggested to recode or change these registers to remove the reset or use a synchronous reset to get the best optimization for performance, power and area.
Related violations: <none>

DPOR-1#21 Warning
Asynchronous load check  
DSP i_ariane/i_cva6/ex_stage_i/i_mult/i_multiplier/mult_result_d__1 output is connected to registers with an asynchronous reset (i_ariane/i_cva6/ex_stage_i/i_mult/i_multiplier/mult_result_q_reg[12]__1). This is preventing the possibility of merging these registers in to the DSP Block since the DSP block registers only possess synchronous reset capability.  It is suggested to recode or change these registers to remove the reset or use a synchronous reset to get the best optimization for performance, power and area.
Related violations: <none>

DPOR-1#22 Warning
Asynchronous load check  
DSP i_ariane/i_cva6/ex_stage_i/i_mult/i_multiplier/mult_result_d__1 output is connected to registers with an asynchronous reset (i_ariane/i_cva6/ex_stage_i/i_mult/i_multiplier/mult_result_q_reg[13]__1). This is preventing the possibility of merging these registers in to the DSP Block since the DSP block registers only possess synchronous reset capability.  It is suggested to recode or change these registers to remove the reset or use a synchronous reset to get the best optimization for performance, power and area.
Related violations: <none>

DPOR-1#23 Warning
Asynchronous load check  
DSP i_ariane/i_cva6/ex_stage_i/i_mult/i_multiplier/mult_result_d__1 output is connected to registers with an asynchronous reset (i_ariane/i_cva6/ex_stage_i/i_mult/i_multiplier/mult_result_q_reg[14]__1). This is preventing the possibility of merging these registers in to the DSP Block since the DSP block registers only possess synchronous reset capability.  It is suggested to recode or change these registers to remove the reset or use a synchronous reset to get the best optimization for performance, power and area.
Related violations: <none>

DPOR-1#24 Warning
Asynchronous load check  
DSP i_ariane/i_cva6/ex_stage_i/i_mult/i_multiplier/mult_result_d__1 output is connected to registers with an asynchronous reset (i_ariane/i_cva6/ex_stage_i/i_mult/i_multiplier/mult_result_q_reg[15]__1). This is preventing the possibility of merging these registers in to the DSP Block since the DSP block registers only possess synchronous reset capability.  It is suggested to recode or change these registers to remove the reset or use a synchronous reset to get the best optimization for performance, power and area.
Related violations: <none>

DPOR-1#25 Warning
Asynchronous load check  
DSP i_ariane/i_cva6/ex_stage_i/i_mult/i_multiplier/mult_result_d__1 output is connected to registers with an asynchronous reset (i_ariane/i_cva6/ex_stage_i/i_mult/i_multiplier/mult_result_q_reg[16]__1). This is preventing the possibility of merging these registers in to the DSP Block since the DSP block registers only possess synchronous reset capability.  It is suggested to recode or change these registers to remove the reset or use a synchronous reset to get the best optimization for performance, power and area.
Related violations: <none>

DPOR-1#26 Warning
Asynchronous load check  
DSP i_ariane/i_cva6/ex_stage_i/i_mult/i_multiplier/mult_result_d__1 output is connected to registers with an asynchronous reset (i_ariane/i_cva6/ex_stage_i/i_mult/i_multiplier/mult_result_q_reg[1]__1). This is preventing the possibility of merging these registers in to the DSP Block since the DSP block registers only possess synchronous reset capability.  It is suggested to recode or change these registers to remove the reset or use a synchronous reset to get the best optimization for performance, power and area.
Related violations: <none>

DPOR-1#27 Warning
Asynchronous load check  
DSP i_ariane/i_cva6/ex_stage_i/i_mult/i_multiplier/mult_result_d__1 output is connected to registers with an asynchronous reset (i_ariane/i_cva6/ex_stage_i/i_mult/i_multiplier/mult_result_q_reg[2]__1). This is preventing the possibility of merging these registers in to the DSP Block since the DSP block registers only possess synchronous reset capability.  It is suggested to recode or change these registers to remove the reset or use a synchronous reset to get the best optimization for performance, power and area.
Related violations: <none>

DPOR-1#28 Warning
Asynchronous load check  
DSP i_ariane/i_cva6/ex_stage_i/i_mult/i_multiplier/mult_result_d__1 output is connected to registers with an asynchronous reset (i_ariane/i_cva6/ex_stage_i/i_mult/i_multiplier/mult_result_q_reg[3]__1). This is preventing the possibility of merging these registers in to the DSP Block since the DSP block registers only possess synchronous reset capability.  It is suggested to recode or change these registers to remove the reset or use a synchronous reset to get the best optimization for performance, power and area.
Related violations: <none>

DPOR-1#29 Warning
Asynchronous load check  
DSP i_ariane/i_cva6/ex_stage_i/i_mult/i_multiplier/mult_result_d__1 output is connected to registers with an asynchronous reset (i_ariane/i_cva6/ex_stage_i/i_mult/i_multiplier/mult_result_q_reg[4]__1). This is preventing the possibility of merging these registers in to the DSP Block since the DSP block registers only possess synchronous reset capability.  It is suggested to recode or change these registers to remove the reset or use a synchronous reset to get the best optimization for performance, power and area.
Related violations: <none>

DPOR-1#30 Warning
Asynchronous load check  
DSP i_ariane/i_cva6/ex_stage_i/i_mult/i_multiplier/mult_result_d__1 output is connected to registers with an asynchronous reset (i_ariane/i_cva6/ex_stage_i/i_mult/i_multiplier/mult_result_q_reg[5]__1). This is preventing the possibility of merging these registers in to the DSP Block since the DSP block registers only possess synchronous reset capability.  It is suggested to recode or change these registers to remove the reset or use a synchronous reset to get the best optimization for performance, power and area.
Related violations: <none>

DPOR-1#31 Warning
Asynchronous load check  
DSP i_ariane/i_cva6/ex_stage_i/i_mult/i_multiplier/mult_result_d__1 output is connected to registers with an asynchronous reset (i_ariane/i_cva6/ex_stage_i/i_mult/i_multiplier/mult_result_q_reg[6]__1). This is preventing the possibility of merging these registers in to the DSP Block since the DSP block registers only possess synchronous reset capability.  It is suggested to recode or change these registers to remove the reset or use a synchronous reset to get the best optimization for performance, power and area.
Related violations: <none>

DPOR-1#32 Warning
Asynchronous load check  
DSP i_ariane/i_cva6/ex_stage_i/i_mult/i_multiplier/mult_result_d__1 output is connected to registers with an asynchronous reset (i_ariane/i_cva6/ex_stage_i/i_mult/i_multiplier/mult_result_q_reg[7]__1). This is preventing the possibility of merging these registers in to the DSP Block since the DSP block registers only possess synchronous reset capability.  It is suggested to recode or change these registers to remove the reset or use a synchronous reset to get the best optimization for performance, power and area.
Related violations: <none>

DPOR-1#33 Warning
Asynchronous load check  
DSP i_ariane/i_cva6/ex_stage_i/i_mult/i_multiplier/mult_result_d__1 output is connected to registers with an asynchronous reset (i_ariane/i_cva6/ex_stage_i/i_mult/i_multiplier/mult_result_q_reg[8]__1). This is preventing the possibility of merging these registers in to the DSP Block since the DSP block registers only possess synchronous reset capability.  It is suggested to recode or change these registers to remove the reset or use a synchronous reset to get the best optimization for performance, power and area.
Related violations: <none>

DPOR-1#34 Warning
Asynchronous load check  
DSP i_ariane/i_cva6/ex_stage_i/i_mult/i_multiplier/mult_result_d__1 output is connected to registers with an asynchronous reset (i_ariane/i_cva6/ex_stage_i/i_mult/i_multiplier/mult_result_q_reg[9]__1). This is preventing the possibility of merging these registers in to the DSP Block since the DSP block registers only possess synchronous reset capability.  It is suggested to recode or change these registers to remove the reset or use a synchronous reset to get the best optimization for performance, power and area.
Related violations: <none>

PLCK-12#1 Warning
Clock Placer Checks  
Poor placement for routing between an IO pin and BUFG. 
Resolution: Poor placement of an IO pin and a BUFG has resulted in the router using a non-dedicated path between the two.  There are several things that could trigger this DRC, each of which can cause unpredictable clock insertion delays that result in poor timing.  This DRC could be caused by any of the following: (a) a clock port was placed on a pin that is not a CCIO-pin (b)the BUFG has not been placed in the same half of the device or SLR as the CCIO-pin (c) a single ended clock has been placed on the N-Side of a differential pair CCIO-pin.
 This is normally an ERROR but the CLOCK_DEDICATED_ROUTE constraint is set to FALSE allowing your design to continue. The use of this override is highly discouraged as it may lead to very poor timing results. It is recommended that this error condition be corrected in the design.

	tck_IBUF_inst (IBUF.O) is locked to H15
	tck_IBUF_BUFG_inst (BUFG.I) cannot be placed

Related violations: <none>

REQP-1839#1 Warning
RAMB36 async control check  
The RAMB36E1 i_ariane/i_cva6/gen_cache_hpd.i_cache_subsystem/i_cva6_icache/gen_sram[0].data_sram/data_sram/gen_cut[0].i_tc_sram_wrapper/i_ram/Mem_DP_reg has an input control pin i_ariane/i_cva6/gen_cache_hpd.i_cache_subsystem/i_cva6_icache/gen_sram[0].data_sram/data_sram/gen_cut[0].i_tc_sram_wrapper/i_ram/Mem_DP_reg/ADDRARDADDR[13] (net: i_ariane/i_cva6/gen_cache_hpd.i_cache_subsystem/i_cva6_icache/gen_sram[0].data_sram/data_sram/gen_cut[0].i_tc_sram_wrapper/i_ram/ADDRBWRADDR[7]) which is driven by a register (i_ariane/i_cva6/csr_regfile_i/pmpaddr_q_reg[5][15]) that has an active asychronous set or reset. This may cause corruption of the memory contents and/or read values when the set/reset is asserted and is not analyzed by the default static timing analysis. It is suggested to eliminate the use of a set/reset to registers driving this RAMB pin or else use a synchronous reset in which the assertion of the reset is timed by default.
Related violations: <none>

REQP-1839#2 Warning
RAMB36 async control check  
The RAMB36E1 i_ariane/i_cva6/gen_cache_hpd.i_cache_subsystem/i_cva6_icache/gen_sram[0].data_sram/data_sram/gen_cut[0].i_tc_sram_wrapper/i_ram/Mem_DP_reg has an input control pin i_ariane/i_cva6/gen_cache_hpd.i_cache_subsystem/i_cva6_icache/gen_sram[0].data_sram/data_sram/gen_cut[0].i_tc_sram_wrapper/i_ram/Mem_DP_reg/ADDRARDADDR[13] (net: i_ariane/i_cva6/gen_cache_hpd.i_cache_subsystem/i_cva6_icache/gen_sram[0].data_sram/data_sram/gen_cut[0].i_tc_sram_wrapper/i_ram/ADDRBWRADDR[7]) which is driven by a register (i_ariane/i_cva6/csr_regfile_i/pmpaddr_q_reg[5][16]) that has an active asychronous set or reset. This may cause corruption of the memory contents and/or read values when the set/reset is asserted and is not analyzed by the default static timing analysis. It is suggested to eliminate the use of a set/reset to registers driving this RAMB pin or else use a synchronous reset in which the assertion of the reset is timed by default.
Related violations: <none>

REQP-1839#3 Warning
RAMB36 async control check  
The RAMB36E1 i_ariane/i_cva6/gen_cache_hpd.i_cache_subsystem/i_cva6_icache/gen_sram[0].data_sram/data_sram/gen_cut[0].i_tc_sram_wrapper/i_ram/Mem_DP_reg has an input control pin i_ariane/i_cva6/gen_cache_hpd.i_cache_subsystem/i_cva6_icache/gen_sram[0].data_sram/data_sram/gen_cut[0].i_tc_sram_wrapper/i_ram/Mem_DP_reg/ADDRARDADDR[13] (net: i_ariane/i_cva6/gen_cache_hpd.i_cache_subsystem/i_cva6_icache/gen_sram[0].data_sram/data_sram/gen_cut[0].i_tc_sram_wrapper/i_ram/ADDRBWRADDR[7]) which is driven by a register (i_ariane/i_cva6/csr_regfile_i/pmpaddr_q_reg[5][17]) that has an active asychronous set or reset. This may cause corruption of the memory contents and/or read values when the set/reset is asserted and is not analyzed by the default static timing analysis. It is suggested to eliminate the use of a set/reset to registers driving this RAMB pin or else use a synchronous reset in which the assertion of the reset is timed by default.
Related violations: <none>

REQP-1839#4 Warning
RAMB36 async control check  
The RAMB36E1 i_ariane/i_cva6/gen_cache_hpd.i_cache_subsystem/i_cva6_icache/gen_sram[0].data_sram/data_sram/gen_cut[0].i_tc_sram_wrapper/i_ram/Mem_DP_reg has an input control pin i_ariane/i_cva6/gen_cache_hpd.i_cache_subsystem/i_cva6_icache/gen_sram[0].data_sram/data_sram/gen_cut[0].i_tc_sram_wrapper/i_ram/Mem_DP_reg/ADDRARDADDR[13] (net: i_ariane/i_cva6/gen_cache_hpd.i_cache_subsystem/i_cva6_icache/gen_sram[0].data_sram/data_sram/gen_cut[0].i_tc_sram_wrapper/i_ram/ADDRBWRADDR[7]) which is driven by a register (i_ariane/i_cva6/csr_regfile_i/pmpaddr_q_reg[5][18]) that has an active asychronous set or reset. This may cause corruption of the memory contents and/or read values when the set/reset is asserted and is not analyzed by the default static timing analysis. It is suggested to eliminate the use of a set/reset to registers driving this RAMB pin or else use a synchronous reset in which the assertion of the reset is timed by default.
Related violations: <none>

REQP-1839#5 Warning
RAMB36 async control check  
The RAMB36E1 i_ariane/i_cva6/gen_cache_hpd.i_cache_subsystem/i_cva6_icache/gen_sram[0].data_sram/data_sram/gen_cut[0].i_tc_sram_wrapper/i_ram/Mem_DP_reg has an input control pin i_ariane/i_cva6/gen_cache_hpd.i_cache_subsystem/i_cva6_icache/gen_sram[0].data_sram/data_sram/gen_cut[0].i_tc_sram_wrapper/i_ram/Mem_DP_reg/ADDRARDADDR[13] (net: i_ariane/i_cva6/gen_cache_hpd.i_cache_subsystem/i_cva6_icache/gen_sram[0].data_sram/data_sram/gen_cut[0].i_tc_sram_wrapper/i_ram/ADDRBWRADDR[7]) which is driven by a register (i_ariane/i_cva6/csr_regfile_i/pmpaddr_q_reg[5][19]) that has an active asychronous set or reset. This may cause corruption of the memory contents and/or read values when the set/reset is asserted and is not analyzed by the default static timing analysis. It is suggested to eliminate the use of a set/reset to registers driving this RAMB pin or else use a synchronous reset in which the assertion of the reset is timed by default.
Related violations: <none>

REQP-1839#6 Warning
RAMB36 async control check  
The RAMB36E1 i_ariane/i_cva6/gen_cache_hpd.i_cache_subsystem/i_cva6_icache/gen_sram[0].data_sram/data_sram/gen_cut[0].i_tc_sram_wrapper/i_ram/Mem_DP_reg has an input control pin i_ariane/i_cva6/gen_cache_hpd.i_cache_subsystem/i_cva6_icache/gen_sram[0].data_sram/data_sram/gen_cut[0].i_tc_sram_wrapper/i_ram/Mem_DP_reg/ADDRARDADDR[13] (net: i_ariane/i_cva6/gen_cache_hpd.i_cache_subsystem/i_cva6_icache/gen_sram[0].data_sram/data_sram/gen_cut[0].i_tc_sram_wrapper/i_ram/ADDRBWRADDR[7]) which is driven by a register (i_ariane/i_cva6/csr_regfile_i/pmpaddr_q_reg[5][1]) that has an active asychronous set or reset. This may cause corruption of the memory contents and/or read values when the set/reset is asserted and is not analyzed by the default static timing analysis. It is suggested to eliminate the use of a set/reset to registers driving this RAMB pin or else use a synchronous reset in which the assertion of the reset is timed by default.
Related violations: <none>

REQP-1839#7 Warning
RAMB36 async control check  
The RAMB36E1 i_ariane/i_cva6/gen_cache_hpd.i_cache_subsystem/i_cva6_icache/gen_sram[0].data_sram/data_sram/gen_cut[0].i_tc_sram_wrapper/i_ram/Mem_DP_reg has an input control pin i_ariane/i_cva6/gen_cache_hpd.i_cache_subsystem/i_cva6_icache/gen_sram[0].data_sram/data_sram/gen_cut[0].i_tc_sram_wrapper/i_ram/Mem_DP_reg/ADDRARDADDR[13] (net: i_ariane/i_cva6/gen_cache_hpd.i_cache_subsystem/i_cva6_icache/gen_sram[0].data_sram/data_sram/gen_cut[0].i_tc_sram_wrapper/i_ram/ADDRBWRADDR[7]) which is driven by a register (i_ariane/i_cva6/csr_regfile_i/pmpaddr_q_reg[5][20]) that has an active asychronous set or reset. This may cause corruption of the memory contents and/or read values when the set/reset is asserted and is not analyzed by the default static timing analysis. It is suggested to eliminate the use of a set/reset to registers driving this RAMB pin or else use a synchronous reset in which the assertion of the reset is timed by default.
Related violations: <none>

REQP-1839#8 Warning
RAMB36 async control check  
The RAMB36E1 i_ariane/i_cva6/gen_cache_hpd.i_cache_subsystem/i_cva6_icache/gen_sram[0].data_sram/data_sram/gen_cut[0].i_tc_sram_wrapper/i_ram/Mem_DP_reg has an input control pin i_ariane/i_cva6/gen_cache_hpd.i_cache_subsystem/i_cva6_icache/gen_sram[0].data_sram/data_sram/gen_cut[0].i_tc_sram_wrapper/i_ram/Mem_DP_reg/ADDRARDADDR[13] (net: i_ariane/i_cva6/gen_cache_hpd.i_cache_subsystem/i_cva6_icache/gen_sram[0].data_sram/data_sram/gen_cut[0].i_tc_sram_wrapper/i_ram/ADDRBWRADDR[7]) which is driven by a register (i_ariane/i_cva6/csr_regfile_i/pmpaddr_q_reg[5][21]) that has an active asychronous set or reset. This may cause corruption of the memory contents and/or read values when the set/reset is asserted and is not analyzed by the default static timing analysis. It is suggested to eliminate the use of a set/reset to registers driving this RAMB pin or else use a synchronous reset in which the assertion of the reset is timed by default.
Related violations: <none>

REQP-1839#9 Warning
RAMB36 async control check  
The RAMB36E1 i_ariane/i_cva6/gen_cache_hpd.i_cache_subsystem/i_cva6_icache/gen_sram[0].data_sram/data_sram/gen_cut[0].i_tc_sram_wrapper/i_ram/Mem_DP_reg has an input control pin i_ariane/i_cva6/gen_cache_hpd.i_cache_subsystem/i_cva6_icache/gen_sram[0].data_sram/data_sram/gen_cut[0].i_tc_sram_wrapper/i_ram/Mem_DP_reg/ADDRARDADDR[13] (net: i_ariane/i_cva6/gen_cache_hpd.i_cache_subsystem/i_cva6_icache/gen_sram[0].data_sram/data_sram/gen_cut[0].i_tc_sram_wrapper/i_ram/ADDRBWRADDR[7]) which is driven by a register (i_ariane/i_cva6/csr_regfile_i/pmpaddr_q_reg[5][22]) that has an active asychronous set or reset. This may cause corruption of the memory contents and/or read values when the set/reset is asserted and is not analyzed by the default static timing analysis. It is suggested to eliminate the use of a set/reset to registers driving this RAMB pin or else use a synchronous reset in which the assertion of the reset is timed by default.
Related violations: <none>

REQP-1839#10 Warning
RAMB36 async control check  
The RAMB36E1 i_ariane/i_cva6/gen_cache_hpd.i_cache_subsystem/i_cva6_icache/gen_sram[0].data_sram/data_sram/gen_cut[0].i_tc_sram_wrapper/i_ram/Mem_DP_reg has an input control pin i_ariane/i_cva6/gen_cache_hpd.i_cache_subsystem/i_cva6_icache/gen_sram[0].data_sram/data_sram/gen_cut[0].i_tc_sram_wrapper/i_ram/Mem_DP_reg/ADDRARDADDR[13] (net: i_ariane/i_cva6/gen_cache_hpd.i_cache_subsystem/i_cva6_icache/gen_sram[0].data_sram/data_sram/gen_cut[0].i_tc_sram_wrapper/i_ram/ADDRBWRADDR[7]) which is driven by a register (i_ariane/i_cva6/csr_regfile_i/pmpaddr_q_reg[5][23]) that has an active asychronous set or reset. This may cause corruption of the memory contents and/or read values when the set/reset is asserted and is not analyzed by the default static timing analysis. It is suggested to eliminate the use of a set/reset to registers driving this RAMB pin or else use a synchronous reset in which the assertion of the reset is timed by default.
Related violations: <none>

REQP-1839#11 Warning
RAMB36 async control check  
The RAMB36E1 i_ariane/i_cva6/gen_cache_hpd.i_cache_subsystem/i_cva6_icache/gen_sram[0].data_sram/data_sram/gen_cut[0].i_tc_sram_wrapper/i_ram/Mem_DP_reg has an input control pin i_ariane/i_cva6/gen_cache_hpd.i_cache_subsystem/i_cva6_icache/gen_sram[0].data_sram/data_sram/gen_cut[0].i_tc_sram_wrapper/i_ram/Mem_DP_reg/ADDRARDADDR[13] (net: i_ariane/i_cva6/gen_cache_hpd.i_cache_subsystem/i_cva6_icache/gen_sram[0].data_sram/data_sram/gen_cut[0].i_tc_sram_wrapper/i_ram/ADDRBWRADDR[7]) which is driven by a register (i_ariane/i_cva6/csr_regfile_i/pmpaddr_q_reg[5][24]) that has an active asychronous set or reset. This may cause corruption of the memory contents and/or read values when the set/reset is asserted and is not analyzed by the default static timing analysis. It is suggested to eliminate the use of a set/reset to registers driving this RAMB pin or else use a synchronous reset in which the assertion of the reset is timed by default.
Related violations: <none>

REQP-1839#12 Warning
RAMB36 async control check  
The RAMB36E1 i_ariane/i_cva6/gen_cache_hpd.i_cache_subsystem/i_cva6_icache/gen_sram[0].data_sram/data_sram/gen_cut[0].i_tc_sram_wrapper/i_ram/Mem_DP_reg has an input control pin i_ariane/i_cva6/gen_cache_hpd.i_cache_subsystem/i_cva6_icache/gen_sram[0].data_sram/data_sram/gen_cut[0].i_tc_sram_wrapper/i_ram/Mem_DP_reg/ADDRARDADDR[13] (net: i_ariane/i_cva6/gen_cache_hpd.i_cache_subsystem/i_cva6_icache/gen_sram[0].data_sram/data_sram/gen_cut[0].i_tc_sram_wrapper/i_ram/ADDRBWRADDR[7]) which is driven by a register (i_ariane/i_cva6/csr_regfile_i/pmpaddr_q_reg[5][25]) that has an active asychronous set or reset. This may cause corruption of the memory contents and/or read values when the set/reset is asserted and is not analyzed by the default static timing analysis. It is suggested to eliminate the use of a set/reset to registers driving this RAMB pin or else use a synchronous reset in which the assertion of the reset is timed by default.
Related violations: <none>

REQP-1839#13 Warning
RAMB36 async control check  
The RAMB36E1 i_ariane/i_cva6/gen_cache_hpd.i_cache_subsystem/i_cva6_icache/gen_sram[0].data_sram/data_sram/gen_cut[0].i_tc_sram_wrapper/i_ram/Mem_DP_reg has an input control pin i_ariane/i_cva6/gen_cache_hpd.i_cache_subsystem/i_cva6_icache/gen_sram[0].data_sram/data_sram/gen_cut[0].i_tc_sram_wrapper/i_ram/Mem_DP_reg/ADDRARDADDR[13] (net: i_ariane/i_cva6/gen_cache_hpd.i_cache_subsystem/i_cva6_icache/gen_sram[0].data_sram/data_sram/gen_cut[0].i_tc_sram_wrapper/i_ram/ADDRBWRADDR[7]) which is driven by a register (i_ariane/i_cva6/csr_regfile_i/pmpaddr_q_reg[5][26]) that has an active asychronous set or reset. This may cause corruption of the memory contents and/or read values when the set/reset is asserted and is not analyzed by the default static timing analysis. It is suggested to eliminate the use of a set/reset to registers driving this RAMB pin or else use a synchronous reset in which the assertion of the reset is timed by default.
Related violations: <none>

REQP-1839#14 Warning
RAMB36 async control check  
The RAMB36E1 i_ariane/i_cva6/gen_cache_hpd.i_cache_subsystem/i_cva6_icache/gen_sram[0].data_sram/data_sram/gen_cut[0].i_tc_sram_wrapper/i_ram/Mem_DP_reg has an input control pin i_ariane/i_cva6/gen_cache_hpd.i_cache_subsystem/i_cva6_icache/gen_sram[0].data_sram/data_sram/gen_cut[0].i_tc_sram_wrapper/i_ram/Mem_DP_reg/ADDRARDADDR[13] (net: i_ariane/i_cva6/gen_cache_hpd.i_cache_subsystem/i_cva6_icache/gen_sram[0].data_sram/data_sram/gen_cut[0].i_tc_sram_wrapper/i_ram/ADDRBWRADDR[7]) which is driven by a register (i_ariane/i_cva6/csr_regfile_i/pmpaddr_q_reg[5][27]) that has an active asychronous set or reset. This may cause corruption of the memory contents and/or read values when the set/reset is asserted and is not analyzed by the default static timing analysis. It is suggested to eliminate the use of a set/reset to registers driving this RAMB pin or else use a synchronous reset in which the assertion of the reset is timed by default.
Related violations: <none>

REQP-1839#15 Warning
RAMB36 async control check  
The RAMB36E1 i_ariane/i_cva6/gen_cache_hpd.i_cache_subsystem/i_cva6_icache/gen_sram[0].data_sram/data_sram/gen_cut[0].i_tc_sram_wrapper/i_ram/Mem_DP_reg has an input control pin i_ariane/i_cva6/gen_cache_hpd.i_cache_subsystem/i_cva6_icache/gen_sram[0].data_sram/data_sram/gen_cut[0].i_tc_sram_wrapper/i_ram/Mem_DP_reg/ADDRARDADDR[13] (net: i_ariane/i_cva6/gen_cache_hpd.i_cache_subsystem/i_cva6_icache/gen_sram[0].data_sram/data_sram/gen_cut[0].i_tc_sram_wrapper/i_ram/ADDRBWRADDR[7]) which is driven by a register (i_ariane/i_cva6/csr_regfile_i/pmpaddr_q_reg[5][28]) that has an active asychronous set or reset. This may cause corruption of the memory contents and/or read values when the set/reset is asserted and is not analyzed by the default static timing analysis. It is suggested to eliminate the use of a set/reset to registers driving this RAMB pin or else use a synchronous reset in which the assertion of the reset is timed by default.
Related violations: <none>

REQP-1839#16 Warning
RAMB36 async control check  
The RAMB36E1 i_ariane/i_cva6/gen_cache_hpd.i_cache_subsystem/i_cva6_icache/gen_sram[0].data_sram/data_sram/gen_cut[0].i_tc_sram_wrapper/i_ram/Mem_DP_reg has an input control pin i_ariane/i_cva6/gen_cache_hpd.i_cache_subsystem/i_cva6_icache/gen_sram[0].data_sram/data_sram/gen_cut[0].i_tc_sram_wrapper/i_ram/Mem_DP_reg/ADDRARDADDR[13] (net: i_ariane/i_cva6/gen_cache_hpd.i_cache_subsystem/i_cva6_icache/gen_sram[0].data_sram/data_sram/gen_cut[0].i_tc_sram_wrapper/i_ram/ADDRBWRADDR[7]) which is driven by a register (i_ariane/i_cva6/csr_regfile_i/pmpaddr_q_reg[5][29]) that has an active asychronous set or reset. This may cause corruption of the memory contents and/or read values when the set/reset is asserted and is not analyzed by the default static timing analysis. It is suggested to eliminate the use of a set/reset to registers driving this RAMB pin or else use a synchronous reset in which the assertion of the reset is timed by default.
Related violations: <none>

REQP-1839#17 Warning
RAMB36 async control check  
The RAMB36E1 i_ariane/i_cva6/gen_cache_hpd.i_cache_subsystem/i_cva6_icache/gen_sram[0].data_sram/data_sram/gen_cut[0].i_tc_sram_wrapper/i_ram/Mem_DP_reg has an input control pin i_ariane/i_cva6/gen_cache_hpd.i_cache_subsystem/i_cva6_icache/gen_sram[0].data_sram/data_sram/gen_cut[0].i_tc_sram_wrapper/i_ram/Mem_DP_reg/ADDRARDADDR[13] (net: i_ariane/i_cva6/gen_cache_hpd.i_cache_subsystem/i_cva6_icache/gen_sram[0].data_sram/data_sram/gen_cut[0].i_tc_sram_wrapper/i_ram/ADDRBWRADDR[7]) which is driven by a register (i_ariane/i_cva6/csr_regfile_i/pmpaddr_q_reg[5][2]) that has an active asychronous set or reset. This may cause corruption of the memory contents and/or read values when the set/reset is asserted and is not analyzed by the default static timing analysis. It is suggested to eliminate the use of a set/reset to registers driving this RAMB pin or else use a synchronous reset in which the assertion of the reset is timed by default.
Related violations: <none>

REQP-1839#18 Warning
RAMB36 async control check  
The RAMB36E1 i_ariane/i_cva6/gen_cache_hpd.i_cache_subsystem/i_cva6_icache/gen_sram[0].data_sram/data_sram/gen_cut[0].i_tc_sram_wrapper/i_ram/Mem_DP_reg has an input control pin i_ariane/i_cva6/gen_cache_hpd.i_cache_subsystem/i_cva6_icache/gen_sram[0].data_sram/data_sram/gen_cut[0].i_tc_sram_wrapper/i_ram/Mem_DP_reg/ADDRARDADDR[13] (net: i_ariane/i_cva6/gen_cache_hpd.i_cache_subsystem/i_cva6_icache/gen_sram[0].data_sram/data_sram/gen_cut[0].i_tc_sram_wrapper/i_ram/ADDRBWRADDR[7]) which is driven by a register (i_ariane/i_cva6/csr_regfile_i/pmpaddr_q_reg[5][31]) that has an active asychronous set or reset. This may cause corruption of the memory contents and/or read values when the set/reset is asserted and is not analyzed by the default static timing analysis. It is suggested to eliminate the use of a set/reset to registers driving this RAMB pin or else use a synchronous reset in which the assertion of the reset is timed by default.
Related violations: <none>

REQP-1839#19 Warning
RAMB36 async control check  
The RAMB36E1 i_ariane/i_cva6/gen_cache_hpd.i_cache_subsystem/i_cva6_icache/gen_sram[0].data_sram/data_sram/gen_cut[0].i_tc_sram_wrapper/i_ram/Mem_DP_reg has an input control pin i_ariane/i_cva6/gen_cache_hpd.i_cache_subsystem/i_cva6_icache/gen_sram[0].data_sram/data_sram/gen_cut[0].i_tc_sram_wrapper/i_ram/Mem_DP_reg/ADDRARDADDR[13] (net: i_ariane/i_cva6/gen_cache_hpd.i_cache_subsystem/i_cva6_icache/gen_sram[0].data_sram/data_sram/gen_cut[0].i_tc_sram_wrapper/i_ram/ADDRBWRADDR[7]) which is driven by a register (i_ariane/i_cva6/csr_regfile_i/pmpaddr_q_reg[6][14]) that has an active asychronous set or reset. This may cause corruption of the memory contents and/or read values when the set/reset is asserted and is not analyzed by the default static timing analysis. It is suggested to eliminate the use of a set/reset to registers driving this RAMB pin or else use a synchronous reset in which the assertion of the reset is timed by default.
Related violations: <none>

REQP-1839#20 Warning
RAMB36 async control check  
The RAMB36E1 i_ariane/i_cva6/gen_cache_hpd.i_cache_subsystem/i_cva6_icache/gen_sram[0].data_sram/data_sram/gen_cut[0].i_tc_sram_wrapper/i_ram/Mem_DP_reg has an input control pin i_ariane/i_cva6/gen_cache_hpd.i_cache_subsystem/i_cva6_icache/gen_sram[0].data_sram/data_sram/gen_cut[0].i_tc_sram_wrapper/i_ram/Mem_DP_reg/ADDRARDADDR[13] (net: i_ariane/i_cva6/gen_cache_hpd.i_cache_subsystem/i_cva6_icache/gen_sram[0].data_sram/data_sram/gen_cut[0].i_tc_sram_wrapper/i_ram/ADDRBWRADDR[7]) which is driven by a register (i_ariane/i_cva6/csr_regfile_i/wfi_q_reg) that has an active asychronous set or reset. This may cause corruption of the memory contents and/or read values when the set/reset is asserted and is not analyzed by the default static timing analysis. It is suggested to eliminate the use of a set/reset to registers driving this RAMB pin or else use a synchronous reset in which the assertion of the reset is timed by default.
Related violations: <none>

REQP-1840#1 Warning
RAMB18 async control check  
The RAMB18E1 i_ariane/i_cva6/i_frontend/btb_gen.i_btb/gen_fpga_btb.gen_btb_ram[0].i_btb_ram/Mem_DP_reg has an input control pin i_ariane/i_cva6/i_frontend/btb_gen.i_btb/gen_fpga_btb.gen_btb_ram[0].i_btb_ram/Mem_DP_reg/ADDRARDADDR[5] (net: i_ariane/i_cva6/i_frontend/btb_gen.i_btb/gen_fpga_btb.gen_btb_ram[0].i_btb_ram/Mem_DP_reg_0[0]) which is driven by a register (i_ariane/i_cva6/gen_cache_hpd.i_cache_subsystem/i_cva6_icache/vaddr_q_reg[2]) that has an active asychronous set or reset. This may cause corruption of the memory contents and/or read values when the set/reset is asserted and is not analyzed by the default static timing analysis. It is suggested to eliminate the use of a set/reset to registers driving this RAMB pin or else use a synchronous reset in which the assertion of the reset is timed by default.
Related violations: <none>

REQP-1840#2 Warning
RAMB18 async control check  
The RAMB18E1 i_ariane/i_cva6/i_frontend/btb_gen.i_btb/gen_fpga_btb.gen_btb_ram[0].i_btb_ram/Mem_DP_reg has an input control pin i_ariane/i_cva6/i_frontend/btb_gen.i_btb/gen_fpga_btb.gen_btb_ram[0].i_btb_ram/Mem_DP_reg/ADDRARDADDR[6] (net: i_ariane/i_cva6/i_frontend/btb_gen.i_btb/gen_fpga_btb.gen_btb_ram[0].i_btb_ram/Mem_DP_reg_0[1]) which is driven by a register (i_ariane/i_cva6/gen_cache_hpd.i_cache_subsystem/i_cva6_icache/vaddr_q_reg[3]) that has an active asychronous set or reset. This may cause corruption of the memory contents and/or read values when the set/reset is asserted and is not analyzed by the default static timing analysis. It is suggested to eliminate the use of a set/reset to registers driving this RAMB pin or else use a synchronous reset in which the assertion of the reset is timed by default.
Related violations: <none>

REQP-1840#3 Warning
RAMB18 async control check  
The RAMB18E1 i_ariane/i_cva6/i_frontend/btb_gen.i_btb/gen_fpga_btb.gen_btb_ram[0].i_btb_ram/Mem_DP_reg has an input control pin i_ariane/i_cva6/i_frontend/btb_gen.i_btb/gen_fpga_btb.gen_btb_ram[0].i_btb_ram/Mem_DP_reg/ADDRARDADDR[7] (net: i_ariane/i_cva6/i_frontend/btb_gen.i_btb/gen_fpga_btb.gen_btb_ram[0].i_btb_ram/Mem_DP_reg_0[2]) which is driven by a register (i_ariane/i_cva6/gen_cache_hpd.i_cache_subsystem/i_cva6_icache/vaddr_q_reg[4]) that has an active asychronous set or reset. This may cause corruption of the memory contents and/or read values when the set/reset is asserted and is not analyzed by the default static timing analysis. It is suggested to eliminate the use of a set/reset to registers driving this RAMB pin or else use a synchronous reset in which the assertion of the reset is timed by default.
Related violations: <none>

REQP-1840#4 Warning
RAMB18 async control check  
The RAMB18E1 i_ariane/i_cva6/i_frontend/btb_gen.i_btb/gen_fpga_btb.gen_btb_ram[0].i_btb_ram/Mem_DP_reg has an input control pin i_ariane/i_cva6/i_frontend/btb_gen.i_btb/gen_fpga_btb.gen_btb_ram[0].i_btb_ram/Mem_DP_reg/ADDRARDADDR[8] (net: i_ariane/i_cva6/i_frontend/btb_gen.i_btb/gen_fpga_btb.gen_btb_ram[0].i_btb_ram/Mem_DP_reg_0[3]) which is driven by a register (i_ariane/i_cva6/gen_cache_hpd.i_cache_subsystem/i_cva6_icache/vaddr_q_reg[5]) that has an active asychronous set or reset. This may cause corruption of the memory contents and/or read values when the set/reset is asserted and is not analyzed by the default static timing analysis. It is suggested to eliminate the use of a set/reset to registers driving this RAMB pin or else use a synchronous reset in which the assertion of the reset is timed by default.
Related violations: <none>

REQP-1840#5 Warning
RAMB18 async control check  
The RAMB18E1 i_ariane/i_cva6/i_frontend/btb_gen.i_btb/gen_fpga_btb.gen_btb_ram[0].i_btb_ram/Mem_DP_reg has an input control pin i_ariane/i_cva6/i_frontend/btb_gen.i_btb/gen_fpga_btb.gen_btb_ram[0].i_btb_ram/Mem_DP_reg/ADDRARDADDR[9] (net: i_ariane/i_cva6/i_frontend/btb_gen.i_btb/gen_fpga_btb.gen_btb_ram[0].i_btb_ram/Mem_DP_reg_0[4]) which is driven by a register (i_ariane/i_cva6/gen_cache_hpd.i_cache_subsystem/i_cva6_icache/vaddr_q_reg[6]) that has an active asychronous set or reset. This may cause corruption of the memory contents and/or read values when the set/reset is asserted and is not analyzed by the default static timing analysis. It is suggested to eliminate the use of a set/reset to registers driving this RAMB pin or else use a synchronous reset in which the assertion of the reset is timed by default.
Related violations: <none>

REQP-1840#6 Warning
RAMB18 async control check  
The RAMB18E1 i_ariane/i_cva6/i_frontend/btb_gen.i_btb/gen_fpga_btb.gen_btb_ram[0].i_btb_ram/Mem_DP_reg has an input control pin i_ariane/i_cva6/i_frontend/btb_gen.i_btb/gen_fpga_btb.gen_btb_ram[0].i_btb_ram/Mem_DP_reg/ADDRBWRADDR[9] (net: i_ariane/i_cva6/i_frontend/btb_gen.i_btb/gen_fpga_btb.gen_btb_ram[0].i_btb_ram/ADDRBWRADDR[4]) which is driven by a register (i_ariane/i_cva6/csr_regfile_i/debug_mode_q_reg) that has an active asychronous set or reset. This may cause corruption of the memory contents and/or read values when the set/reset is asserted and is not analyzed by the default static timing analysis. It is suggested to eliminate the use of a set/reset to registers driving this RAMB pin or else use a synchronous reset in which the assertion of the reset is timed by default.
Related violations: <none>

REQP-1840#7 Warning
RAMB18 async control check  
The RAMB18E1 i_ariane/i_cva6/i_frontend/btb_gen.i_btb/gen_fpga_btb.gen_btb_ram[0].i_btb_ram/Mem_DP_reg has an input control pin i_ariane/i_cva6/i_frontend/btb_gen.i_btb/gen_fpga_btb.gen_btb_ram[0].i_btb_ram/Mem_DP_reg/ADDRBWRADDR[9] (net: i_ariane/i_cva6/i_frontend/btb_gen.i_btb/gen_fpga_btb.gen_btb_ram[0].i_btb_ram/ADDRBWRADDR[4]) which is driven by a register (i_ariane/i_cva6/issue_stage_i/i_issue_read_operands/alu_valid_q_reg[0]) that has an active asychronous set or reset. This may cause corruption of the memory contents and/or read values when the set/reset is asserted and is not analyzed by the default static timing analysis. It is suggested to eliminate the use of a set/reset to registers driving this RAMB pin or else use a synchronous reset in which the assertion of the reset is timed by default.
Related violations: <none>

REQP-1840#8 Warning
RAMB18 async control check  
The RAMB18E1 i_ariane/i_cva6/i_frontend/btb_gen.i_btb/gen_fpga_btb.gen_btb_ram[0].i_btb_ram/Mem_DP_reg has an input control pin i_ariane/i_cva6/i_frontend/btb_gen.i_btb/gen_fpga_btb.gen_btb_ram[0].i_btb_ram/Mem_DP_reg/ADDRBWRADDR[9] (net: i_ariane/i_cva6/i_frontend/btb_gen.i_btb/gen_fpga_btb.gen_btb_ram[0].i_btb_ram/ADDRBWRADDR[4]) which is driven by a register (i_ariane/i_cva6/issue_stage_i/i_issue_read_operands/branch_predict_o_reg[cf][0]) that has an active asychronous set or reset. This may cause corruption of the memory contents and/or read values when the set/reset is asserted and is not analyzed by the default static timing analysis. It is suggested to eliminate the use of a set/reset to registers driving this RAMB pin or else use a synchronous reset in which the assertion of the reset is timed by default.
Related violations: <none>

REQP-1840#9 Warning
RAMB18 async control check  
The RAMB18E1 i_ariane/i_cva6/i_frontend/btb_gen.i_btb/gen_fpga_btb.gen_btb_ram[0].i_btb_ram/Mem_DP_reg has an input control pin i_ariane/i_cva6/i_frontend/btb_gen.i_btb/gen_fpga_btb.gen_btb_ram[0].i_btb_ram/Mem_DP_reg/ADDRBWRADDR[9] (net: i_ariane/i_cva6/i_frontend/btb_gen.i_btb/gen_fpga_btb.gen_btb_ram[0].i_btb_ram/ADDRBWRADDR[4]) which is driven by a register (i_ariane/i_cva6/issue_stage_i/i_issue_read_operands/branch_predict_o_reg[cf][1]) that has an active asychronous set or reset. This may cause corruption of the memory contents and/or read values when the set/reset is asserted and is not analyzed by the default static timing analysis. It is suggested to eliminate the use of a set/reset to registers driving this RAMB pin or else use a synchronous reset in which the assertion of the reset is timed by default.
Related violations: <none>

REQP-1840#10 Warning
RAMB18 async control check  
The RAMB18E1 i_ariane/i_cva6/i_frontend/btb_gen.i_btb/gen_fpga_btb.gen_btb_ram[0].i_btb_ram/Mem_DP_reg has an input control pin i_ariane/i_cva6/i_frontend/btb_gen.i_btb/gen_fpga_btb.gen_btb_ram[0].i_btb_ram/Mem_DP_reg/ADDRBWRADDR[9] (net: i_ariane/i_cva6/i_frontend/btb_gen.i_btb/gen_fpga_btb.gen_btb_ram[0].i_btb_ram/ADDRBWRADDR[4]) which is driven by a register (i_ariane/i_cva6/issue_stage_i/i_issue_read_operands/branch_predict_o_reg[cf][2]) that has an active asychronous set or reset. This may cause corruption of the memory contents and/or read values when the set/reset is asserted and is not analyzed by the default static timing analysis. It is suggested to eliminate the use of a set/reset to registers driving this RAMB pin or else use a synchronous reset in which the assertion of the reset is timed by default.
Related violations: <none>

REQP-1840#11 Warning
RAMB18 async control check  
The RAMB18E1 i_ariane/i_cva6/i_frontend/btb_gen.i_btb/gen_fpga_btb.gen_btb_ram[0].i_btb_ram/Mem_DP_reg has an input control pin i_ariane/i_cva6/i_frontend/btb_gen.i_btb/gen_fpga_btb.gen_btb_ram[0].i_btb_ram/Mem_DP_reg/ADDRBWRADDR[9] (net: i_ariane/i_cva6/i_frontend/btb_gen.i_btb/gen_fpga_btb.gen_btb_ram[0].i_btb_ram/ADDRBWRADDR[4]) which is driven by a register (i_ariane/i_cva6/issue_stage_i/i_issue_read_operands/branch_predict_o_reg[predict_address][0]) that has an active asychronous set or reset. This may cause corruption of the memory contents and/or read values when the set/reset is asserted and is not analyzed by the default static timing analysis. It is suggested to eliminate the use of a set/reset to registers driving this RAMB pin or else use a synchronous reset in which the assertion of the reset is timed by default.
Related violations: <none>

REQP-1840#12 Warning
RAMB18 async control check  
The RAMB18E1 i_ariane/i_cva6/i_frontend/btb_gen.i_btb/gen_fpga_btb.gen_btb_ram[0].i_btb_ram/Mem_DP_reg has an input control pin i_ariane/i_cva6/i_frontend/btb_gen.i_btb/gen_fpga_btb.gen_btb_ram[0].i_btb_ram/Mem_DP_reg/ADDRBWRADDR[9] (net: i_ariane/i_cva6/i_frontend/btb_gen.i_btb/gen_fpga_btb.gen_btb_ram[0].i_btb_ram/ADDRBWRADDR[4]) which is driven by a register (i_ariane/i_cva6/issue_stage_i/i_issue_read_operands/branch_predict_o_reg[predict_address][10]) that has an active asychronous set or reset. This may cause corruption of the memory contents and/or read values when the set/reset is asserted and is not analyzed by the default static timing analysis. It is suggested to eliminate the use of a set/reset to registers driving this RAMB pin or else use a synchronous reset in which the assertion of the reset is timed by default.
Related violations: <none>

REQP-1840#13 Warning
RAMB18 async control check  
The RAMB18E1 i_ariane/i_cva6/i_frontend/btb_gen.i_btb/gen_fpga_btb.gen_btb_ram[0].i_btb_ram/Mem_DP_reg has an input control pin i_ariane/i_cva6/i_frontend/btb_gen.i_btb/gen_fpga_btb.gen_btb_ram[0].i_btb_ram/Mem_DP_reg/ADDRBWRADDR[9] (net: i_ariane/i_cva6/i_frontend/btb_gen.i_btb/gen_fpga_btb.gen_btb_ram[0].i_btb_ram/ADDRBWRADDR[4]) which is driven by a register (i_ariane/i_cva6/issue_stage_i/i_issue_read_operands/branch_predict_o_reg[predict_address][11]) that has an active asychronous set or reset. This may cause corruption of the memory contents and/or read values when the set/reset is asserted and is not analyzed by the default static timing analysis. It is suggested to eliminate the use of a set/reset to registers driving this RAMB pin or else use a synchronous reset in which the assertion of the reset is timed by default.
Related violations: <none>

REQP-1840#14 Warning
RAMB18 async control check  
The RAMB18E1 i_ariane/i_cva6/i_frontend/btb_gen.i_btb/gen_fpga_btb.gen_btb_ram[0].i_btb_ram/Mem_DP_reg has an input control pin i_ariane/i_cva6/i_frontend/btb_gen.i_btb/gen_fpga_btb.gen_btb_ram[0].i_btb_ram/Mem_DP_reg/ADDRBWRADDR[9] (net: i_ariane/i_cva6/i_frontend/btb_gen.i_btb/gen_fpga_btb.gen_btb_ram[0].i_btb_ram/ADDRBWRADDR[4]) which is driven by a register (i_ariane/i_cva6/issue_stage_i/i_issue_read_operands/branch_predict_o_reg[predict_address][12]) that has an active asychronous set or reset. This may cause corruption of the memory contents and/or read values when the set/reset is asserted and is not analyzed by the default static timing analysis. It is suggested to eliminate the use of a set/reset to registers driving this RAMB pin or else use a synchronous reset in which the assertion of the reset is timed by default.
Related violations: <none>

REQP-1840#15 Warning
RAMB18 async control check  
The RAMB18E1 i_ariane/i_cva6/i_frontend/btb_gen.i_btb/gen_fpga_btb.gen_btb_ram[0].i_btb_ram/Mem_DP_reg has an input control pin i_ariane/i_cva6/i_frontend/btb_gen.i_btb/gen_fpga_btb.gen_btb_ram[0].i_btb_ram/Mem_DP_reg/ADDRBWRADDR[9] (net: i_ariane/i_cva6/i_frontend/btb_gen.i_btb/gen_fpga_btb.gen_btb_ram[0].i_btb_ram/ADDRBWRADDR[4]) which is driven by a register (i_ariane/i_cva6/issue_stage_i/i_issue_read_operands/branch_predict_o_reg[predict_address][13]) that has an active asychronous set or reset. This may cause corruption of the memory contents and/or read values when the set/reset is asserted and is not analyzed by the default static timing analysis. It is suggested to eliminate the use of a set/reset to registers driving this RAMB pin or else use a synchronous reset in which the assertion of the reset is timed by default.
Related violations: <none>

REQP-1840#16 Warning
RAMB18 async control check  
The RAMB18E1 i_ariane/i_cva6/i_frontend/btb_gen.i_btb/gen_fpga_btb.gen_btb_ram[0].i_btb_ram/Mem_DP_reg has an input control pin i_ariane/i_cva6/i_frontend/btb_gen.i_btb/gen_fpga_btb.gen_btb_ram[0].i_btb_ram/Mem_DP_reg/ADDRBWRADDR[9] (net: i_ariane/i_cva6/i_frontend/btb_gen.i_btb/gen_fpga_btb.gen_btb_ram[0].i_btb_ram/ADDRBWRADDR[4]) which is driven by a register (i_ariane/i_cva6/issue_stage_i/i_issue_read_operands/branch_predict_o_reg[predict_address][14]) that has an active asychronous set or reset. This may cause corruption of the memory contents and/or read values when the set/reset is asserted and is not analyzed by the default static timing analysis. It is suggested to eliminate the use of a set/reset to registers driving this RAMB pin or else use a synchronous reset in which the assertion of the reset is timed by default.
Related violations: <none>

REQP-1840#17 Warning
RAMB18 async control check  
The RAMB18E1 i_ariane/i_cva6/i_frontend/btb_gen.i_btb/gen_fpga_btb.gen_btb_ram[0].i_btb_ram/Mem_DP_reg has an input control pin i_ariane/i_cva6/i_frontend/btb_gen.i_btb/gen_fpga_btb.gen_btb_ram[0].i_btb_ram/Mem_DP_reg/ADDRBWRADDR[9] (net: i_ariane/i_cva6/i_frontend/btb_gen.i_btb/gen_fpga_btb.gen_btb_ram[0].i_btb_ram/ADDRBWRADDR[4]) which is driven by a register (i_ariane/i_cva6/issue_stage_i/i_issue_read_operands/branch_predict_o_reg[predict_address][15]) that has an active asychronous set or reset. This may cause corruption of the memory contents and/or read values when the set/reset is asserted and is not analyzed by the default static timing analysis. It is suggested to eliminate the use of a set/reset to registers driving this RAMB pin or else use a synchronous reset in which the assertion of the reset is timed by default.
Related violations: <none>

REQP-1840#18 Warning
RAMB18 async control check  
The RAMB18E1 i_ariane/i_cva6/i_frontend/btb_gen.i_btb/gen_fpga_btb.gen_btb_ram[0].i_btb_ram/Mem_DP_reg has an input control pin i_ariane/i_cva6/i_frontend/btb_gen.i_btb/gen_fpga_btb.gen_btb_ram[0].i_btb_ram/Mem_DP_reg/ADDRBWRADDR[9] (net: i_ariane/i_cva6/i_frontend/btb_gen.i_btb/gen_fpga_btb.gen_btb_ram[0].i_btb_ram/ADDRBWRADDR[4]) which is driven by a register (i_ariane/i_cva6/issue_stage_i/i_issue_read_operands/branch_predict_o_reg[predict_address][16]) that has an active asychronous set or reset. This may cause corruption of the memory contents and/or read values when the set/reset is asserted and is not analyzed by the default static timing analysis. It is suggested to eliminate the use of a set/reset to registers driving this RAMB pin or else use a synchronous reset in which the assertion of the reset is timed by default.
Related violations: <none>

REQP-1840#19 Warning
RAMB18 async control check  
The RAMB18E1 i_ariane/i_cva6/i_frontend/btb_gen.i_btb/gen_fpga_btb.gen_btb_ram[0].i_btb_ram/Mem_DP_reg has an input control pin i_ariane/i_cva6/i_frontend/btb_gen.i_btb/gen_fpga_btb.gen_btb_ram[0].i_btb_ram/Mem_DP_reg/ADDRBWRADDR[9] (net: i_ariane/i_cva6/i_frontend/btb_gen.i_btb/gen_fpga_btb.gen_btb_ram[0].i_btb_ram/ADDRBWRADDR[4]) which is driven by a register (i_ariane/i_cva6/issue_stage_i/i_issue_read_operands/branch_predict_o_reg[predict_address][17]) that has an active asychronous set or reset. This may cause corruption of the memory contents and/or read values when the set/reset is asserted and is not analyzed by the default static timing analysis. It is suggested to eliminate the use of a set/reset to registers driving this RAMB pin or else use a synchronous reset in which the assertion of the reset is timed by default.
Related violations: <none>

REQP-1840#20 Warning
RAMB18 async control check  
The RAMB18E1 i_ariane/i_cva6/i_frontend/btb_gen.i_btb/gen_fpga_btb.gen_btb_ram[0].i_btb_ram/Mem_DP_reg has an input control pin i_ariane/i_cva6/i_frontend/btb_gen.i_btb/gen_fpga_btb.gen_btb_ram[0].i_btb_ram/Mem_DP_reg/ADDRBWRADDR[9] (net: i_ariane/i_cva6/i_frontend/btb_gen.i_btb/gen_fpga_btb.gen_btb_ram[0].i_btb_ram/ADDRBWRADDR[4]) which is driven by a register (i_ariane/i_cva6/issue_stage_i/i_issue_read_operands/branch_predict_o_reg[predict_address][18]) that has an active asychronous set or reset. This may cause corruption of the memory contents and/or read values when the set/reset is asserted and is not analyzed by the default static timing analysis. It is suggested to eliminate the use of a set/reset to registers driving this RAMB pin or else use a synchronous reset in which the assertion of the reset is timed by default.
Related violations: <none>

ZPS7-1#1 Warning
PS7 block required  
The PS7 cell must be used in this Zynq design in order to enable correct default configuration.
Related violations: <none>


