Copyright 1986-2022 Xilinx, Inc. All Rights Reserved. Copyright 2022-2024 Advanced Micro Devices, Inc. All Rights Reserved.
-----------------------------------------------------------------------------------------------------------------------------------------------------------------------------------
| Tool Version : Vivado v.2024.1 (lin64) Build 5076996 Wed May 22 18:36:09 MDT 2024
| Date         : Thu Apr 16 04:26:20 2026
| Host         : EQI07359 running 64-bit Ubuntu 22.04.5 LTS
| Command      : report_methodology -file cva6_zybo_z7_20_methodology_drc_routed.rpt -pb cva6_zybo_z7_20_methodology_drc_routed.pb -rpx cva6_zybo_z7_20_methodology_drc_routed.rpx
| Design       : cva6_zybo_z7_20
| Device       : xc7z020clg400-1
| Speed File   : -1
| Design State : Fully Routed
-----------------------------------------------------------------------------------------------------------------------------------------------------------------------------------

Report Methodology

Table of Contents
-----------------
1. REPORT SUMMARY
2. REPORT DETAILS

1. REPORT SUMMARY
-----------------
            Netlist: netlist
          Floorplan: checkpoint_cva6_zybo_z7_20
      Design limits: <entire design considered>
             Max violations: <unlimited>
             Violations found: 379
+-----------+------------------+------------------------------------------------+------------+
| Rule      | Severity         | Description                                    | Violations |
+-----------+------------------+------------------------------------------------+------------+
| TIMING-6  | Critical Warning | No common primary clock between related clocks | 1          |
| TIMING-7  | Critical Warning | No common node between related clocks          | 1          |
| DPIR-1    | Warning          | Asynchronous driver check                      | 144        |
| LUTAR-1   | Warning          | LUT drives async reset alert                   | 4          |
| SYNTH-10  | Warning          | Wide multiplier                                | 4          |
| TIMING-10 | Warning          | Missing property on synchronizer               | 1          |
| TIMING-16 | Warning          | Large setup violation                          | 218        |
| TIMING-18 | Warning          | Missing input or output delay                  | 3          |
| XDCH-2    | Warning          | Same min and max delay values on IO port       | 3          |
+-----------+------------------+------------------------------------------------+------------+

2. REPORT DETAILS
-----------------
TIMING-6#1 Critical Warning
No common primary clock between related clocks  
The clocks tck and clk_out1_xlnx_clk_gen are related (timed together) but they have no common primary clock. The design could fail in hardware. To find a timing path between these clocks, run the following command: report_timing -from [get_clocks tck] -to [get_clocks clk_out1_xlnx_clk_gen]
Related violations: <none>

TIMING-7#1 Critical Warning
No common node between related clocks  
The clocks tck and clk_out1_xlnx_clk_gen are related (timed together) but they have no common node. The design could fail in hardware. To find a timing path between these clocks, run the following command: report_timing -from [get_clocks tck] -to [get_clocks clk_out1_xlnx_clk_gen]
Related violations: <none>

DPIR-1#1 Warning
Asynchronous driver check  
DSP i_ariane/gen_example_coprocessor.i_cvxif_coprocessor/i_copro_alu/result_n3__10 input pin i_ariane/gen_example_coprocessor.i_cvxif_coprocessor/i_copro_alu/result_n3__10/B[0] is connected to registers with an asynchronous reset. This is preventing the possibility of merging these registers in to the DSP Block since the DSP block registers only possess synchronous reset capability.  It is suggested to recode or change these registers to remove the reset or use a synchronous reset to get the best optimization for performance, power and area.
Related violations: <none>

DPIR-1#2 Warning
Asynchronous driver check  
DSP i_ariane/gen_example_coprocessor.i_cvxif_coprocessor/i_copro_alu/result_n3__10 input pin i_ariane/gen_example_coprocessor.i_cvxif_coprocessor/i_copro_alu/result_n3__10/B[10] is connected to registers with an asynchronous reset. This is preventing the possibility of merging these registers in to the DSP Block since the DSP block registers only possess synchronous reset capability.  It is suggested to recode or change these registers to remove the reset or use a synchronous reset to get the best optimization for performance, power and area.
Related violations: <none>

DPIR-1#3 Warning
Asynchronous driver check  
DSP i_ariane/gen_example_coprocessor.i_cvxif_coprocessor/i_copro_alu/result_n3__10 input pin i_ariane/gen_example_coprocessor.i_cvxif_coprocessor/i_copro_alu/result_n3__10/B[11] is connected to registers with an asynchronous reset. This is preventing the possibility of merging these registers in to the DSP Block since the DSP block registers only possess synchronous reset capability.  It is suggested to recode or change these registers to remove the reset or use a synchronous reset to get the best optimization for performance, power and area.
Related violations: <none>

DPIR-1#4 Warning
Asynchronous driver check  
DSP i_ariane/gen_example_coprocessor.i_cvxif_coprocessor/i_copro_alu/result_n3__10 input pin i_ariane/gen_example_coprocessor.i_cvxif_coprocessor/i_copro_alu/result_n3__10/B[12] is connected to registers with an asynchronous reset. This is preventing the possibility of merging these registers in to the DSP Block since the DSP block registers only possess synchronous reset capability.  It is suggested to recode or change these registers to remove the reset or use a synchronous reset to get the best optimization for performance, power and area.
Related violations: <none>

DPIR-1#5 Warning
Asynchronous driver check  
DSP i_ariane/gen_example_coprocessor.i_cvxif_coprocessor/i_copro_alu/result_n3__10 input pin i_ariane/gen_example_coprocessor.i_cvxif_coprocessor/i_copro_alu/result_n3__10/B[13] is connected to registers with an asynchronous reset. This is preventing the possibility of merging these registers in to the DSP Block since the DSP block registers only possess synchronous reset capability.  It is suggested to recode or change these registers to remove the reset or use a synchronous reset to get the best optimization for performance, power and area.
Related violations: <none>

DPIR-1#6 Warning
Asynchronous driver check  
DSP i_ariane/gen_example_coprocessor.i_cvxif_coprocessor/i_copro_alu/result_n3__10 input pin i_ariane/gen_example_coprocessor.i_cvxif_coprocessor/i_copro_alu/result_n3__10/B[14] is connected to registers with an asynchronous reset. This is preventing the possibility of merging these registers in to the DSP Block since the DSP block registers only possess synchronous reset capability.  It is suggested to recode or change these registers to remove the reset or use a synchronous reset to get the best optimization for performance, power and area.
Related violations: <none>

DPIR-1#7 Warning
Asynchronous driver check  
DSP i_ariane/gen_example_coprocessor.i_cvxif_coprocessor/i_copro_alu/result_n3__10 input pin i_ariane/gen_example_coprocessor.i_cvxif_coprocessor/i_copro_alu/result_n3__10/B[15] is connected to registers with an asynchronous reset. This is preventing the possibility of merging these registers in to the DSP Block since the DSP block registers only possess synchronous reset capability.  It is suggested to recode or change these registers to remove the reset or use a synchronous reset to get the best optimization for performance, power and area.
Related violations: <none>

DPIR-1#8 Warning
Asynchronous driver check  
DSP i_ariane/gen_example_coprocessor.i_cvxif_coprocessor/i_copro_alu/result_n3__10 input pin i_ariane/gen_example_coprocessor.i_cvxif_coprocessor/i_copro_alu/result_n3__10/B[16] is connected to registers with an asynchronous reset. This is preventing the possibility of merging these registers in to the DSP Block since the DSP block registers only possess synchronous reset capability.  It is suggested to recode or change these registers to remove the reset or use a synchronous reset to get the best optimization for performance, power and area.
Related violations: <none>

DPIR-1#9 Warning
Asynchronous driver check  
DSP i_ariane/gen_example_coprocessor.i_cvxif_coprocessor/i_copro_alu/result_n3__10 input pin i_ariane/gen_example_coprocessor.i_cvxif_coprocessor/i_copro_alu/result_n3__10/B[17] is connected to registers with an asynchronous reset. This is preventing the possibility of merging these registers in to the DSP Block since the DSP block registers only possess synchronous reset capability.  It is suggested to recode or change these registers to remove the reset or use a synchronous reset to get the best optimization for performance, power and area.
Related violations: <none>

DPIR-1#10 Warning
Asynchronous driver check  
DSP i_ariane/gen_example_coprocessor.i_cvxif_coprocessor/i_copro_alu/result_n3__10 input pin i_ariane/gen_example_coprocessor.i_cvxif_coprocessor/i_copro_alu/result_n3__10/B[1] is connected to registers with an asynchronous reset. This is preventing the possibility of merging these registers in to the DSP Block since the DSP block registers only possess synchronous reset capability.  It is suggested to recode or change these registers to remove the reset or use a synchronous reset to get the best optimization for performance, power and area.
Related violations: <none>

DPIR-1#11 Warning
Asynchronous driver check  
DSP i_ariane/gen_example_coprocessor.i_cvxif_coprocessor/i_copro_alu/result_n3__10 input pin i_ariane/gen_example_coprocessor.i_cvxif_coprocessor/i_copro_alu/result_n3__10/B[2] is connected to registers with an asynchronous reset. This is preventing the possibility of merging these registers in to the DSP Block since the DSP block registers only possess synchronous reset capability.  It is suggested to recode or change these registers to remove the reset or use a synchronous reset to get the best optimization for performance, power and area.
Related violations: <none>

DPIR-1#12 Warning
Asynchronous driver check  
DSP i_ariane/gen_example_coprocessor.i_cvxif_coprocessor/i_copro_alu/result_n3__10 input pin i_ariane/gen_example_coprocessor.i_cvxif_coprocessor/i_copro_alu/result_n3__10/B[3] is connected to registers with an asynchronous reset. This is preventing the possibility of merging these registers in to the DSP Block since the DSP block registers only possess synchronous reset capability.  It is suggested to recode or change these registers to remove the reset or use a synchronous reset to get the best optimization for performance, power and area.
Related violations: <none>

DPIR-1#13 Warning
Asynchronous driver check  
DSP i_ariane/gen_example_coprocessor.i_cvxif_coprocessor/i_copro_alu/result_n3__10 input pin i_ariane/gen_example_coprocessor.i_cvxif_coprocessor/i_copro_alu/result_n3__10/B[4] is connected to registers with an asynchronous reset. This is preventing the possibility of merging these registers in to the DSP Block since the DSP block registers only possess synchronous reset capability.  It is suggested to recode or change these registers to remove the reset or use a synchronous reset to get the best optimization for performance, power and area.
Related violations: <none>

DPIR-1#14 Warning
Asynchronous driver check  
DSP i_ariane/gen_example_coprocessor.i_cvxif_coprocessor/i_copro_alu/result_n3__10 input pin i_ariane/gen_example_coprocessor.i_cvxif_coprocessor/i_copro_alu/result_n3__10/B[5] is connected to registers with an asynchronous reset. This is preventing the possibility of merging these registers in to the DSP Block since the DSP block registers only possess synchronous reset capability.  It is suggested to recode or change these registers to remove the reset or use a synchronous reset to get the best optimization for performance, power and area.
Related violations: <none>

DPIR-1#15 Warning
Asynchronous driver check  
DSP i_ariane/gen_example_coprocessor.i_cvxif_coprocessor/i_copro_alu/result_n3__10 input pin i_ariane/gen_example_coprocessor.i_cvxif_coprocessor/i_copro_alu/result_n3__10/B[6] is connected to registers with an asynchronous reset. This is preventing the possibility of merging these registers in to the DSP Block since the DSP block registers only possess synchronous reset capability.  It is suggested to recode or change these registers to remove the reset or use a synchronous reset to get the best optimization for performance, power and area.
Related violations: <none>

DPIR-1#16 Warning
Asynchronous driver check  
DSP i_ariane/gen_example_coprocessor.i_cvxif_coprocessor/i_copro_alu/result_n3__10 input pin i_ariane/gen_example_coprocessor.i_cvxif_coprocessor/i_copro_alu/result_n3__10/B[7] is connected to registers with an asynchronous reset. This is preventing the possibility of merging these registers in to the DSP Block since the DSP block registers only possess synchronous reset capability.  It is suggested to recode or change these registers to remove the reset or use a synchronous reset to get the best optimization for performance, power and area.
Related violations: <none>

DPIR-1#17 Warning
Asynchronous driver check  
DSP i_ariane/gen_example_coprocessor.i_cvxif_coprocessor/i_copro_alu/result_n3__10 input pin i_ariane/gen_example_coprocessor.i_cvxif_coprocessor/i_copro_alu/result_n3__10/B[8] is connected to registers with an asynchronous reset. This is preventing the possibility of merging these registers in to the DSP Block since the DSP block registers only possess synchronous reset capability.  It is suggested to recode or change these registers to remove the reset or use a synchronous reset to get the best optimization for performance, power and area.
Related violations: <none>

DPIR-1#18 Warning
Asynchronous driver check  
DSP i_ariane/gen_example_coprocessor.i_cvxif_coprocessor/i_copro_alu/result_n3__10 input pin i_ariane/gen_example_coprocessor.i_cvxif_coprocessor/i_copro_alu/result_n3__10/B[9] is connected to registers with an asynchronous reset. This is preventing the possibility of merging these registers in to the DSP Block since the DSP block registers only possess synchronous reset capability.  It is suggested to recode or change these registers to remove the reset or use a synchronous reset to get the best optimization for performance, power and area.
Related violations: <none>

DPIR-1#19 Warning
Asynchronous driver check  
DSP i_ariane/gen_example_coprocessor.i_cvxif_coprocessor/i_copro_alu/result_n3__8 input pin i_ariane/gen_example_coprocessor.i_cvxif_coprocessor/i_copro_alu/result_n3__8/B[0] is connected to registers with an asynchronous reset. This is preventing the possibility of merging these registers in to the DSP Block since the DSP block registers only possess synchronous reset capability.  It is suggested to recode or change these registers to remove the reset or use a synchronous reset to get the best optimization for performance, power and area.
Related violations: <none>

DPIR-1#20 Warning
Asynchronous driver check  
DSP i_ariane/gen_example_coprocessor.i_cvxif_coprocessor/i_copro_alu/result_n3__8 input pin i_ariane/gen_example_coprocessor.i_cvxif_coprocessor/i_copro_alu/result_n3__8/B[10] is connected to registers with an asynchronous reset. This is preventing the possibility of merging these registers in to the DSP Block since the DSP block registers only possess synchronous reset capability.  It is suggested to recode or change these registers to remove the reset or use a synchronous reset to get the best optimization for performance, power and area.
Related violations: <none>

DPIR-1#21 Warning
Asynchronous driver check  
DSP i_ariane/gen_example_coprocessor.i_cvxif_coprocessor/i_copro_alu/result_n3__8 input pin i_ariane/gen_example_coprocessor.i_cvxif_coprocessor/i_copro_alu/result_n3__8/B[11] is connected to registers with an asynchronous reset. This is preventing the possibility of merging these registers in to the DSP Block since the DSP block registers only possess synchronous reset capability.  It is suggested to recode or change these registers to remove the reset or use a synchronous reset to get the best optimization for performance, power and area.
Related violations: <none>

DPIR-1#22 Warning
Asynchronous driver check  
DSP i_ariane/gen_example_coprocessor.i_cvxif_coprocessor/i_copro_alu/result_n3__8 input pin i_ariane/gen_example_coprocessor.i_cvxif_coprocessor/i_copro_alu/result_n3__8/B[12] is connected to registers with an asynchronous reset. This is preventing the possibility of merging these registers in to the DSP Block since the DSP block registers only possess synchronous reset capability.  It is suggested to recode or change these registers to remove the reset or use a synchronous reset to get the best optimization for performance, power and area.
Related violations: <none>

DPIR-1#23 Warning
Asynchronous driver check  
DSP i_ariane/gen_example_coprocessor.i_cvxif_coprocessor/i_copro_alu/result_n3__8 input pin i_ariane/gen_example_coprocessor.i_cvxif_coprocessor/i_copro_alu/result_n3__8/B[13] is connected to registers with an asynchronous reset. This is preventing the possibility of merging these registers in to the DSP Block since the DSP block registers only possess synchronous reset capability.  It is suggested to recode or change these registers to remove the reset or use a synchronous reset to get the best optimization for performance, power and area.
Related violations: <none>

DPIR-1#24 Warning
Asynchronous driver check  
DSP i_ariane/gen_example_coprocessor.i_cvxif_coprocessor/i_copro_alu/result_n3__8 input pin i_ariane/gen_example_coprocessor.i_cvxif_coprocessor/i_copro_alu/result_n3__8/B[14] is connected to registers with an asynchronous reset. This is preventing the possibility of merging these registers in to the DSP Block since the DSP block registers only possess synchronous reset capability.  It is suggested to recode or change these registers to remove the reset or use a synchronous reset to get the best optimization for performance, power and area.
Related violations: <none>

DPIR-1#25 Warning
Asynchronous driver check  
DSP i_ariane/gen_example_coprocessor.i_cvxif_coprocessor/i_copro_alu/result_n3__8 input pin i_ariane/gen_example_coprocessor.i_cvxif_coprocessor/i_copro_alu/result_n3__8/B[15] is connected to registers with an asynchronous reset. This is preventing the possibility of merging these registers in to the DSP Block since the DSP block registers only possess synchronous reset capability.  It is suggested to recode or change these registers to remove the reset or use a synchronous reset to get the best optimization for performance, power and area.
Related violations: <none>

DPIR-1#26 Warning
Asynchronous driver check  
DSP i_ariane/gen_example_coprocessor.i_cvxif_coprocessor/i_copro_alu/result_n3__8 input pin i_ariane/gen_example_coprocessor.i_cvxif_coprocessor/i_copro_alu/result_n3__8/B[16] is connected to registers with an asynchronous reset. This is preventing the possibility of merging these registers in to the DSP Block since the DSP block registers only possess synchronous reset capability.  It is suggested to recode or change these registers to remove the reset or use a synchronous reset to get the best optimization for performance, power and area.
Related violations: <none>

DPIR-1#27 Warning
Asynchronous driver check  
DSP i_ariane/gen_example_coprocessor.i_cvxif_coprocessor/i_copro_alu/result_n3__8 input pin i_ariane/gen_example_coprocessor.i_cvxif_coprocessor/i_copro_alu/result_n3__8/B[17] is connected to registers with an asynchronous reset. This is preventing the possibility of merging these registers in to the DSP Block since the DSP block registers only possess synchronous reset capability.  It is suggested to recode or change these registers to remove the reset or use a synchronous reset to get the best optimization for performance, power and area.
Related violations: <none>

DPIR-1#28 Warning
Asynchronous driver check  
DSP i_ariane/gen_example_coprocessor.i_cvxif_coprocessor/i_copro_alu/result_n3__8 input pin i_ariane/gen_example_coprocessor.i_cvxif_coprocessor/i_copro_alu/result_n3__8/B[1] is connected to registers with an asynchronous reset. This is preventing the possibility of merging these registers in to the DSP Block since the DSP block registers only possess synchronous reset capability.  It is suggested to recode or change these registers to remove the reset or use a synchronous reset to get the best optimization for performance, power and area.
Related violations: <none>

DPIR-1#29 Warning
Asynchronous driver check  
DSP i_ariane/gen_example_coprocessor.i_cvxif_coprocessor/i_copro_alu/result_n3__8 input pin i_ariane/gen_example_coprocessor.i_cvxif_coprocessor/i_copro_alu/result_n3__8/B[2] is connected to registers with an asynchronous reset. This is preventing the possibility of merging these registers in to the DSP Block since the DSP block registers only possess synchronous reset capability.  It is suggested to recode or change these registers to remove the reset or use a synchronous reset to get the best optimization for performance, power and area.
Related violations: <none>

DPIR-1#30 Warning
Asynchronous driver check  
DSP i_ariane/gen_example_coprocessor.i_cvxif_coprocessor/i_copro_alu/result_n3__8 input pin i_ariane/gen_example_coprocessor.i_cvxif_coprocessor/i_copro_alu/result_n3__8/B[3] is connected to registers with an asynchronous reset. This is preventing the possibility of merging these registers in to the DSP Block since the DSP block registers only possess synchronous reset capability.  It is suggested to recode or change these registers to remove the reset or use a synchronous reset to get the best optimization for performance, power and area.
Related violations: <none>

DPIR-1#31 Warning
Asynchronous driver check  
DSP i_ariane/gen_example_coprocessor.i_cvxif_coprocessor/i_copro_alu/result_n3__8 input pin i_ariane/gen_example_coprocessor.i_cvxif_coprocessor/i_copro_alu/result_n3__8/B[4] is connected to registers with an asynchronous reset. This is preventing the possibility of merging these registers in to the DSP Block since the DSP block registers only possess synchronous reset capability.  It is suggested to recode or change these registers to remove the reset or use a synchronous reset to get the best optimization for performance, power and area.
Related violations: <none>

DPIR-1#32 Warning
Asynchronous driver check  
DSP i_ariane/gen_example_coprocessor.i_cvxif_coprocessor/i_copro_alu/result_n3__8 input pin i_ariane/gen_example_coprocessor.i_cvxif_coprocessor/i_copro_alu/result_n3__8/B[5] is connected to registers with an asynchronous reset. This is preventing the possibility of merging these registers in to the DSP Block since the DSP block registers only possess synchronous reset capability.  It is suggested to recode or change these registers to remove the reset or use a synchronous reset to get the best optimization for performance, power and area.
Related violations: <none>

DPIR-1#33 Warning
Asynchronous driver check  
DSP i_ariane/gen_example_coprocessor.i_cvxif_coprocessor/i_copro_alu/result_n3__8 input pin i_ariane/gen_example_coprocessor.i_cvxif_coprocessor/i_copro_alu/result_n3__8/B[6] is connected to registers with an asynchronous reset. This is preventing the possibility of merging these registers in to the DSP Block since the DSP block registers only possess synchronous reset capability.  It is suggested to recode or change these registers to remove the reset or use a synchronous reset to get the best optimization for performance, power and area.
Related violations: <none>

DPIR-1#34 Warning
Asynchronous driver check  
DSP i_ariane/gen_example_coprocessor.i_cvxif_coprocessor/i_copro_alu/result_n3__8 input pin i_ariane/gen_example_coprocessor.i_cvxif_coprocessor/i_copro_alu/result_n3__8/B[7] is connected to registers with an asynchronous reset. This is preventing the possibility of merging these registers in to the DSP Block since the DSP block registers only possess synchronous reset capability.  It is suggested to recode or change these registers to remove the reset or use a synchronous reset to get the best optimization for performance, power and area.
Related violations: <none>

DPIR-1#35 Warning
Asynchronous driver check  
DSP i_ariane/gen_example_coprocessor.i_cvxif_coprocessor/i_copro_alu/result_n3__8 input pin i_ariane/gen_example_coprocessor.i_cvxif_coprocessor/i_copro_alu/result_n3__8/B[8] is connected to registers with an asynchronous reset. This is preventing the possibility of merging these registers in to the DSP Block since the DSP block registers only possess synchronous reset capability.  It is suggested to recode or change these registers to remove the reset or use a synchronous reset to get the best optimization for performance, power and area.
Related violations: <none>

DPIR-1#36 Warning
Asynchronous driver check  
DSP i_ariane/gen_example_coprocessor.i_cvxif_coprocessor/i_copro_alu/result_n3__8 input pin i_ariane/gen_example_coprocessor.i_cvxif_coprocessor/i_copro_alu/result_n3__8/B[9] is connected to registers with an asynchronous reset. This is preventing the possibility of merging these registers in to the DSP Block since the DSP block registers only possess synchronous reset capability.  It is suggested to recode or change these registers to remove the reset or use a synchronous reset to get the best optimization for performance, power and area.
Related violations: <none>

DPIR-1#37 Warning
Asynchronous driver check  
DSP i_ariane/gen_example_coprocessor.i_cvxif_coprocessor/i_copro_alu/result_n5 input pin i_ariane/gen_example_coprocessor.i_cvxif_coprocessor/i_copro_alu/result_n5/B[0] is connected to registers with an asynchronous reset. This is preventing the possibility of merging these registers in to the DSP Block since the DSP block registers only possess synchronous reset capability.  It is suggested to recode or change these registers to remove the reset or use a synchronous reset to get the best optimization for performance, power and area.
Related violations: <none>

DPIR-1#38 Warning
Asynchronous driver check  
DSP i_ariane/gen_example_coprocessor.i_cvxif_coprocessor/i_copro_alu/result_n5 input pin i_ariane/gen_example_coprocessor.i_cvxif_coprocessor/i_copro_alu/result_n5/B[10] is connected to registers with an asynchronous reset. This is preventing the possibility of merging these registers in to the DSP Block since the DSP block registers only possess synchronous reset capability.  It is suggested to recode or change these registers to remove the reset or use a synchronous reset to get the best optimization for performance, power and area.
Related violations: <none>

DPIR-1#39 Warning
Asynchronous driver check  
DSP i_ariane/gen_example_coprocessor.i_cvxif_coprocessor/i_copro_alu/result_n5 input pin i_ariane/gen_example_coprocessor.i_cvxif_coprocessor/i_copro_alu/result_n5/B[11] is connected to registers with an asynchronous reset. This is preventing the possibility of merging these registers in to the DSP Block since the DSP block registers only possess synchronous reset capability.  It is suggested to recode or change these registers to remove the reset or use a synchronous reset to get the best optimization for performance, power and area.
Related violations: <none>

DPIR-1#40 Warning
Asynchronous driver check  
DSP i_ariane/gen_example_coprocessor.i_cvxif_coprocessor/i_copro_alu/result_n5 input pin i_ariane/gen_example_coprocessor.i_cvxif_coprocessor/i_copro_alu/result_n5/B[12] is connected to registers with an asynchronous reset. This is preventing the possibility of merging these registers in to the DSP Block since the DSP block registers only possess synchronous reset capability.  It is suggested to recode or change these registers to remove the reset or use a synchronous reset to get the best optimization for performance, power and area.
Related violations: <none>

DPIR-1#41 Warning
Asynchronous driver check  
DSP i_ariane/gen_example_coprocessor.i_cvxif_coprocessor/i_copro_alu/result_n5 input pin i_ariane/gen_example_coprocessor.i_cvxif_coprocessor/i_copro_alu/result_n5/B[13] is connected to registers with an asynchronous reset. This is preventing the possibility of merging these registers in to the DSP Block since the DSP block registers only possess synchronous reset capability.  It is suggested to recode or change these registers to remove the reset or use a synchronous reset to get the best optimization for performance, power and area.
Related violations: <none>

DPIR-1#42 Warning
Asynchronous driver check  
DSP i_ariane/gen_example_coprocessor.i_cvxif_coprocessor/i_copro_alu/result_n5 input pin i_ariane/gen_example_coprocessor.i_cvxif_coprocessor/i_copro_alu/result_n5/B[14] is connected to registers with an asynchronous reset. This is preventing the possibility of merging these registers in to the DSP Block since the DSP block registers only possess synchronous reset capability.  It is suggested to recode or change these registers to remove the reset or use a synchronous reset to get the best optimization for performance, power and area.
Related violations: <none>

DPIR-1#43 Warning
Asynchronous driver check  
DSP i_ariane/gen_example_coprocessor.i_cvxif_coprocessor/i_copro_alu/result_n5 input pin i_ariane/gen_example_coprocessor.i_cvxif_coprocessor/i_copro_alu/result_n5/B[15] is connected to registers with an asynchronous reset. This is preventing the possibility of merging these registers in to the DSP Block since the DSP block registers only possess synchronous reset capability.  It is suggested to recode or change these registers to remove the reset or use a synchronous reset to get the best optimization for performance, power and area.
Related violations: <none>

DPIR-1#44 Warning
Asynchronous driver check  
DSP i_ariane/gen_example_coprocessor.i_cvxif_coprocessor/i_copro_alu/result_n5 input pin i_ariane/gen_example_coprocessor.i_cvxif_coprocessor/i_copro_alu/result_n5/B[16] is connected to registers with an asynchronous reset. This is preventing the possibility of merging these registers in to the DSP Block since the DSP block registers only possess synchronous reset capability.  It is suggested to recode or change these registers to remove the reset or use a synchronous reset to get the best optimization for performance, power and area.
Related violations: <none>

DPIR-1#45 Warning
Asynchronous driver check  
DSP i_ariane/gen_example_coprocessor.i_cvxif_coprocessor/i_copro_alu/result_n5 input pin i_ariane/gen_example_coprocessor.i_cvxif_coprocessor/i_copro_alu/result_n5/B[17] is connected to registers with an asynchronous reset. This is preventing the possibility of merging these registers in to the DSP Block since the DSP block registers only possess synchronous reset capability.  It is suggested to recode or change these registers to remove the reset or use a synchronous reset to get the best optimization for performance, power and area.
Related violations: <none>

DPIR-1#46 Warning
Asynchronous driver check  
DSP i_ariane/gen_example_coprocessor.i_cvxif_coprocessor/i_copro_alu/result_n5 input pin i_ariane/gen_example_coprocessor.i_cvxif_coprocessor/i_copro_alu/result_n5/B[1] is connected to registers with an asynchronous reset. This is preventing the possibility of merging these registers in to the DSP Block since the DSP block registers only possess synchronous reset capability.  It is suggested to recode or change these registers to remove the reset or use a synchronous reset to get the best optimization for performance, power and area.
Related violations: <none>

DPIR-1#47 Warning
Asynchronous driver check  
DSP i_ariane/gen_example_coprocessor.i_cvxif_coprocessor/i_copro_alu/result_n5 input pin i_ariane/gen_example_coprocessor.i_cvxif_coprocessor/i_copro_alu/result_n5/B[2] is connected to registers with an asynchronous reset. This is preventing the possibility of merging these registers in to the DSP Block since the DSP block registers only possess synchronous reset capability.  It is suggested to recode or change these registers to remove the reset or use a synchronous reset to get the best optimization for performance, power and area.
Related violations: <none>

DPIR-1#48 Warning
Asynchronous driver check  
DSP i_ariane/gen_example_coprocessor.i_cvxif_coprocessor/i_copro_alu/result_n5 input pin i_ariane/gen_example_coprocessor.i_cvxif_coprocessor/i_copro_alu/result_n5/B[3] is connected to registers with an asynchronous reset. This is preventing the possibility of merging these registers in to the DSP Block since the DSP block registers only possess synchronous reset capability.  It is suggested to recode or change these registers to remove the reset or use a synchronous reset to get the best optimization for performance, power and area.
Related violations: <none>

DPIR-1#49 Warning
Asynchronous driver check  
DSP i_ariane/gen_example_coprocessor.i_cvxif_coprocessor/i_copro_alu/result_n5 input pin i_ariane/gen_example_coprocessor.i_cvxif_coprocessor/i_copro_alu/result_n5/B[4] is connected to registers with an asynchronous reset. This is preventing the possibility of merging these registers in to the DSP Block since the DSP block registers only possess synchronous reset capability.  It is suggested to recode or change these registers to remove the reset or use a synchronous reset to get the best optimization for performance, power and area.
Related violations: <none>

DPIR-1#50 Warning
Asynchronous driver check  
DSP i_ariane/gen_example_coprocessor.i_cvxif_coprocessor/i_copro_alu/result_n5 input pin i_ariane/gen_example_coprocessor.i_cvxif_coprocessor/i_copro_alu/result_n5/B[5] is connected to registers with an asynchronous reset. This is preventing the possibility of merging these registers in to the DSP Block since the DSP block registers only possess synchronous reset capability.  It is suggested to recode or change these registers to remove the reset or use a synchronous reset to get the best optimization for performance, power and area.
Related violations: <none>

DPIR-1#51 Warning
Asynchronous driver check  
DSP i_ariane/gen_example_coprocessor.i_cvxif_coprocessor/i_copro_alu/result_n5 input pin i_ariane/gen_example_coprocessor.i_cvxif_coprocessor/i_copro_alu/result_n5/B[6] is connected to registers with an asynchronous reset. This is preventing the possibility of merging these registers in to the DSP Block since the DSP block registers only possess synchronous reset capability.  It is suggested to recode or change these registers to remove the reset or use a synchronous reset to get the best optimization for performance, power and area.
Related violations: <none>

DPIR-1#52 Warning
Asynchronous driver check  
DSP i_ariane/gen_example_coprocessor.i_cvxif_coprocessor/i_copro_alu/result_n5 input pin i_ariane/gen_example_coprocessor.i_cvxif_coprocessor/i_copro_alu/result_n5/B[7] is connected to registers with an asynchronous reset. This is preventing the possibility of merging these registers in to the DSP Block since the DSP block registers only possess synchronous reset capability.  It is suggested to recode or change these registers to remove the reset or use a synchronous reset to get the best optimization for performance, power and area.
Related violations: <none>

DPIR-1#53 Warning
Asynchronous driver check  
DSP i_ariane/gen_example_coprocessor.i_cvxif_coprocessor/i_copro_alu/result_n5 input pin i_ariane/gen_example_coprocessor.i_cvxif_coprocessor/i_copro_alu/result_n5/B[8] is connected to registers with an asynchronous reset. This is preventing the possibility of merging these registers in to the DSP Block since the DSP block registers only possess synchronous reset capability.  It is suggested to recode or change these registers to remove the reset or use a synchronous reset to get the best optimization for performance, power and area.
Related violations: <none>

DPIR-1#54 Warning
Asynchronous driver check  
DSP i_ariane/gen_example_coprocessor.i_cvxif_coprocessor/i_copro_alu/result_n5 input pin i_ariane/gen_example_coprocessor.i_cvxif_coprocessor/i_copro_alu/result_n5/B[9] is connected to registers with an asynchronous reset. This is preventing the possibility of merging these registers in to the DSP Block since the DSP block registers only possess synchronous reset capability.  It is suggested to recode or change these registers to remove the reset or use a synchronous reset to get the best optimization for performance, power and area.
Related violations: <none>

DPIR-1#55 Warning
Asynchronous driver check  
DSP i_ariane/gen_example_coprocessor.i_cvxif_coprocessor/i_copro_alu/result_n5__0 input pin i_ariane/gen_example_coprocessor.i_cvxif_coprocessor/i_copro_alu/result_n5__0/B[0] is connected to registers with an asynchronous reset. This is preventing the possibility of merging these registers in to the DSP Block since the DSP block registers only possess synchronous reset capability.  It is suggested to recode or change these registers to remove the reset or use a synchronous reset to get the best optimization for performance, power and area.
Related violations: <none>

DPIR-1#56 Warning
Asynchronous driver check  
DSP i_ariane/gen_example_coprocessor.i_cvxif_coprocessor/i_copro_alu/result_n5__0 input pin i_ariane/gen_example_coprocessor.i_cvxif_coprocessor/i_copro_alu/result_n5__0/B[10] is connected to registers with an asynchronous reset. This is preventing the possibility of merging these registers in to the DSP Block since the DSP block registers only possess synchronous reset capability.  It is suggested to recode or change these registers to remove the reset or use a synchronous reset to get the best optimization for performance, power and area.
Related violations: <none>

DPIR-1#57 Warning
Asynchronous driver check  
DSP i_ariane/gen_example_coprocessor.i_cvxif_coprocessor/i_copro_alu/result_n5__0 input pin i_ariane/gen_example_coprocessor.i_cvxif_coprocessor/i_copro_alu/result_n5__0/B[11] is connected to registers with an asynchronous reset. This is preventing the possibility of merging these registers in to the DSP Block since the DSP block registers only possess synchronous reset capability.  It is suggested to recode or change these registers to remove the reset or use a synchronous reset to get the best optimization for performance, power and area.
Related violations: <none>

DPIR-1#58 Warning
Asynchronous driver check  
DSP i_ariane/gen_example_coprocessor.i_cvxif_coprocessor/i_copro_alu/result_n5__0 input pin i_ariane/gen_example_coprocessor.i_cvxif_coprocessor/i_copro_alu/result_n5__0/B[12] is connected to registers with an asynchronous reset. This is preventing the possibility of merging these registers in to the DSP Block since the DSP block registers only possess synchronous reset capability.  It is suggested to recode or change these registers to remove the reset or use a synchronous reset to get the best optimization for performance, power and area.
Related violations: <none>

DPIR-1#59 Warning
Asynchronous driver check  
DSP i_ariane/gen_example_coprocessor.i_cvxif_coprocessor/i_copro_alu/result_n5__0 input pin i_ariane/gen_example_coprocessor.i_cvxif_coprocessor/i_copro_alu/result_n5__0/B[13] is connected to registers with an asynchronous reset. This is preventing the possibility of merging these registers in to the DSP Block since the DSP block registers only possess synchronous reset capability.  It is suggested to recode or change these registers to remove the reset or use a synchronous reset to get the best optimization for performance, power and area.
Related violations: <none>

DPIR-1#60 Warning
Asynchronous driver check  
DSP i_ariane/gen_example_coprocessor.i_cvxif_coprocessor/i_copro_alu/result_n5__0 input pin i_ariane/gen_example_coprocessor.i_cvxif_coprocessor/i_copro_alu/result_n5__0/B[14] is connected to registers with an asynchronous reset. This is preventing the possibility of merging these registers in to the DSP Block since the DSP block registers only possess synchronous reset capability.  It is suggested to recode or change these registers to remove the reset or use a synchronous reset to get the best optimization for performance, power and area.
Related violations: <none>

DPIR-1#61 Warning
Asynchronous driver check  
DSP i_ariane/gen_example_coprocessor.i_cvxif_coprocessor/i_copro_alu/result_n5__0 input pin i_ariane/gen_example_coprocessor.i_cvxif_coprocessor/i_copro_alu/result_n5__0/B[15] is connected to registers with an asynchronous reset. This is preventing the possibility of merging these registers in to the DSP Block since the DSP block registers only possess synchronous reset capability.  It is suggested to recode or change these registers to remove the reset or use a synchronous reset to get the best optimization for performance, power and area.
Related violations: <none>

DPIR-1#62 Warning
Asynchronous driver check  
DSP i_ariane/gen_example_coprocessor.i_cvxif_coprocessor/i_copro_alu/result_n5__0 input pin i_ariane/gen_example_coprocessor.i_cvxif_coprocessor/i_copro_alu/result_n5__0/B[16] is connected to registers with an asynchronous reset. This is preventing the possibility of merging these registers in to the DSP Block since the DSP block registers only possess synchronous reset capability.  It is suggested to recode or change these registers to remove the reset or use a synchronous reset to get the best optimization for performance, power and area.
Related violations: <none>

DPIR-1#63 Warning
Asynchronous driver check  
DSP i_ariane/gen_example_coprocessor.i_cvxif_coprocessor/i_copro_alu/result_n5__0 input pin i_ariane/gen_example_coprocessor.i_cvxif_coprocessor/i_copro_alu/result_n5__0/B[17] is connected to registers with an asynchronous reset. This is preventing the possibility of merging these registers in to the DSP Block since the DSP block registers only possess synchronous reset capability.  It is suggested to recode or change these registers to remove the reset or use a synchronous reset to get the best optimization for performance, power and area.
Related violations: <none>

DPIR-1#64 Warning
Asynchronous driver check  
DSP i_ariane/gen_example_coprocessor.i_cvxif_coprocessor/i_copro_alu/result_n5__0 input pin i_ariane/gen_example_coprocessor.i_cvxif_coprocessor/i_copro_alu/result_n5__0/B[1] is connected to registers with an asynchronous reset. This is preventing the possibility of merging these registers in to the DSP Block since the DSP block registers only possess synchronous reset capability.  It is suggested to recode or change these registers to remove the reset or use a synchronous reset to get the best optimization for performance, power and area.
Related violations: <none>

DPIR-1#65 Warning
Asynchronous driver check  
DSP i_ariane/gen_example_coprocessor.i_cvxif_coprocessor/i_copro_alu/result_n5__0 input pin i_ariane/gen_example_coprocessor.i_cvxif_coprocessor/i_copro_alu/result_n5__0/B[2] is connected to registers with an asynchronous reset. This is preventing the possibility of merging these registers in to the DSP Block since the DSP block registers only possess synchronous reset capability.  It is suggested to recode or change these registers to remove the reset or use a synchronous reset to get the best optimization for performance, power and area.
Related violations: <none>

DPIR-1#66 Warning
Asynchronous driver check  
DSP i_ariane/gen_example_coprocessor.i_cvxif_coprocessor/i_copro_alu/result_n5__0 input pin i_ariane/gen_example_coprocessor.i_cvxif_coprocessor/i_copro_alu/result_n5__0/B[3] is connected to registers with an asynchronous reset. This is preventing the possibility of merging these registers in to the DSP Block since the DSP block registers only possess synchronous reset capability.  It is suggested to recode or change these registers to remove the reset or use a synchronous reset to get the best optimization for performance, power and area.
Related violations: <none>

DPIR-1#67 Warning
Asynchronous driver check  
DSP i_ariane/gen_example_coprocessor.i_cvxif_coprocessor/i_copro_alu/result_n5__0 input pin i_ariane/gen_example_coprocessor.i_cvxif_coprocessor/i_copro_alu/result_n5__0/B[4] is connected to registers with an asynchronous reset. This is preventing the possibility of merging these registers in to the DSP Block since the DSP block registers only possess synchronous reset capability.  It is suggested to recode or change these registers to remove the reset or use a synchronous reset to get the best optimization for performance, power and area.
Related violations: <none>

DPIR-1#68 Warning
Asynchronous driver check  
DSP i_ariane/gen_example_coprocessor.i_cvxif_coprocessor/i_copro_alu/result_n5__0 input pin i_ariane/gen_example_coprocessor.i_cvxif_coprocessor/i_copro_alu/result_n5__0/B[5] is connected to registers with an asynchronous reset. This is preventing the possibility of merging these registers in to the DSP Block since the DSP block registers only possess synchronous reset capability.  It is suggested to recode or change these registers to remove the reset or use a synchronous reset to get the best optimization for performance, power and area.
Related violations: <none>

DPIR-1#69 Warning
Asynchronous driver check  
DSP i_ariane/gen_example_coprocessor.i_cvxif_coprocessor/i_copro_alu/result_n5__0 input pin i_ariane/gen_example_coprocessor.i_cvxif_coprocessor/i_copro_alu/result_n5__0/B[6] is connected to registers with an asynchronous reset. This is preventing the possibility of merging these registers in to the DSP Block since the DSP block registers only possess synchronous reset capability.  It is suggested to recode or change these registers to remove the reset or use a synchronous reset to get the best optimization for performance, power and area.
Related violations: <none>

DPIR-1#70 Warning
Asynchronous driver check  
DSP i_ariane/gen_example_coprocessor.i_cvxif_coprocessor/i_copro_alu/result_n5__0 input pin i_ariane/gen_example_coprocessor.i_cvxif_coprocessor/i_copro_alu/result_n5__0/B[7] is connected to registers with an asynchronous reset. This is preventing the possibility of merging these registers in to the DSP Block since the DSP block registers only possess synchronous reset capability.  It is suggested to recode or change these registers to remove the reset or use a synchronous reset to get the best optimization for performance, power and area.
Related violations: <none>

DPIR-1#71 Warning
Asynchronous driver check  
DSP i_ariane/gen_example_coprocessor.i_cvxif_coprocessor/i_copro_alu/result_n5__0 input pin i_ariane/gen_example_coprocessor.i_cvxif_coprocessor/i_copro_alu/result_n5__0/B[8] is connected to registers with an asynchronous reset. This is preventing the possibility of merging these registers in to the DSP Block since the DSP block registers only possess synchronous reset capability.  It is suggested to recode or change these registers to remove the reset or use a synchronous reset to get the best optimization for performance, power and area.
Related violations: <none>

DPIR-1#72 Warning
Asynchronous driver check  
DSP i_ariane/gen_example_coprocessor.i_cvxif_coprocessor/i_copro_alu/result_n5__0 input pin i_ariane/gen_example_coprocessor.i_cvxif_coprocessor/i_copro_alu/result_n5__0/B[9] is connected to registers with an asynchronous reset. This is preventing the possibility of merging these registers in to the DSP Block since the DSP block registers only possess synchronous reset capability.  It is suggested to recode or change these registers to remove the reset or use a synchronous reset to get the best optimization for performance, power and area.
Related violations: <none>

DPIR-1#73 Warning
Asynchronous driver check  
DSP i_ariane/gen_example_coprocessor.i_cvxif_coprocessor/i_copro_alu/result_n5__3 input pin i_ariane/gen_example_coprocessor.i_cvxif_coprocessor/i_copro_alu/result_n5__3/B[0] is connected to registers with an asynchronous reset. This is preventing the possibility of merging these registers in to the DSP Block since the DSP block registers only possess synchronous reset capability.  It is suggested to recode or change these registers to remove the reset or use a synchronous reset to get the best optimization for performance, power and area.
Related violations: <none>

DPIR-1#74 Warning
Asynchronous driver check  
DSP i_ariane/gen_example_coprocessor.i_cvxif_coprocessor/i_copro_alu/result_n5__3 input pin i_ariane/gen_example_coprocessor.i_cvxif_coprocessor/i_copro_alu/result_n5__3/B[10] is connected to registers with an asynchronous reset. This is preventing the possibility of merging these registers in to the DSP Block since the DSP block registers only possess synchronous reset capability.  It is suggested to recode or change these registers to remove the reset or use a synchronous reset to get the best optimization for performance, power and area.
Related violations: <none>

DPIR-1#75 Warning
Asynchronous driver check  
DSP i_ariane/gen_example_coprocessor.i_cvxif_coprocessor/i_copro_alu/result_n5__3 input pin i_ariane/gen_example_coprocessor.i_cvxif_coprocessor/i_copro_alu/result_n5__3/B[11] is connected to registers with an asynchronous reset. This is preventing the possibility of merging these registers in to the DSP Block since the DSP block registers only possess synchronous reset capability.  It is suggested to recode or change these registers to remove the reset or use a synchronous reset to get the best optimization for performance, power and area.
Related violations: <none>

DPIR-1#76 Warning
Asynchronous driver check  
DSP i_ariane/gen_example_coprocessor.i_cvxif_coprocessor/i_copro_alu/result_n5__3 input pin i_ariane/gen_example_coprocessor.i_cvxif_coprocessor/i_copro_alu/result_n5__3/B[12] is connected to registers with an asynchronous reset. This is preventing the possibility of merging these registers in to the DSP Block since the DSP block registers only possess synchronous reset capability.  It is suggested to recode or change these registers to remove the reset or use a synchronous reset to get the best optimization for performance, power and area.
Related violations: <none>

DPIR-1#77 Warning
Asynchronous driver check  
DSP i_ariane/gen_example_coprocessor.i_cvxif_coprocessor/i_copro_alu/result_n5__3 input pin i_ariane/gen_example_coprocessor.i_cvxif_coprocessor/i_copro_alu/result_n5__3/B[13] is connected to registers with an asynchronous reset. This is preventing the possibility of merging these registers in to the DSP Block since the DSP block registers only possess synchronous reset capability.  It is suggested to recode or change these registers to remove the reset or use a synchronous reset to get the best optimization for performance, power and area.
Related violations: <none>

DPIR-1#78 Warning
Asynchronous driver check  
DSP i_ariane/gen_example_coprocessor.i_cvxif_coprocessor/i_copro_alu/result_n5__3 input pin i_ariane/gen_example_coprocessor.i_cvxif_coprocessor/i_copro_alu/result_n5__3/B[14] is connected to registers with an asynchronous reset. This is preventing the possibility of merging these registers in to the DSP Block since the DSP block registers only possess synchronous reset capability.  It is suggested to recode or change these registers to remove the reset or use a synchronous reset to get the best optimization for performance, power and area.
Related violations: <none>

DPIR-1#79 Warning
Asynchronous driver check  
DSP i_ariane/gen_example_coprocessor.i_cvxif_coprocessor/i_copro_alu/result_n5__3 input pin i_ariane/gen_example_coprocessor.i_cvxif_coprocessor/i_copro_alu/result_n5__3/B[15] is connected to registers with an asynchronous reset. This is preventing the possibility of merging these registers in to the DSP Block since the DSP block registers only possess synchronous reset capability.  It is suggested to recode or change these registers to remove the reset or use a synchronous reset to get the best optimization for performance, power and area.
Related violations: <none>

DPIR-1#80 Warning
Asynchronous driver check  
DSP i_ariane/gen_example_coprocessor.i_cvxif_coprocessor/i_copro_alu/result_n5__3 input pin i_ariane/gen_example_coprocessor.i_cvxif_coprocessor/i_copro_alu/result_n5__3/B[16] is connected to registers with an asynchronous reset. This is preventing the possibility of merging these registers in to the DSP Block since the DSP block registers only possess synchronous reset capability.  It is suggested to recode or change these registers to remove the reset or use a synchronous reset to get the best optimization for performance, power and area.
Related violations: <none>

DPIR-1#81 Warning
Asynchronous driver check  
DSP i_ariane/gen_example_coprocessor.i_cvxif_coprocessor/i_copro_alu/result_n5__3 input pin i_ariane/gen_example_coprocessor.i_cvxif_coprocessor/i_copro_alu/result_n5__3/B[17] is connected to registers with an asynchronous reset. This is preventing the possibility of merging these registers in to the DSP Block since the DSP block registers only possess synchronous reset capability.  It is suggested to recode or change these registers to remove the reset or use a synchronous reset to get the best optimization for performance, power and area.
Related violations: <none>

DPIR-1#82 Warning
Asynchronous driver check  
DSP i_ariane/gen_example_coprocessor.i_cvxif_coprocessor/i_copro_alu/result_n5__3 input pin i_ariane/gen_example_coprocessor.i_cvxif_coprocessor/i_copro_alu/result_n5__3/B[1] is connected to registers with an asynchronous reset. This is preventing the possibility of merging these registers in to the DSP Block since the DSP block registers only possess synchronous reset capability.  It is suggested to recode or change these registers to remove the reset or use a synchronous reset to get the best optimization for performance, power and area.
Related violations: <none>

DPIR-1#83 Warning
Asynchronous driver check  
DSP i_ariane/gen_example_coprocessor.i_cvxif_coprocessor/i_copro_alu/result_n5__3 input pin i_ariane/gen_example_coprocessor.i_cvxif_coprocessor/i_copro_alu/result_n5__3/B[2] is connected to registers with an asynchronous reset. This is preventing the possibility of merging these registers in to the DSP Block since the DSP block registers only possess synchronous reset capability.  It is suggested to recode or change these registers to remove the reset or use a synchronous reset to get the best optimization for performance, power and area.
Related violations: <none>

DPIR-1#84 Warning
Asynchronous driver check  
DSP i_ariane/gen_example_coprocessor.i_cvxif_coprocessor/i_copro_alu/result_n5__3 input pin i_ariane/gen_example_coprocessor.i_cvxif_coprocessor/i_copro_alu/result_n5__3/B[3] is connected to registers with an asynchronous reset. This is preventing the possibility of merging these registers in to the DSP Block since the DSP block registers only possess synchronous reset capability.  It is suggested to recode or change these registers to remove the reset or use a synchronous reset to get the best optimization for performance, power and area.
Related violations: <none>

DPIR-1#85 Warning
Asynchronous driver check  
DSP i_ariane/gen_example_coprocessor.i_cvxif_coprocessor/i_copro_alu/result_n5__3 input pin i_ariane/gen_example_coprocessor.i_cvxif_coprocessor/i_copro_alu/result_n5__3/B[4] is connected to registers with an asynchronous reset. This is preventing the possibility of merging these registers in to the DSP Block since the DSP block registers only possess synchronous reset capability.  It is suggested to recode or change these registers to remove the reset or use a synchronous reset to get the best optimization for performance, power and area.
Related violations: <none>

DPIR-1#86 Warning
Asynchronous driver check  
DSP i_ariane/gen_example_coprocessor.i_cvxif_coprocessor/i_copro_alu/result_n5__3 input pin i_ariane/gen_example_coprocessor.i_cvxif_coprocessor/i_copro_alu/result_n5__3/B[5] is connected to registers with an asynchronous reset. This is preventing the possibility of merging these registers in to the DSP Block since the DSP block registers only possess synchronous reset capability.  It is suggested to recode or change these registers to remove the reset or use a synchronous reset to get the best optimization for performance, power and area.
Related violations: <none>

DPIR-1#87 Warning
Asynchronous driver check  
DSP i_ariane/gen_example_coprocessor.i_cvxif_coprocessor/i_copro_alu/result_n5__3 input pin i_ariane/gen_example_coprocessor.i_cvxif_coprocessor/i_copro_alu/result_n5__3/B[6] is connected to registers with an asynchronous reset. This is preventing the possibility of merging these registers in to the DSP Block since the DSP block registers only possess synchronous reset capability.  It is suggested to recode or change these registers to remove the reset or use a synchronous reset to get the best optimization for performance, power and area.
Related violations: <none>

DPIR-1#88 Warning
Asynchronous driver check  
DSP i_ariane/gen_example_coprocessor.i_cvxif_coprocessor/i_copro_alu/result_n5__3 input pin i_ariane/gen_example_coprocessor.i_cvxif_coprocessor/i_copro_alu/result_n5__3/B[7] is connected to registers with an asynchronous reset. This is preventing the possibility of merging these registers in to the DSP Block since the DSP block registers only possess synchronous reset capability.  It is suggested to recode or change these registers to remove the reset or use a synchronous reset to get the best optimization for performance, power and area.
Related violations: <none>

DPIR-1#89 Warning
Asynchronous driver check  
DSP i_ariane/gen_example_coprocessor.i_cvxif_coprocessor/i_copro_alu/result_n5__3 input pin i_ariane/gen_example_coprocessor.i_cvxif_coprocessor/i_copro_alu/result_n5__3/B[8] is connected to registers with an asynchronous reset. This is preventing the possibility of merging these registers in to the DSP Block since the DSP block registers only possess synchronous reset capability.  It is suggested to recode or change these registers to remove the reset or use a synchronous reset to get the best optimization for performance, power and area.
Related violations: <none>

DPIR-1#90 Warning
Asynchronous driver check  
DSP i_ariane/gen_example_coprocessor.i_cvxif_coprocessor/i_copro_alu/result_n5__3 input pin i_ariane/gen_example_coprocessor.i_cvxif_coprocessor/i_copro_alu/result_n5__3/B[9] is connected to registers with an asynchronous reset. This is preventing the possibility of merging these registers in to the DSP Block since the DSP block registers only possess synchronous reset capability.  It is suggested to recode or change these registers to remove the reset or use a synchronous reset to get the best optimization for performance, power and area.
Related violations: <none>

DPIR-1#91 Warning
Asynchronous driver check  
DSP i_ariane/gen_example_coprocessor.i_cvxif_coprocessor/i_copro_alu/result_n5__4 input pin i_ariane/gen_example_coprocessor.i_cvxif_coprocessor/i_copro_alu/result_n5__4/B[0] is connected to registers with an asynchronous reset. This is preventing the possibility of merging these registers in to the DSP Block since the DSP block registers only possess synchronous reset capability.  It is suggested to recode or change these registers to remove the reset or use a synchronous reset to get the best optimization for performance, power and area.
Related violations: <none>

DPIR-1#92 Warning
Asynchronous driver check  
DSP i_ariane/gen_example_coprocessor.i_cvxif_coprocessor/i_copro_alu/result_n5__4 input pin i_ariane/gen_example_coprocessor.i_cvxif_coprocessor/i_copro_alu/result_n5__4/B[10] is connected to registers with an asynchronous reset. This is preventing the possibility of merging these registers in to the DSP Block since the DSP block registers only possess synchronous reset capability.  It is suggested to recode or change these registers to remove the reset or use a synchronous reset to get the best optimization for performance, power and area.
Related violations: <none>

DPIR-1#93 Warning
Asynchronous driver check  
DSP i_ariane/gen_example_coprocessor.i_cvxif_coprocessor/i_copro_alu/result_n5__4 input pin i_ariane/gen_example_coprocessor.i_cvxif_coprocessor/i_copro_alu/result_n5__4/B[11] is connected to registers with an asynchronous reset. This is preventing the possibility of merging these registers in to the DSP Block since the DSP block registers only possess synchronous reset capability.  It is suggested to recode or change these registers to remove the reset or use a synchronous reset to get the best optimization for performance, power and area.
Related violations: <none>

DPIR-1#94 Warning
Asynchronous driver check  
DSP i_ariane/gen_example_coprocessor.i_cvxif_coprocessor/i_copro_alu/result_n5__4 input pin i_ariane/gen_example_coprocessor.i_cvxif_coprocessor/i_copro_alu/result_n5__4/B[12] is connected to registers with an asynchronous reset. This is preventing the possibility of merging these registers in to the DSP Block since the DSP block registers only possess synchronous reset capability.  It is suggested to recode or change these registers to remove the reset or use a synchronous reset to get the best optimization for performance, power and area.
Related violations: <none>

DPIR-1#95 Warning
Asynchronous driver check  
DSP i_ariane/gen_example_coprocessor.i_cvxif_coprocessor/i_copro_alu/result_n5__4 input pin i_ariane/gen_example_coprocessor.i_cvxif_coprocessor/i_copro_alu/result_n5__4/B[13] is connected to registers with an asynchronous reset. This is preventing the possibility of merging these registers in to the DSP Block since the DSP block registers only possess synchronous reset capability.  It is suggested to recode or change these registers to remove the reset or use a synchronous reset to get the best optimization for performance, power and area.
Related violations: <none>

DPIR-1#96 Warning
Asynchronous driver check  
DSP i_ariane/gen_example_coprocessor.i_cvxif_coprocessor/i_copro_alu/result_n5__4 input pin i_ariane/gen_example_coprocessor.i_cvxif_coprocessor/i_copro_alu/result_n5__4/B[14] is connected to registers with an asynchronous reset. This is preventing the possibility of merging these registers in to the DSP Block since the DSP block registers only possess synchronous reset capability.  It is suggested to recode or change these registers to remove the reset or use a synchronous reset to get the best optimization for performance, power and area.
Related violations: <none>

DPIR-1#97 Warning
Asynchronous driver check  
DSP i_ariane/gen_example_coprocessor.i_cvxif_coprocessor/i_copro_alu/result_n5__4 input pin i_ariane/gen_example_coprocessor.i_cvxif_coprocessor/i_copro_alu/result_n5__4/B[15] is connected to registers with an asynchronous reset. This is preventing the possibility of merging these registers in to the DSP Block since the DSP block registers only possess synchronous reset capability.  It is suggested to recode or change these registers to remove the reset or use a synchronous reset to get the best optimization for performance, power and area.
Related violations: <none>

DPIR-1#98 Warning
Asynchronous driver check  
DSP i_ariane/gen_example_coprocessor.i_cvxif_coprocessor/i_copro_alu/result_n5__4 input pin i_ariane/gen_example_coprocessor.i_cvxif_coprocessor/i_copro_alu/result_n5__4/B[16] is connected to registers with an asynchronous reset. This is preventing the possibility of merging these registers in to the DSP Block since the DSP block registers only possess synchronous reset capability.  It is suggested to recode or change these registers to remove the reset or use a synchronous reset to get the best optimization for performance, power and area.
Related violations: <none>

DPIR-1#99 Warning
Asynchronous driver check  
DSP i_ariane/gen_example_coprocessor.i_cvxif_coprocessor/i_copro_alu/result_n5__4 input pin i_ariane/gen_example_coprocessor.i_cvxif_coprocessor/i_copro_alu/result_n5__4/B[17] is connected to registers with an asynchronous reset. This is preventing the possibility of merging these registers in to the DSP Block since the DSP block registers only possess synchronous reset capability.  It is suggested to recode or change these registers to remove the reset or use a synchronous reset to get the best optimization for performance, power and area.
Related violations: <none>

DPIR-1#100 Warning
Asynchronous driver check  
DSP i_ariane/gen_example_coprocessor.i_cvxif_coprocessor/i_copro_alu/result_n5__4 input pin i_ariane/gen_example_coprocessor.i_cvxif_coprocessor/i_copro_alu/result_n5__4/B[1] is connected to registers with an asynchronous reset. This is preventing the possibility of merging these registers in to the DSP Block since the DSP block registers only possess synchronous reset capability.  It is suggested to recode or change these registers to remove the reset or use a synchronous reset to get the best optimization for performance, power and area.
Related violations: <none>

DPIR-1#101 Warning
Asynchronous driver check  
DSP i_ariane/gen_example_coprocessor.i_cvxif_coprocessor/i_copro_alu/result_n5__4 input pin i_ariane/gen_example_coprocessor.i_cvxif_coprocessor/i_copro_alu/result_n5__4/B[2] is connected to registers with an asynchronous reset. This is preventing the possibility of merging these registers in to the DSP Block since the DSP block registers only possess synchronous reset capability.  It is suggested to recode or change these registers to remove the reset or use a synchronous reset to get the best optimization for performance, power and area.
Related violations: <none>

DPIR-1#102 Warning
Asynchronous driver check  
DSP i_ariane/gen_example_coprocessor.i_cvxif_coprocessor/i_copro_alu/result_n5__4 input pin i_ariane/gen_example_coprocessor.i_cvxif_coprocessor/i_copro_alu/result_n5__4/B[3] is connected to registers with an asynchronous reset. This is preventing the possibility of merging these registers in to the DSP Block since the DSP block registers only possess synchronous reset capability.  It is suggested to recode or change these registers to remove the reset or use a synchronous reset to get the best optimization for performance, power and area.
Related violations: <none>

DPIR-1#103 Warning
Asynchronous driver check  
DSP i_ariane/gen_example_coprocessor.i_cvxif_coprocessor/i_copro_alu/result_n5__4 input pin i_ariane/gen_example_coprocessor.i_cvxif_coprocessor/i_copro_alu/result_n5__4/B[4] is connected to registers with an asynchronous reset. This is preventing the possibility of merging these registers in to the DSP Block since the DSP block registers only possess synchronous reset capability.  It is suggested to recode or change these registers to remove the reset or use a synchronous reset to get the best optimization for performance, power and area.
Related violations: <none>

DPIR-1#104 Warning
Asynchronous driver check  
DSP i_ariane/gen_example_coprocessor.i_cvxif_coprocessor/i_copro_alu/result_n5__4 input pin i_ariane/gen_example_coprocessor.i_cvxif_coprocessor/i_copro_alu/result_n5__4/B[5] is connected to registers with an asynchronous reset. This is preventing the possibility of merging these registers in to the DSP Block since the DSP block registers only possess synchronous reset capability.  It is suggested to recode or change these registers to remove the reset or use a synchronous reset to get the best optimization for performance, power and area.
Related violations: <none>

DPIR-1#105 Warning
Asynchronous driver check  
DSP i_ariane/gen_example_coprocessor.i_cvxif_coprocessor/i_copro_alu/result_n5__4 input pin i_ariane/gen_example_coprocessor.i_cvxif_coprocessor/i_copro_alu/result_n5__4/B[6] is connected to registers with an asynchronous reset. This is preventing the possibility of merging these registers in to the DSP Block since the DSP block registers only possess synchronous reset capability.  It is suggested to recode or change these registers to remove the reset or use a synchronous reset to get the best optimization for performance, power and area.
Related violations: <none>

DPIR-1#106 Warning
Asynchronous driver check  
DSP i_ariane/gen_example_coprocessor.i_cvxif_coprocessor/i_copro_alu/result_n5__4 input pin i_ariane/gen_example_coprocessor.i_cvxif_coprocessor/i_copro_alu/result_n5__4/B[7] is connected to registers with an asynchronous reset. This is preventing the possibility of merging these registers in to the DSP Block since the DSP block registers only possess synchronous reset capability.  It is suggested to recode or change these registers to remove the reset or use a synchronous reset to get the best optimization for performance, power and area.
Related violations: <none>

DPIR-1#107 Warning
Asynchronous driver check  
DSP i_ariane/gen_example_coprocessor.i_cvxif_coprocessor/i_copro_alu/result_n5__4 input pin i_ariane/gen_example_coprocessor.i_cvxif_coprocessor/i_copro_alu/result_n5__4/B[8] is connected to registers with an asynchronous reset. This is preventing the possibility of merging these registers in to the DSP Block since the DSP block registers only possess synchronous reset capability.  It is suggested to recode or change these registers to remove the reset or use a synchronous reset to get the best optimization for performance, power and area.
Related violations: <none>

DPIR-1#108 Warning
Asynchronous driver check  
DSP i_ariane/gen_example_coprocessor.i_cvxif_coprocessor/i_copro_alu/result_n5__4 input pin i_ariane/gen_example_coprocessor.i_cvxif_coprocessor/i_copro_alu/result_n5__4/B[9] is connected to registers with an asynchronous reset. This is preventing the possibility of merging these registers in to the DSP Block since the DSP block registers only possess synchronous reset capability.  It is suggested to recode or change these registers to remove the reset or use a synchronous reset to get the best optimization for performance, power and area.
Related violations: <none>

DPIR-1#109 Warning
Asynchronous driver check  
DSP i_ariane/gen_example_coprocessor.i_cvxif_coprocessor/i_copro_alu/result_n5__5 input pin i_ariane/gen_example_coprocessor.i_cvxif_coprocessor/i_copro_alu/result_n5__5/B[0] is connected to registers with an asynchronous reset. This is preventing the possibility of merging these registers in to the DSP Block since the DSP block registers only possess synchronous reset capability.  It is suggested to recode or change these registers to remove the reset or use a synchronous reset to get the best optimization for performance, power and area.
Related violations: <none>

DPIR-1#110 Warning
Asynchronous driver check  
DSP i_ariane/gen_example_coprocessor.i_cvxif_coprocessor/i_copro_alu/result_n5__5 input pin i_ariane/gen_example_coprocessor.i_cvxif_coprocessor/i_copro_alu/result_n5__5/B[10] is connected to registers with an asynchronous reset. This is preventing the possibility of merging these registers in to the DSP Block since the DSP block registers only possess synchronous reset capability.  It is suggested to recode or change these registers to remove the reset or use a synchronous reset to get the best optimization for performance, power and area.
Related violations: <none>

DPIR-1#111 Warning
Asynchronous driver check  
DSP i_ariane/gen_example_coprocessor.i_cvxif_coprocessor/i_copro_alu/result_n5__5 input pin i_ariane/gen_example_coprocessor.i_cvxif_coprocessor/i_copro_alu/result_n5__5/B[11] is connected to registers with an asynchronous reset. This is preventing the possibility of merging these registers in to the DSP Block since the DSP block registers only possess synchronous reset capability.  It is suggested to recode or change these registers to remove the reset or use a synchronous reset to get the best optimization for performance, power and area.
Related violations: <none>

DPIR-1#112 Warning
Asynchronous driver check  
DSP i_ariane/gen_example_coprocessor.i_cvxif_coprocessor/i_copro_alu/result_n5__5 input pin i_ariane/gen_example_coprocessor.i_cvxif_coprocessor/i_copro_alu/result_n5__5/B[12] is connected to registers with an asynchronous reset. This is preventing the possibility of merging these registers in to the DSP Block since the DSP block registers only possess synchronous reset capability.  It is suggested to recode or change these registers to remove the reset or use a synchronous reset to get the best optimization for performance, power and area.
Related violations: <none>

DPIR-1#113 Warning
Asynchronous driver check  
DSP i_ariane/gen_example_coprocessor.i_cvxif_coprocessor/i_copro_alu/result_n5__5 input pin i_ariane/gen_example_coprocessor.i_cvxif_coprocessor/i_copro_alu/result_n5__5/B[13] is connected to registers with an asynchronous reset. This is preventing the possibility of merging these registers in to the DSP Block since the DSP block registers only possess synchronous reset capability.  It is suggested to recode or change these registers to remove the reset or use a synchronous reset to get the best optimization for performance, power and area.
Related violations: <none>

DPIR-1#114 Warning
Asynchronous driver check  
DSP i_ariane/gen_example_coprocessor.i_cvxif_coprocessor/i_copro_alu/result_n5__5 input pin i_ariane/gen_example_coprocessor.i_cvxif_coprocessor/i_copro_alu/result_n5__5/B[14] is connected to registers with an asynchronous reset. This is preventing the possibility of merging these registers in to the DSP Block since the DSP block registers only possess synchronous reset capability.  It is suggested to recode or change these registers to remove the reset or use a synchronous reset to get the best optimization for performance, power and area.
Related violations: <none>

DPIR-1#115 Warning
Asynchronous driver check  
DSP i_ariane/gen_example_coprocessor.i_cvxif_coprocessor/i_copro_alu/result_n5__5 input pin i_ariane/gen_example_coprocessor.i_cvxif_coprocessor/i_copro_alu/result_n5__5/B[15] is connected to registers with an asynchronous reset. This is preventing the possibility of merging these registers in to the DSP Block since the DSP block registers only possess synchronous reset capability.  It is suggested to recode or change these registers to remove the reset or use a synchronous reset to get the best optimization for performance, power and area.
Related violations: <none>

DPIR-1#116 Warning
Asynchronous driver check  
DSP i_ariane/gen_example_coprocessor.i_cvxif_coprocessor/i_copro_alu/result_n5__5 input pin i_ariane/gen_example_coprocessor.i_cvxif_coprocessor/i_copro_alu/result_n5__5/B[16] is connected to registers with an asynchronous reset. This is preventing the possibility of merging these registers in to the DSP Block since the DSP block registers only possess synchronous reset capability.  It is suggested to recode or change these registers to remove the reset or use a synchronous reset to get the best optimization for performance, power and area.
Related violations: <none>

DPIR-1#117 Warning
Asynchronous driver check  
DSP i_ariane/gen_example_coprocessor.i_cvxif_coprocessor/i_copro_alu/result_n5__5 input pin i_ariane/gen_example_coprocessor.i_cvxif_coprocessor/i_copro_alu/result_n5__5/B[17] is connected to registers with an asynchronous reset. This is preventing the possibility of merging these registers in to the DSP Block since the DSP block registers only possess synchronous reset capability.  It is suggested to recode or change these registers to remove the reset or use a synchronous reset to get the best optimization for performance, power and area.
Related violations: <none>

DPIR-1#118 Warning
Asynchronous driver check  
DSP i_ariane/gen_example_coprocessor.i_cvxif_coprocessor/i_copro_alu/result_n5__5 input pin i_ariane/gen_example_coprocessor.i_cvxif_coprocessor/i_copro_alu/result_n5__5/B[1] is connected to registers with an asynchronous reset. This is preventing the possibility of merging these registers in to the DSP Block since the DSP block registers only possess synchronous reset capability.  It is suggested to recode or change these registers to remove the reset or use a synchronous reset to get the best optimization for performance, power and area.
Related violations: <none>

DPIR-1#119 Warning
Asynchronous driver check  
DSP i_ariane/gen_example_coprocessor.i_cvxif_coprocessor/i_copro_alu/result_n5__5 input pin i_ariane/gen_example_coprocessor.i_cvxif_coprocessor/i_copro_alu/result_n5__5/B[2] is connected to registers with an asynchronous reset. This is preventing the possibility of merging these registers in to the DSP Block since the DSP block registers only possess synchronous reset capability.  It is suggested to recode or change these registers to remove the reset or use a synchronous reset to get the best optimization for performance, power and area.
Related violations: <none>

DPIR-1#120 Warning
Asynchronous driver check  
DSP i_ariane/gen_example_coprocessor.i_cvxif_coprocessor/i_copro_alu/result_n5__5 input pin i_ariane/gen_example_coprocessor.i_cvxif_coprocessor/i_copro_alu/result_n5__5/B[3] is connected to registers with an asynchronous reset. This is preventing the possibility of merging these registers in to the DSP Block since the DSP block registers only possess synchronous reset capability.  It is suggested to recode or change these registers to remove the reset or use a synchronous reset to get the best optimization for performance, power and area.
Related violations: <none>

DPIR-1#121 Warning
Asynchronous driver check  
DSP i_ariane/gen_example_coprocessor.i_cvxif_coprocessor/i_copro_alu/result_n5__5 input pin i_ariane/gen_example_coprocessor.i_cvxif_coprocessor/i_copro_alu/result_n5__5/B[4] is connected to registers with an asynchronous reset. This is preventing the possibility of merging these registers in to the DSP Block since the DSP block registers only possess synchronous reset capability.  It is suggested to recode or change these registers to remove the reset or use a synchronous reset to get the best optimization for performance, power and area.
Related violations: <none>

DPIR-1#122 Warning
Asynchronous driver check  
DSP i_ariane/gen_example_coprocessor.i_cvxif_coprocessor/i_copro_alu/result_n5__5 input pin i_ariane/gen_example_coprocessor.i_cvxif_coprocessor/i_copro_alu/result_n5__5/B[5] is connected to registers with an asynchronous reset. This is preventing the possibility of merging these registers in to the DSP Block since the DSP block registers only possess synchronous reset capability.  It is suggested to recode or change these registers to remove the reset or use a synchronous reset to get the best optimization for performance, power and area.
Related violations: <none>

DPIR-1#123 Warning
Asynchronous driver check  
DSP i_ariane/gen_example_coprocessor.i_cvxif_coprocessor/i_copro_alu/result_n5__5 input pin i_ariane/gen_example_coprocessor.i_cvxif_coprocessor/i_copro_alu/result_n5__5/B[6] is connected to registers with an asynchronous reset. This is preventing the possibility of merging these registers in to the DSP Block since the DSP block registers only possess synchronous reset capability.  It is suggested to recode or change these registers to remove the reset or use a synchronous reset to get the best optimization for performance, power and area.
Related violations: <none>

DPIR-1#124 Warning
Asynchronous driver check  
DSP i_ariane/gen_example_coprocessor.i_cvxif_coprocessor/i_copro_alu/result_n5__5 input pin i_ariane/gen_example_coprocessor.i_cvxif_coprocessor/i_copro_alu/result_n5__5/B[7] is connected to registers with an asynchronous reset. This is preventing the possibility of merging these registers in to the DSP Block since the DSP block registers only possess synchronous reset capability.  It is suggested to recode or change these registers to remove the reset or use a synchronous reset to get the best optimization for performance, power and area.
Related violations: <none>

DPIR-1#125 Warning
Asynchronous driver check  
DSP i_ariane/gen_example_coprocessor.i_cvxif_coprocessor/i_copro_alu/result_n5__5 input pin i_ariane/gen_example_coprocessor.i_cvxif_coprocessor/i_copro_alu/result_n5__5/B[8] is connected to registers with an asynchronous reset. This is preventing the possibility of merging these registers in to the DSP Block since the DSP block registers only possess synchronous reset capability.  It is suggested to recode or change these registers to remove the reset or use a synchronous reset to get the best optimization for performance, power and area.
Related violations: <none>

DPIR-1#126 Warning
Asynchronous driver check  
DSP i_ariane/gen_example_coprocessor.i_cvxif_coprocessor/i_copro_alu/result_n5__5 input pin i_ariane/gen_example_coprocessor.i_cvxif_coprocessor/i_copro_alu/result_n5__5/B[9] is connected to registers with an asynchronous reset. This is preventing the possibility of merging these registers in to the DSP Block since the DSP block registers only possess synchronous reset capability.  It is suggested to recode or change these registers to remove the reset or use a synchronous reset to get the best optimization for performance, power and area.
Related violations: <none>

DPIR-1#127 Warning
Asynchronous driver check  
DSP i_ariane/gen_example_coprocessor.i_cvxif_coprocessor/i_copro_alu/result_n5__7 input pin i_ariane/gen_example_coprocessor.i_cvxif_coprocessor/i_copro_alu/result_n5__7/B[0] is connected to registers with an asynchronous reset. This is preventing the possibility of merging these registers in to the DSP Block since the DSP block registers only possess synchronous reset capability.  It is suggested to recode or change these registers to remove the reset or use a synchronous reset to get the best optimization for performance, power and area.
Related violations: <none>

DPIR-1#128 Warning
Asynchronous driver check  
DSP i_ariane/gen_example_coprocessor.i_cvxif_coprocessor/i_copro_alu/result_n5__7 input pin i_ariane/gen_example_coprocessor.i_cvxif_coprocessor/i_copro_alu/result_n5__7/B[10] is connected to registers with an asynchronous reset. This is preventing the possibility of merging these registers in to the DSP Block since the DSP block registers only possess synchronous reset capability.  It is suggested to recode or change these registers to remove the reset or use a synchronous reset to get the best optimization for performance, power and area.
Related violations: <none>

DPIR-1#129 Warning
Asynchronous driver check  
DSP i_ariane/gen_example_coprocessor.i_cvxif_coprocessor/i_copro_alu/result_n5__7 input pin i_ariane/gen_example_coprocessor.i_cvxif_coprocessor/i_copro_alu/result_n5__7/B[11] is connected to registers with an asynchronous reset. This is preventing the possibility of merging these registers in to the DSP Block since the DSP block registers only possess synchronous reset capability.  It is suggested to recode or change these registers to remove the reset or use a synchronous reset to get the best optimization for performance, power and area.
Related violations: <none>

DPIR-1#130 Warning
Asynchronous driver check  
DSP i_ariane/gen_example_coprocessor.i_cvxif_coprocessor/i_copro_alu/result_n5__7 input pin i_ariane/gen_example_coprocessor.i_cvxif_coprocessor/i_copro_alu/result_n5__7/B[12] is connected to registers with an asynchronous reset. This is preventing the possibility of merging these registers in to the DSP Block since the DSP block registers only possess synchronous reset capability.  It is suggested to recode or change these registers to remove the reset or use a synchronous reset to get the best optimization for performance, power and area.
Related violations: <none>

DPIR-1#131 Warning
Asynchronous driver check  
DSP i_ariane/gen_example_coprocessor.i_cvxif_coprocessor/i_copro_alu/result_n5__7 input pin i_ariane/gen_example_coprocessor.i_cvxif_coprocessor/i_copro_alu/result_n5__7/B[13] is connected to registers with an asynchronous reset. This is preventing the possibility of merging these registers in to the DSP Block since the DSP block registers only possess synchronous reset capability.  It is suggested to recode or change these registers to remove the reset or use a synchronous reset to get the best optimization for performance, power and area.
Related violations: <none>

DPIR-1#132 Warning
Asynchronous driver check  
DSP i_ariane/gen_example_coprocessor.i_cvxif_coprocessor/i_copro_alu/result_n5__7 input pin i_ariane/gen_example_coprocessor.i_cvxif_coprocessor/i_copro_alu/result_n5__7/B[14] is connected to registers with an asynchronous reset. This is preventing the possibility of merging these registers in to the DSP Block since the DSP block registers only possess synchronous reset capability.  It is suggested to recode or change these registers to remove the reset or use a synchronous reset to get the best optimization for performance, power and area.
Related violations: <none>

DPIR-1#133 Warning
Asynchronous driver check  
DSP i_ariane/gen_example_coprocessor.i_cvxif_coprocessor/i_copro_alu/result_n5__7 input pin i_ariane/gen_example_coprocessor.i_cvxif_coprocessor/i_copro_alu/result_n5__7/B[15] is connected to registers with an asynchronous reset. This is preventing the possibility of merging these registers in to the DSP Block since the DSP block registers only possess synchronous reset capability.  It is suggested to recode or change these registers to remove the reset or use a synchronous reset to get the best optimization for performance, power and area.
Related violations: <none>

DPIR-1#134 Warning
Asynchronous driver check  
DSP i_ariane/gen_example_coprocessor.i_cvxif_coprocessor/i_copro_alu/result_n5__7 input pin i_ariane/gen_example_coprocessor.i_cvxif_coprocessor/i_copro_alu/result_n5__7/B[16] is connected to registers with an asynchronous reset. This is preventing the possibility of merging these registers in to the DSP Block since the DSP block registers only possess synchronous reset capability.  It is suggested to recode or change these registers to remove the reset or use a synchronous reset to get the best optimization for performance, power and area.
Related violations: <none>

DPIR-1#135 Warning
Asynchronous driver check  
DSP i_ariane/gen_example_coprocessor.i_cvxif_coprocessor/i_copro_alu/result_n5__7 input pin i_ariane/gen_example_coprocessor.i_cvxif_coprocessor/i_copro_alu/result_n5__7/B[17] is connected to registers with an asynchronous reset. This is preventing the possibility of merging these registers in to the DSP Block since the DSP block registers only possess synchronous reset capability.  It is suggested to recode or change these registers to remove the reset or use a synchronous reset to get the best optimization for performance, power and area.
Related violations: <none>

DPIR-1#136 Warning
Asynchronous driver check  
DSP i_ariane/gen_example_coprocessor.i_cvxif_coprocessor/i_copro_alu/result_n5__7 input pin i_ariane/gen_example_coprocessor.i_cvxif_coprocessor/i_copro_alu/result_n5__7/B[1] is connected to registers with an asynchronous reset. This is preventing the possibility of merging these registers in to the DSP Block since the DSP block registers only possess synchronous reset capability.  It is suggested to recode or change these registers to remove the reset or use a synchronous reset to get the best optimization for performance, power and area.
Related violations: <none>

DPIR-1#137 Warning
Asynchronous driver check  
DSP i_ariane/gen_example_coprocessor.i_cvxif_coprocessor/i_copro_alu/result_n5__7 input pin i_ariane/gen_example_coprocessor.i_cvxif_coprocessor/i_copro_alu/result_n5__7/B[2] is connected to registers with an asynchronous reset. This is preventing the possibility of merging these registers in to the DSP Block since the DSP block registers only possess synchronous reset capability.  It is suggested to recode or change these registers to remove the reset or use a synchronous reset to get the best optimization for performance, power and area.
Related violations: <none>

DPIR-1#138 Warning
Asynchronous driver check  
DSP i_ariane/gen_example_coprocessor.i_cvxif_coprocessor/i_copro_alu/result_n5__7 input pin i_ariane/gen_example_coprocessor.i_cvxif_coprocessor/i_copro_alu/result_n5__7/B[3] is connected to registers with an asynchronous reset. This is preventing the possibility of merging these registers in to the DSP Block since the DSP block registers only possess synchronous reset capability.  It is suggested to recode or change these registers to remove the reset or use a synchronous reset to get the best optimization for performance, power and area.
Related violations: <none>

DPIR-1#139 Warning
Asynchronous driver check  
DSP i_ariane/gen_example_coprocessor.i_cvxif_coprocessor/i_copro_alu/result_n5__7 input pin i_ariane/gen_example_coprocessor.i_cvxif_coprocessor/i_copro_alu/result_n5__7/B[4] is connected to registers with an asynchronous reset. This is preventing the possibility of merging these registers in to the DSP Block since the DSP block registers only possess synchronous reset capability.  It is suggested to recode or change these registers to remove the reset or use a synchronous reset to get the best optimization for performance, power and area.
Related violations: <none>

DPIR-1#140 Warning
Asynchronous driver check  
DSP i_ariane/gen_example_coprocessor.i_cvxif_coprocessor/i_copro_alu/result_n5__7 input pin i_ariane/gen_example_coprocessor.i_cvxif_coprocessor/i_copro_alu/result_n5__7/B[5] is connected to registers with an asynchronous reset. This is preventing the possibility of merging these registers in to the DSP Block since the DSP block registers only possess synchronous reset capability.  It is suggested to recode or change these registers to remove the reset or use a synchronous reset to get the best optimization for performance, power and area.
Related violations: <none>

DPIR-1#141 Warning
Asynchronous driver check  
DSP i_ariane/gen_example_coprocessor.i_cvxif_coprocessor/i_copro_alu/result_n5__7 input pin i_ariane/gen_example_coprocessor.i_cvxif_coprocessor/i_copro_alu/result_n5__7/B[6] is connected to registers with an asynchronous reset. This is preventing the possibility of merging these registers in to the DSP Block since the DSP block registers only possess synchronous reset capability.  It is suggested to recode or change these registers to remove the reset or use a synchronous reset to get the best optimization for performance, power and area.
Related violations: <none>

DPIR-1#142 Warning
Asynchronous driver check  
DSP i_ariane/gen_example_coprocessor.i_cvxif_coprocessor/i_copro_alu/result_n5__7 input pin i_ariane/gen_example_coprocessor.i_cvxif_coprocessor/i_copro_alu/result_n5__7/B[7] is connected to registers with an asynchronous reset. This is preventing the possibility of merging these registers in to the DSP Block since the DSP block registers only possess synchronous reset capability.  It is suggested to recode or change these registers to remove the reset or use a synchronous reset to get the best optimization for performance, power and area.
Related violations: <none>

DPIR-1#143 Warning
Asynchronous driver check  
DSP i_ariane/gen_example_coprocessor.i_cvxif_coprocessor/i_copro_alu/result_n5__7 input pin i_ariane/gen_example_coprocessor.i_cvxif_coprocessor/i_copro_alu/result_n5__7/B[8] is connected to registers with an asynchronous reset. This is preventing the possibility of merging these registers in to the DSP Block since the DSP block registers only possess synchronous reset capability.  It is suggested to recode or change these registers to remove the reset or use a synchronous reset to get the best optimization for performance, power and area.
Related violations: <none>

DPIR-1#144 Warning
Asynchronous driver check  
DSP i_ariane/gen_example_coprocessor.i_cvxif_coprocessor/i_copro_alu/result_n5__7 input pin i_ariane/gen_example_coprocessor.i_cvxif_coprocessor/i_copro_alu/result_n5__7/B[9] is connected to registers with an asynchronous reset. This is preventing the possibility of merging these registers in to the DSP Block since the DSP block registers only possess synchronous reset capability.  It is suggested to recode or change these registers to remove the reset or use a synchronous reset to get the best optimization for performance, power and area.
Related violations: <none>

LUTAR-1#1 Warning
LUT drives async reset alert  
LUT cell i_axi_dwidth_converter_dm_slave/inst/gen_downsizer.gen_simple_downsizer.axi_downsizer_inst/USE_READ.read_addr_inst/cmd_queue/inst/fifo_gen_inst/inst_fifo_gen/gconvfifo.rf/grf.rf/rstblk/gpregsm1.curr_fwft_state[1]_i_2, with 2 or more inputs, drives asynchronous preset/clear pin(s) i_axi_dwidth_converter_dm_slave/inst/gen_downsizer.gen_simple_downsizer.axi_downsizer_inst/USE_READ.read_addr_inst/cmd_queue/inst/fifo_gen_inst/inst_fifo_gen/gconvfifo.rf/grf.rf/gntv_or_sync_fifo.gl0.rd/gr1.gr1_int.rfwft/gpregsm1.user_valid_reg/CLR,
i_axi_dwidth_converter_dm_slave/inst/gen_downsizer.gen_simple_downsizer.axi_downsizer_inst/USE_READ.read_addr_inst/cmd_queue/inst/fifo_gen_inst/inst_fifo_gen/gconvfifo.rf/grf.rf/gntv_or_sync_fifo.gl0.rd/grss.rsts/ram_empty_fb_i_reg/PRE,
i_axi_dwidth_converter_dm_slave/inst/gen_downsizer.gen_simple_downsizer.axi_downsizer_inst/USE_READ.read_addr_inst/cmd_queue/inst/fifo_gen_inst/inst_fifo_gen/gconvfifo.rf/grf.rf/gntv_or_sync_fifo.gl0.rd/grss.rsts/ram_empty_i_reg/PRE,
i_axi_dwidth_converter_dm_slave/inst/gen_downsizer.gen_simple_downsizer.axi_downsizer_inst/USE_READ.read_addr_inst/cmd_queue/inst/fifo_gen_inst/inst_fifo_gen/gconvfifo.rf/grf.rf/gntv_or_sync_fifo.gl0.wr/gwss.wsts/ram_full_fb_i_reg/CLR,
i_axi_dwidth_converter_dm_slave/inst/gen_downsizer.gen_simple_downsizer.axi_downsizer_inst/USE_READ.read_addr_inst/cmd_queue/inst/fifo_gen_inst/inst_fifo_gen/gconvfifo.rf/grf.rf/gntv_or_sync_fifo.gl0.wr/gwss.wsts/ram_full_i_reg/CLR,
i_axi_dwidth_converter_dm_slave/inst/gen_downsizer.gen_simple_downsizer.axi_downsizer_inst/USE_READ.read_addr_inst/cmd_queue/inst/fifo_gen_inst/inst_fifo_gen/gconvfifo.rf/grf.rf/gntv_or_sync_fifo.gl0.wr/wpntr/gcc0.gc0.count_d1_reg[0]/CLR,
i_axi_dwidth_converter_dm_slave/inst/gen_downsizer.gen_simple_downsizer.axi_downsizer_inst/USE_READ.read_addr_inst/cmd_queue/inst/fifo_gen_inst/inst_fifo_gen/gconvfifo.rf/grf.rf/gntv_or_sync_fifo.gl0.wr/wpntr/gcc0.gc0.count_d1_reg[1]/CLR,
i_axi_dwidth_converter_dm_slave/inst/gen_downsizer.gen_simple_downsizer.axi_downsizer_inst/USE_READ.read_addr_inst/cmd_queue/inst/fifo_gen_inst/inst_fifo_gen/gconvfifo.rf/grf.rf/gntv_or_sync_fifo.gl0.wr/wpntr/gcc0.gc0.count_d1_reg[2]/CLR,
i_axi_dwidth_converter_dm_slave/inst/gen_downsizer.gen_simple_downsizer.axi_downsizer_inst/USE_READ.read_addr_inst/cmd_queue/inst/fifo_gen_inst/inst_fifo_gen/gconvfifo.rf/grf.rf/gntv_or_sync_fifo.gl0.wr/wpntr/gcc0.gc0.count_d1_reg[3]/CLR,
i_axi_dwidth_converter_dm_slave/inst/gen_downsizer.gen_simple_downsizer.axi_downsizer_inst/USE_READ.read_addr_inst/cmd_queue/inst/fifo_gen_inst/inst_fifo_gen/gconvfifo.rf/grf.rf/gntv_or_sync_fifo.gl0.wr/wpntr/gcc0.gc0.count_d1_reg[4]/CLR,
i_axi_dwidth_converter_dm_slave/inst/gen_downsizer.gen_simple_downsizer.axi_downsizer_inst/USE_READ.read_addr_inst/cmd_queue/inst/fifo_gen_inst/inst_fifo_gen/gconvfifo.rf/grf.rf/gntv_or_sync_fifo.gl0.wr/wpntr/gcc0.gc0.count_reg[0]/PRE,
i_axi_dwidth_converter_dm_slave/inst/gen_downsizer.gen_simple_downsizer.axi_downsizer_inst/USE_READ.read_addr_inst/cmd_queue/inst/fifo_gen_inst/inst_fifo_gen/gconvfifo.rf/grf.rf/gntv_or_sync_fifo.gl0.wr/wpntr/gcc0.gc0.count_reg[1]/CLR,
i_axi_dwidth_converter_dm_slave/inst/gen_downsizer.gen_simple_downsizer.axi_downsizer_inst/USE_READ.read_addr_inst/cmd_queue/inst/fifo_gen_inst/inst_fifo_gen/gconvfifo.rf/grf.rf/gntv_or_sync_fifo.gl0.wr/wpntr/gcc0.gc0.count_reg[2]/CLR,
i_axi_dwidth_converter_dm_slave/inst/gen_downsizer.gen_simple_downsizer.axi_downsizer_inst/USE_READ.read_addr_inst/cmd_queue/inst/fifo_gen_inst/inst_fifo_gen/gconvfifo.rf/grf.rf/gntv_or_sync_fifo.gl0.wr/wpntr/gcc0.gc0.count_reg[3]/CLR,
i_axi_dwidth_converter_dm_slave/inst/gen_downsizer.gen_simple_downsizer.axi_downsizer_inst/USE_READ.read_addr_inst/cmd_queue/inst/fifo_gen_inst/inst_fifo_gen/gconvfifo.rf/grf.rf/gntv_or_sync_fifo.gl0.wr/wpntr/gcc0.gc0.count_reg[4]/CLR
 (the first 15 of 32 listed). The LUT may glitch and trigger an unexpected reset, even if it is a properly timed path.
Related violations: <none>

LUTAR-1#2 Warning
LUT drives async reset alert  
LUT cell i_axi_dwidth_converter_dm_slave/inst/gen_downsizer.gen_simple_downsizer.axi_downsizer_inst/USE_WRITE.write_addr_inst/USE_B_CHANNEL.cmd_b_queue/inst/fifo_gen_inst/inst_fifo_gen/gconvfifo.rf/grf.rf/rstblk/gpregsm1.curr_fwft_state[1]_i_2, with 2 or more inputs, drives asynchronous preset/clear pin(s) i_axi_dwidth_converter_dm_slave/inst/gen_downsizer.gen_simple_downsizer.axi_downsizer_inst/USE_WRITE.write_addr_inst/USE_B_CHANNEL.cmd_b_queue/inst/fifo_gen_inst/inst_fifo_gen/gconvfifo.rf/grf.rf/gntv_or_sync_fifo.gl0.rd/gr1.gr1_int.rfwft/gpregsm1.user_valid_reg/CLR,
i_axi_dwidth_converter_dm_slave/inst/gen_downsizer.gen_simple_downsizer.axi_downsizer_inst/USE_WRITE.write_addr_inst/USE_B_CHANNEL.cmd_b_queue/inst/fifo_gen_inst/inst_fifo_gen/gconvfifo.rf/grf.rf/gntv_or_sync_fifo.gl0.rd/grss.rsts/ram_empty_fb_i_reg/PRE,
i_axi_dwidth_converter_dm_slave/inst/gen_downsizer.gen_simple_downsizer.axi_downsizer_inst/USE_WRITE.write_addr_inst/USE_B_CHANNEL.cmd_b_queue/inst/fifo_gen_inst/inst_fifo_gen/gconvfifo.rf/grf.rf/gntv_or_sync_fifo.gl0.rd/grss.rsts/ram_empty_i_reg/PRE,
i_axi_dwidth_converter_dm_slave/inst/gen_downsizer.gen_simple_downsizer.axi_downsizer_inst/USE_WRITE.write_addr_inst/USE_B_CHANNEL.cmd_b_queue/inst/fifo_gen_inst/inst_fifo_gen/gconvfifo.rf/grf.rf/gntv_or_sync_fifo.gl0.wr/gwss.wsts/ram_full_fb_i_reg/CLR,
i_axi_dwidth_converter_dm_slave/inst/gen_downsizer.gen_simple_downsizer.axi_downsizer_inst/USE_WRITE.write_addr_inst/USE_B_CHANNEL.cmd_b_queue/inst/fifo_gen_inst/inst_fifo_gen/gconvfifo.rf/grf.rf/gntv_or_sync_fifo.gl0.wr/gwss.wsts/ram_full_i_reg/CLR,
i_axi_dwidth_converter_dm_slave/inst/gen_downsizer.gen_simple_downsizer.axi_downsizer_inst/USE_WRITE.write_addr_inst/USE_B_CHANNEL.cmd_b_queue/inst/fifo_gen_inst/inst_fifo_gen/gconvfifo.rf/grf.rf/gntv_or_sync_fifo.gl0.wr/wpntr/gcc0.gc0.count_d1_reg[0]/CLR,
i_axi_dwidth_converter_dm_slave/inst/gen_downsizer.gen_simple_downsizer.axi_downsizer_inst/USE_WRITE.write_addr_inst/USE_B_CHANNEL.cmd_b_queue/inst/fifo_gen_inst/inst_fifo_gen/gconvfifo.rf/grf.rf/gntv_or_sync_fifo.gl0.wr/wpntr/gcc0.gc0.count_d1_reg[1]/CLR,
i_axi_dwidth_converter_dm_slave/inst/gen_downsizer.gen_simple_downsizer.axi_downsizer_inst/USE_WRITE.write_addr_inst/USE_B_CHANNEL.cmd_b_queue/inst/fifo_gen_inst/inst_fifo_gen/gconvfifo.rf/grf.rf/gntv_or_sync_fifo.gl0.wr/wpntr/gcc0.gc0.count_d1_reg[2]/CLR,
i_axi_dwidth_converter_dm_slave/inst/gen_downsizer.gen_simple_downsizer.axi_downsizer_inst/USE_WRITE.write_addr_inst/USE_B_CHANNEL.cmd_b_queue/inst/fifo_gen_inst/inst_fifo_gen/gconvfifo.rf/grf.rf/gntv_or_sync_fifo.gl0.wr/wpntr/gcc0.gc0.count_d1_reg[3]/CLR,
i_axi_dwidth_converter_dm_slave/inst/gen_downsizer.gen_simple_downsizer.axi_downsizer_inst/USE_WRITE.write_addr_inst/USE_B_CHANNEL.cmd_b_queue/inst/fifo_gen_inst/inst_fifo_gen/gconvfifo.rf/grf.rf/gntv_or_sync_fifo.gl0.wr/wpntr/gcc0.gc0.count_d1_reg[4]/CLR,
i_axi_dwidth_converter_dm_slave/inst/gen_downsizer.gen_simple_downsizer.axi_downsizer_inst/USE_WRITE.write_addr_inst/USE_B_CHANNEL.cmd_b_queue/inst/fifo_gen_inst/inst_fifo_gen/gconvfifo.rf/grf.rf/gntv_or_sync_fifo.gl0.wr/wpntr/gcc0.gc0.count_reg[0]/PRE,
i_axi_dwidth_converter_dm_slave/inst/gen_downsizer.gen_simple_downsizer.axi_downsizer_inst/USE_WRITE.write_addr_inst/USE_B_CHANNEL.cmd_b_queue/inst/fifo_gen_inst/inst_fifo_gen/gconvfifo.rf/grf.rf/gntv_or_sync_fifo.gl0.wr/wpntr/gcc0.gc0.count_reg[1]/CLR,
i_axi_dwidth_converter_dm_slave/inst/gen_downsizer.gen_simple_downsizer.axi_downsizer_inst/USE_WRITE.write_addr_inst/USE_B_CHANNEL.cmd_b_queue/inst/fifo_gen_inst/inst_fifo_gen/gconvfifo.rf/grf.rf/gntv_or_sync_fifo.gl0.wr/wpntr/gcc0.gc0.count_reg[2]/CLR,
i_axi_dwidth_converter_dm_slave/inst/gen_downsizer.gen_simple_downsizer.axi_downsizer_inst/USE_WRITE.write_addr_inst/USE_B_CHANNEL.cmd_b_queue/inst/fifo_gen_inst/inst_fifo_gen/gconvfifo.rf/grf.rf/gntv_or_sync_fifo.gl0.wr/wpntr/gcc0.gc0.count_reg[3]/CLR,
i_axi_dwidth_converter_dm_slave/inst/gen_downsizer.gen_simple_downsizer.axi_downsizer_inst/USE_WRITE.write_addr_inst/USE_B_CHANNEL.cmd_b_queue/inst/fifo_gen_inst/inst_fifo_gen/gconvfifo.rf/grf.rf/gntv_or_sync_fifo.gl0.wr/wpntr/gcc0.gc0.count_reg[4]/CLR
 (the first 15 of 32 listed). The LUT may glitch and trigger an unexpected reset, even if it is a properly timed path.
Related violations: <none>

LUTAR-1#3 Warning
LUT drives async reset alert  
LUT cell i_axi_dwidth_converter_dm_slave/inst/gen_downsizer.gen_simple_downsizer.axi_downsizer_inst/USE_WRITE.write_addr_inst/cmd_queue/inst/fifo_gen_inst/inst_fifo_gen/gconvfifo.rf/grf.rf/rstblk/gpregsm1.curr_fwft_state[1]_i_2, with 2 or more inputs, drives asynchronous preset/clear pin(s) i_axi_dwidth_converter_dm_slave/inst/gen_downsizer.gen_simple_downsizer.axi_downsizer_inst/USE_WRITE.write_addr_inst/cmd_queue/inst/fifo_gen_inst/inst_fifo_gen/gconvfifo.rf/grf.rf/gntv_or_sync_fifo.gl0.rd/gr1.gr1_int.rfwft/gpregsm1.user_valid_reg/CLR,
i_axi_dwidth_converter_dm_slave/inst/gen_downsizer.gen_simple_downsizer.axi_downsizer_inst/USE_WRITE.write_addr_inst/cmd_queue/inst/fifo_gen_inst/inst_fifo_gen/gconvfifo.rf/grf.rf/gntv_or_sync_fifo.gl0.rd/grss.rsts/ram_empty_fb_i_reg/PRE,
i_axi_dwidth_converter_dm_slave/inst/gen_downsizer.gen_simple_downsizer.axi_downsizer_inst/USE_WRITE.write_addr_inst/cmd_queue/inst/fifo_gen_inst/inst_fifo_gen/gconvfifo.rf/grf.rf/gntv_or_sync_fifo.gl0.rd/grss.rsts/ram_empty_i_reg/PRE,
i_axi_dwidth_converter_dm_slave/inst/gen_downsizer.gen_simple_downsizer.axi_downsizer_inst/USE_WRITE.write_addr_inst/cmd_queue/inst/fifo_gen_inst/inst_fifo_gen/gconvfifo.rf/grf.rf/gntv_or_sync_fifo.gl0.wr/gwss.wsts/ram_full_fb_i_reg/CLR,
i_axi_dwidth_converter_dm_slave/inst/gen_downsizer.gen_simple_downsizer.axi_downsizer_inst/USE_WRITE.write_addr_inst/cmd_queue/inst/fifo_gen_inst/inst_fifo_gen/gconvfifo.rf/grf.rf/gntv_or_sync_fifo.gl0.wr/gwss.wsts/ram_full_i_reg/CLR,
i_axi_dwidth_converter_dm_slave/inst/gen_downsizer.gen_simple_downsizer.axi_downsizer_inst/USE_WRITE.write_addr_inst/cmd_queue/inst/fifo_gen_inst/inst_fifo_gen/gconvfifo.rf/grf.rf/gntv_or_sync_fifo.gl0.wr/wpntr/gcc0.gc0.count_d1_reg[0]/CLR,
i_axi_dwidth_converter_dm_slave/inst/gen_downsizer.gen_simple_downsizer.axi_downsizer_inst/USE_WRITE.write_addr_inst/cmd_queue/inst/fifo_gen_inst/inst_fifo_gen/gconvfifo.rf/grf.rf/gntv_or_sync_fifo.gl0.wr/wpntr/gcc0.gc0.count_d1_reg[1]/CLR,
i_axi_dwidth_converter_dm_slave/inst/gen_downsizer.gen_simple_downsizer.axi_downsizer_inst/USE_WRITE.write_addr_inst/cmd_queue/inst/fifo_gen_inst/inst_fifo_gen/gconvfifo.rf/grf.rf/gntv_or_sync_fifo.gl0.wr/wpntr/gcc0.gc0.count_d1_reg[2]/CLR,
i_axi_dwidth_converter_dm_slave/inst/gen_downsizer.gen_simple_downsizer.axi_downsizer_inst/USE_WRITE.write_addr_inst/cmd_queue/inst/fifo_gen_inst/inst_fifo_gen/gconvfifo.rf/grf.rf/gntv_or_sync_fifo.gl0.wr/wpntr/gcc0.gc0.count_d1_reg[3]/CLR,
i_axi_dwidth_converter_dm_slave/inst/gen_downsizer.gen_simple_downsizer.axi_downsizer_inst/USE_WRITE.write_addr_inst/cmd_queue/inst/fifo_gen_inst/inst_fifo_gen/gconvfifo.rf/grf.rf/gntv_or_sync_fifo.gl0.wr/wpntr/gcc0.gc0.count_d1_reg[4]/CLR,
i_axi_dwidth_converter_dm_slave/inst/gen_downsizer.gen_simple_downsizer.axi_downsizer_inst/USE_WRITE.write_addr_inst/cmd_queue/inst/fifo_gen_inst/inst_fifo_gen/gconvfifo.rf/grf.rf/gntv_or_sync_fifo.gl0.wr/wpntr/gcc0.gc0.count_reg[0]/PRE,
i_axi_dwidth_converter_dm_slave/inst/gen_downsizer.gen_simple_downsizer.axi_downsizer_inst/USE_WRITE.write_addr_inst/cmd_queue/inst/fifo_gen_inst/inst_fifo_gen/gconvfifo.rf/grf.rf/gntv_or_sync_fifo.gl0.wr/wpntr/gcc0.gc0.count_reg[1]/CLR,
i_axi_dwidth_converter_dm_slave/inst/gen_downsizer.gen_simple_downsizer.axi_downsizer_inst/USE_WRITE.write_addr_inst/cmd_queue/inst/fifo_gen_inst/inst_fifo_gen/gconvfifo.rf/grf.rf/gntv_or_sync_fifo.gl0.wr/wpntr/gcc0.gc0.count_reg[2]/CLR,
i_axi_dwidth_converter_dm_slave/inst/gen_downsizer.gen_simple_downsizer.axi_downsizer_inst/USE_WRITE.write_addr_inst/cmd_queue/inst/fifo_gen_inst/inst_fifo_gen/gconvfifo.rf/grf.rf/gntv_or_sync_fifo.gl0.wr/wpntr/gcc0.gc0.count_reg[3]/CLR,
i_axi_dwidth_converter_dm_slave/inst/gen_downsizer.gen_simple_downsizer.axi_downsizer_inst/USE_WRITE.write_addr_inst/cmd_queue/inst/fifo_gen_inst/inst_fifo_gen/gconvfifo.rf/grf.rf/gntv_or_sync_fifo.gl0.wr/wpntr/gcc0.gc0.count_reg[4]/CLR
 (the first 15 of 32 listed). The LUT may glitch and trigger an unexpected reset, even if it is a properly timed path.
Related violations: <none>

LUTAR-1#4 Warning
LUT drives async reset alert  
LUT cell i_dm_top/i_dm_csrs/synch_regs_q[3]_i_1, with 2 or more inputs, drives asynchronous preset/clear pin(s) i_rstgen_main/i_rstgen_bypass/synch_regs_q_reg[0]/CLR,
i_rstgen_main/i_rstgen_bypass/synch_regs_q_reg[1]/CLR,
i_rstgen_main/i_rstgen_bypass/synch_regs_q_reg[2]/CLR
i_rstgen_main/i_rstgen_bypass/synch_regs_q_reg[3]/CLR. The LUT may glitch and trigger an unexpected reset, even if it is a properly timed path.
Related violations: <none>

SYNTH-10#1 Warning
Wide multiplier  
Detected multiplier at i_ariane/i_cva6/ex_stage_i/i_mult/i_multiplier/mult_result_d of size 16x18, it is decomposed from a wide multipler into 4 DSP blocks.
Related violations: <none>

SYNTH-10#2 Warning
Wide multiplier  
Detected multiplier at i_ariane/i_cva6/ex_stage_i/i_mult/i_multiplier/mult_result_d__0 of size 16x16, it is decomposed from a wide multipler into 4 DSP blocks.
Related violations: <none>

SYNTH-10#3 Warning
Wide multiplier  
Detected multiplier at i_ariane/i_cva6/ex_stage_i/i_mult/i_multiplier/mult_result_d__1 of size 18x18, it is decomposed from a wide multipler into 4 DSP blocks.
Related violations: <none>

SYNTH-10#4 Warning
Wide multiplier  
Detected multiplier at i_ariane/i_cva6/ex_stage_i/i_mult/i_multiplier/mult_result_d__2 of size 18x16, it is decomposed from a wide multipler into 4 DSP blocks.
Related violations: <none>

TIMING-10#1 Warning
Missing property on synchronizer  
One or more logic synchronizer has been detected between 2 clock domains but the synchronizer does not have the property ASYNC_REG defined on one or both registers. It is recommended to run report_cdc for a complete and detailed CDC coverage
Related violations: <none>

TIMING-16#1 Warning
Large setup violation  
There is a large setup violation of -1.032 ns between i_ariane/i_cva6/csr_regfile_i/pmpaddr_q_reg[6][4]/C (clocked by clk_out1_xlnx_clk_gen) and i_ariane/i_cva6/ex_stage_i/lsu_i/lsu_bypass_i/mem_q_reg[0][vaddr][31]/CE (clocked by clk_out1_xlnx_clk_gen). Large setup violations at the end of those stages might be difficult to fix during the post-placement implementation flow and could be the result of non-optimal XDC constraints or non-optimal design architecture
Related violations: <none>

TIMING-16#2 Warning
Large setup violation  
There is a large setup violation of -1.039 ns between i_ariane/i_cva6/csr_regfile_i/pmpaddr_q_reg[6][4]/C (clocked by clk_out1_xlnx_clk_gen) and i_ariane/i_cva6/ex_stage_i/lsu_i/lsu_bypass_i/mem_q_reg[1][vaddr][30]/D (clocked by clk_out1_xlnx_clk_gen). Large setup violations at the end of those stages might be difficult to fix during the post-placement implementation flow and could be the result of non-optimal XDC constraints or non-optimal design architecture
Related violations: <none>

TIMING-16#3 Warning
Large setup violation  
There is a large setup violation of -1.041 ns between i_ariane/i_cva6/csr_regfile_i/pmpaddr_q_reg[6][4]/C (clocked by clk_out1_xlnx_clk_gen) and i_ariane/i_cva6/ex_stage_i/lsu_i/lsu_bypass_i/mem_q_reg[0][vaddr][23]/D (clocked by clk_out1_xlnx_clk_gen). Large setup violations at the end of those stages might be difficult to fix during the post-placement implementation flow and could be the result of non-optimal XDC constraints or non-optimal design architecture
Related violations: <none>

TIMING-16#4 Warning
Large setup violation  
There is a large setup violation of -1.057 ns between i_ariane/i_cva6/csr_regfile_i/pmpaddr_q_reg[6][4]/C (clocked by clk_out1_xlnx_clk_gen) and i_ariane/i_cva6/ex_stage_i/lsu_i/lsu_bypass_i/mem_q_reg[0][vaddr][11]/CE (clocked by clk_out1_xlnx_clk_gen). Large setup violations at the end of those stages might be difficult to fix during the post-placement implementation flow and could be the result of non-optimal XDC constraints or non-optimal design architecture
Related violations: <none>

TIMING-16#5 Warning
Large setup violation  
There is a large setup violation of -1.057 ns between i_ariane/i_cva6/csr_regfile_i/pmpaddr_q_reg[6][4]/C (clocked by clk_out1_xlnx_clk_gen) and i_ariane/i_cva6/ex_stage_i/lsu_i/lsu_bypass_i/mem_q_reg[0][vaddr][12]/CE (clocked by clk_out1_xlnx_clk_gen). Large setup violations at the end of those stages might be difficult to fix during the post-placement implementation flow and could be the result of non-optimal XDC constraints or non-optimal design architecture
Related violations: <none>

TIMING-16#6 Warning
Large setup violation  
There is a large setup violation of -1.059 ns between i_ariane/i_cva6/csr_regfile_i/pmpaddr_q_reg[6][4]/C (clocked by clk_out1_xlnx_clk_gen) and i_ariane/i_cva6/ex_stage_i/lsu_i/lsu_bypass_i/mem_q_reg[0][trans_id][0]/CE (clocked by clk_out1_xlnx_clk_gen). Large setup violations at the end of those stages might be difficult to fix during the post-placement implementation flow and could be the result of non-optimal XDC constraints or non-optimal design architecture
Related violations: <none>

TIMING-16#7 Warning
Large setup violation  
There is a large setup violation of -1.059 ns between i_ariane/i_cva6/csr_regfile_i/pmpaddr_q_reg[6][4]/C (clocked by clk_out1_xlnx_clk_gen) and i_ariane/i_cva6/ex_stage_i/lsu_i/lsu_bypass_i/mem_q_reg[0][vaddr][19]/CE (clocked by clk_out1_xlnx_clk_gen). Large setup violations at the end of those stages might be difficult to fix during the post-placement implementation flow and could be the result of non-optimal XDC constraints or non-optimal design architecture
Related violations: <none>

TIMING-16#8 Warning
Large setup violation  
There is a large setup violation of -1.059 ns between i_ariane/i_cva6/csr_regfile_i/pmpaddr_q_reg[6][4]/C (clocked by clk_out1_xlnx_clk_gen) and i_ariane/i_cva6/ex_stage_i/lsu_i/lsu_bypass_i/mem_q_reg[0][vaddr][20]/CE (clocked by clk_out1_xlnx_clk_gen). Large setup violations at the end of those stages might be difficult to fix during the post-placement implementation flow and could be the result of non-optimal XDC constraints or non-optimal design architecture
Related violations: <none>

TIMING-16#9 Warning
Large setup violation  
There is a large setup violation of -1.060 ns between i_ariane/i_cva6/csr_regfile_i/pmpaddr_q_reg[6][4]/C (clocked by clk_out1_xlnx_clk_gen) and i_ariane/i_cva6/ex_stage_i/lsu_i/lsu_bypass_i/mem_q_reg[1][vaddr][19]/D (clocked by clk_out1_xlnx_clk_gen). Large setup violations at the end of those stages might be difficult to fix during the post-placement implementation flow and could be the result of non-optimal XDC constraints or non-optimal design architecture
Related violations: <none>

TIMING-16#10 Warning
Large setup violation  
There is a large setup violation of -1.068 ns between i_ariane/i_cva6/csr_regfile_i/pmpaddr_q_reg[6][4]/C (clocked by clk_out1_xlnx_clk_gen) and i_ariane/i_cva6/ex_stage_i/lsu_i/lsu_bypass_i/mem_q_reg[0][fu][3]/CE (clocked by clk_out1_xlnx_clk_gen). Large setup violations at the end of those stages might be difficult to fix during the post-placement implementation flow and could be the result of non-optimal XDC constraints or non-optimal design architecture
Related violations: <none>

TIMING-16#11 Warning
Large setup violation  
There is a large setup violation of -1.072 ns between i_ariane/i_cva6/csr_regfile_i/pmpaddr_q_reg[6][4]/C (clocked by clk_out1_xlnx_clk_gen) and i_ariane/i_cva6/ex_stage_i/lsu_i/lsu_bypass_i/mem_q_reg[0][vaddr][31]/D (clocked by clk_out1_xlnx_clk_gen). Large setup violations at the end of those stages might be difficult to fix during the post-placement implementation flow and could be the result of non-optimal XDC constraints or non-optimal design architecture
Related violations: <none>

TIMING-16#12 Warning
Large setup violation  
There is a large setup violation of -1.074 ns between i_ariane/i_cva6/csr_regfile_i/pmpaddr_q_reg[6][4]/C (clocked by clk_out1_xlnx_clk_gen) and i_ariane/i_cva6/ex_stage_i/lsu_i/lsu_bypass_i/mem_q_reg[0][data][14]/D (clocked by clk_out1_xlnx_clk_gen). Large setup violations at the end of those stages might be difficult to fix during the post-placement implementation flow and could be the result of non-optimal XDC constraints or non-optimal design architecture
Related violations: <none>

TIMING-16#13 Warning
Large setup violation  
There is a large setup violation of -1.075 ns between i_ariane/i_cva6/csr_regfile_i/pmpaddr_q_reg[6][4]/C (clocked by clk_out1_xlnx_clk_gen) and i_ariane/i_cva6/ex_stage_i/lsu_i/lsu_bypass_i/mem_q_reg[0][vaddr][21]/CE (clocked by clk_out1_xlnx_clk_gen). Large setup violations at the end of those stages might be difficult to fix during the post-placement implementation flow and could be the result of non-optimal XDC constraints or non-optimal design architecture
Related violations: <none>

TIMING-16#14 Warning
Large setup violation  
There is a large setup violation of -1.075 ns between i_ariane/i_cva6/csr_regfile_i/pmpaddr_q_reg[6][4]/C (clocked by clk_out1_xlnx_clk_gen) and i_ariane/i_cva6/ex_stage_i/lsu_i/lsu_bypass_i/mem_q_reg[0][vaddr][22]/CE (clocked by clk_out1_xlnx_clk_gen). Large setup violations at the end of those stages might be difficult to fix during the post-placement implementation flow and could be the result of non-optimal XDC constraints or non-optimal design architecture
Related violations: <none>

TIMING-16#15 Warning
Large setup violation  
There is a large setup violation of -1.094 ns between i_ariane/i_cva6/csr_regfile_i/pmpaddr_q_reg[6][4]/C (clocked by clk_out1_xlnx_clk_gen) and i_ariane/i_cva6/ex_stage_i/lsu_i/lsu_bypass_i/mem_q_reg[0][vaddr][3]/CE (clocked by clk_out1_xlnx_clk_gen). Large setup violations at the end of those stages might be difficult to fix during the post-placement implementation flow and could be the result of non-optimal XDC constraints or non-optimal design architecture
Related violations: <none>

TIMING-16#16 Warning
Large setup violation  
There is a large setup violation of -1.094 ns between i_ariane/i_cva6/csr_regfile_i/pmpaddr_q_reg[6][4]/C (clocked by clk_out1_xlnx_clk_gen) and i_ariane/i_cva6/ex_stage_i/lsu_i/lsu_bypass_i/mem_q_reg[0][vaddr][7]/CE (clocked by clk_out1_xlnx_clk_gen). Large setup violations at the end of those stages might be difficult to fix during the post-placement implementation flow and could be the result of non-optimal XDC constraints or non-optimal design architecture
Related violations: <none>

TIMING-16#17 Warning
Large setup violation  
There is a large setup violation of -1.096 ns between i_ariane/i_cva6/csr_regfile_i/pmpaddr_q_reg[6][4]/C (clocked by clk_out1_xlnx_clk_gen) and i_ariane/i_cva6/ex_stage_i/lsu_i/lsu_bypass_i/mem_q_reg[1][operation][2]/CE (clocked by clk_out1_xlnx_clk_gen). Large setup violations at the end of those stages might be difficult to fix during the post-placement implementation flow and could be the result of non-optimal XDC constraints or non-optimal design architecture
Related violations: <none>

TIMING-16#18 Warning
Large setup violation  
There is a large setup violation of -1.096 ns between i_ariane/i_cva6/csr_regfile_i/pmpaddr_q_reg[6][4]/C (clocked by clk_out1_xlnx_clk_gen) and i_ariane/i_cva6/ex_stage_i/lsu_i/lsu_bypass_i/mem_q_reg[1][operation][4]/CE (clocked by clk_out1_xlnx_clk_gen). Large setup violations at the end of those stages might be difficult to fix during the post-placement implementation flow and could be the result of non-optimal XDC constraints or non-optimal design architecture
Related violations: <none>

TIMING-16#19 Warning
Large setup violation  
There is a large setup violation of -1.096 ns between i_ariane/i_cva6/csr_regfile_i/pmpaddr_q_reg[6][4]/C (clocked by clk_out1_xlnx_clk_gen) and i_ariane/i_cva6/ex_stage_i/lsu_i/lsu_bypass_i/mem_q_reg[1][operation][6]/CE (clocked by clk_out1_xlnx_clk_gen). Large setup violations at the end of those stages might be difficult to fix during the post-placement implementation flow and could be the result of non-optimal XDC constraints or non-optimal design architecture
Related violations: <none>

TIMING-16#20 Warning
Large setup violation  
There is a large setup violation of -1.101 ns between i_ariane/i_cva6/csr_regfile_i/pmpaddr_q_reg[6][4]/C (clocked by clk_out1_xlnx_clk_gen) and i_ariane/i_cva6/ex_stage_i/lsu_i/lsu_bypass_i/mem_q_reg[0][data][1]/CE (clocked by clk_out1_xlnx_clk_gen). Large setup violations at the end of those stages might be difficult to fix during the post-placement implementation flow and could be the result of non-optimal XDC constraints or non-optimal design architecture
Related violations: <none>

TIMING-16#21 Warning
Large setup violation  
There is a large setup violation of -1.101 ns between i_ariane/i_cva6/csr_regfile_i/pmpaddr_q_reg[6][4]/C (clocked by clk_out1_xlnx_clk_gen) and i_ariane/i_cva6/ex_stage_i/lsu_i/lsu_bypass_i/mem_q_reg[0][data][20]/CE (clocked by clk_out1_xlnx_clk_gen). Large setup violations at the end of those stages might be difficult to fix during the post-placement implementation flow and could be the result of non-optimal XDC constraints or non-optimal design architecture
Related violations: <none>

TIMING-16#22 Warning
Large setup violation  
There is a large setup violation of -1.101 ns between i_ariane/i_cva6/csr_regfile_i/pmpaddr_q_reg[6][4]/C (clocked by clk_out1_xlnx_clk_gen) and i_ariane/i_cva6/ex_stage_i/lsu_i/lsu_bypass_i/mem_q_reg[0][data][3]/CE (clocked by clk_out1_xlnx_clk_gen). Large setup violations at the end of those stages might be difficult to fix during the post-placement implementation flow and could be the result of non-optimal XDC constraints or non-optimal design architecture
Related violations: <none>

TIMING-16#23 Warning
Large setup violation  
There is a large setup violation of -1.101 ns between i_ariane/i_cva6/csr_regfile_i/pmpaddr_q_reg[6][4]/C (clocked by clk_out1_xlnx_clk_gen) and i_ariane/i_cva6/ex_stage_i/lsu_i/lsu_bypass_i/mem_q_reg[0][operation][5]/CE (clocked by clk_out1_xlnx_clk_gen). Large setup violations at the end of those stages might be difficult to fix during the post-placement implementation flow and could be the result of non-optimal XDC constraints or non-optimal design architecture
Related violations: <none>

TIMING-16#24 Warning
Large setup violation  
There is a large setup violation of -1.105 ns between i_ariane/i_cva6/csr_regfile_i/pmpaddr_q_reg[6][4]/C (clocked by clk_out1_xlnx_clk_gen) and i_ariane/i_cva6/ex_stage_i/lsu_i/lsu_bypass_i/mem_q_reg[0][vaddr][6]/CE (clocked by clk_out1_xlnx_clk_gen). Large setup violations at the end of those stages might be difficult to fix during the post-placement implementation flow and could be the result of non-optimal XDC constraints or non-optimal design architecture
Related violations: <none>

TIMING-16#25 Warning
Large setup violation  
There is a large setup violation of -1.105 ns between i_ariane/i_cva6/csr_regfile_i/pmpaddr_q_reg[6][4]/C (clocked by clk_out1_xlnx_clk_gen) and i_ariane/i_cva6/ex_stage_i/lsu_i/lsu_bypass_i/mem_q_reg[0][vaddr][8]/CE (clocked by clk_out1_xlnx_clk_gen). Large setup violations at the end of those stages might be difficult to fix during the post-placement implementation flow and could be the result of non-optimal XDC constraints or non-optimal design architecture
Related violations: <none>

TIMING-16#26 Warning
Large setup violation  
There is a large setup violation of -1.105 ns between i_ariane/i_cva6/csr_regfile_i/pmpaddr_q_reg[6][4]/C (clocked by clk_out1_xlnx_clk_gen) and i_ariane/i_cva6/ex_stage_i/lsu_i/lsu_bypass_i/mem_q_reg[0][vaddr][9]/CE (clocked by clk_out1_xlnx_clk_gen). Large setup violations at the end of those stages might be difficult to fix during the post-placement implementation flow and could be the result of non-optimal XDC constraints or non-optimal design architecture
Related violations: <none>

TIMING-16#27 Warning
Large setup violation  
There is a large setup violation of -1.118 ns between i_ariane/i_cva6/csr_regfile_i/pmpaddr_q_reg[6][4]/C (clocked by clk_out1_xlnx_clk_gen) and i_ariane/i_cva6/ex_stage_i/lsu_i/lsu_bypass_i/mem_q_reg[1][data][12]/CE (clocked by clk_out1_xlnx_clk_gen). Large setup violations at the end of those stages might be difficult to fix during the post-placement implementation flow and could be the result of non-optimal XDC constraints or non-optimal design architecture
Related violations: <none>

TIMING-16#28 Warning
Large setup violation  
There is a large setup violation of -1.118 ns between i_ariane/i_cva6/csr_regfile_i/pmpaddr_q_reg[6][4]/C (clocked by clk_out1_xlnx_clk_gen) and i_ariane/i_cva6/ex_stage_i/lsu_i/lsu_bypass_i/mem_q_reg[1][data][19]/CE (clocked by clk_out1_xlnx_clk_gen). Large setup violations at the end of those stages might be difficult to fix during the post-placement implementation flow and could be the result of non-optimal XDC constraints or non-optimal design architecture
Related violations: <none>

TIMING-16#29 Warning
Large setup violation  
There is a large setup violation of -1.118 ns between i_ariane/i_cva6/csr_regfile_i/pmpaddr_q_reg[6][4]/C (clocked by clk_out1_xlnx_clk_gen) and i_ariane/i_cva6/ex_stage_i/lsu_i/lsu_bypass_i/mem_q_reg[1][vaddr][10]/CE (clocked by clk_out1_xlnx_clk_gen). Large setup violations at the end of those stages might be difficult to fix during the post-placement implementation flow and could be the result of non-optimal XDC constraints or non-optimal design architecture
Related violations: <none>

TIMING-16#30 Warning
Large setup violation  
There is a large setup violation of -1.118 ns between i_ariane/i_cva6/csr_regfile_i/pmpaddr_q_reg[6][4]/C (clocked by clk_out1_xlnx_clk_gen) and i_ariane/i_cva6/ex_stage_i/lsu_i/lsu_bypass_i/mem_q_reg[1][vaddr][5]/CE (clocked by clk_out1_xlnx_clk_gen). Large setup violations at the end of those stages might be difficult to fix during the post-placement implementation flow and could be the result of non-optimal XDC constraints or non-optimal design architecture
Related violations: <none>

TIMING-16#31 Warning
Large setup violation  
There is a large setup violation of -1.122 ns between i_ariane/i_cva6/csr_regfile_i/pmpaddr_q_reg[6][4]/C (clocked by clk_out1_xlnx_clk_gen) and i_ariane/i_cva6/ex_stage_i/lsu_i/lsu_bypass_i/mem_q_reg[1][vaddr][29]/D (clocked by clk_out1_xlnx_clk_gen). Large setup violations at the end of those stages might be difficult to fix during the post-placement implementation flow and could be the result of non-optimal XDC constraints or non-optimal design architecture
Related violations: <none>

TIMING-16#32 Warning
Large setup violation  
There is a large setup violation of -1.123 ns between i_ariane/i_cva6/csr_regfile_i/pmpaddr_q_reg[6][4]/C (clocked by clk_out1_xlnx_clk_gen) and i_ariane/i_cva6/ex_stage_i/lsu_i/lsu_bypass_i/mem_q_reg[1][vaddr][4]/CE (clocked by clk_out1_xlnx_clk_gen). Large setup violations at the end of those stages might be difficult to fix during the post-placement implementation flow and could be the result of non-optimal XDC constraints or non-optimal design architecture
Related violations: <none>

TIMING-16#33 Warning
Large setup violation  
There is a large setup violation of -1.128 ns between i_ariane/i_cva6/csr_regfile_i/pmpaddr_q_reg[6][4]/C (clocked by clk_out1_xlnx_clk_gen) and i_ariane/i_cva6/ex_stage_i/lsu_i/lsu_bypass_i/mem_q_reg[0][vaddr][17]/D (clocked by clk_out1_xlnx_clk_gen). Large setup violations at the end of those stages might be difficult to fix during the post-placement implementation flow and could be the result of non-optimal XDC constraints or non-optimal design architecture
Related violations: <none>

TIMING-16#34 Warning
Large setup violation  
There is a large setup violation of -1.162 ns between i_ariane/i_cva6/csr_regfile_i/pmpaddr_q_reg[6][4]/C (clocked by clk_out1_xlnx_clk_gen) and i_ariane/i_cva6/ex_stage_i/lsu_i/lsu_bypass_i/mem_q_reg[1][data][30]/D (clocked by clk_out1_xlnx_clk_gen). Large setup violations at the end of those stages might be difficult to fix during the post-placement implementation flow and could be the result of non-optimal XDC constraints or non-optimal design architecture
Related violations: <none>

TIMING-16#35 Warning
Large setup violation  
There is a large setup violation of -1.209 ns between i_ariane/i_cva6/csr_regfile_i/pmpaddr_q_reg[6][4]/C (clocked by clk_out1_xlnx_clk_gen) and i_ariane/i_cva6/ex_stage_i/lsu_i/lsu_bypass_i/mem_q_reg[1][vaddr][31]/D (clocked by clk_out1_xlnx_clk_gen). Large setup violations at the end of those stages might be difficult to fix during the post-placement implementation flow and could be the result of non-optimal XDC constraints or non-optimal design architecture
Related violations: <none>

TIMING-16#36 Warning
Large setup violation  
There is a large setup violation of -1.212 ns between i_ariane/i_cva6/csr_regfile_i/pmpaddr_q_reg[6][4]/C (clocked by clk_out1_xlnx_clk_gen) and i_ariane/i_cva6/ex_stage_i/lsu_i/lsu_bypass_i/mem_q_reg[0][fu][0]/CE (clocked by clk_out1_xlnx_clk_gen). Large setup violations at the end of those stages might be difficult to fix during the post-placement implementation flow and could be the result of non-optimal XDC constraints or non-optimal design architecture
Related violations: <none>

TIMING-16#37 Warning
Large setup violation  
There is a large setup violation of -1.214 ns between i_ariane/i_cva6/csr_regfile_i/pmpaddr_q_reg[6][4]/C (clocked by clk_out1_xlnx_clk_gen) and i_ariane/i_cva6/ex_stage_i/lsu_i/lsu_bypass_i/mem_q_reg[0][fu][2]/CE (clocked by clk_out1_xlnx_clk_gen). Large setup violations at the end of those stages might be difficult to fix during the post-placement implementation flow and could be the result of non-optimal XDC constraints or non-optimal design architecture
Related violations: <none>

TIMING-16#38 Warning
Large setup violation  
There is a large setup violation of -1.214 ns between i_ariane/i_cva6/csr_regfile_i/pmpaddr_q_reg[6][4]/C (clocked by clk_out1_xlnx_clk_gen) and i_ariane/i_cva6/ex_stage_i/lsu_i/lsu_bypass_i/mem_q_reg[0][vaddr][17]/CE (clocked by clk_out1_xlnx_clk_gen). Large setup violations at the end of those stages might be difficult to fix during the post-placement implementation flow and could be the result of non-optimal XDC constraints or non-optimal design architecture
Related violations: <none>

TIMING-16#39 Warning
Large setup violation  
There is a large setup violation of -1.214 ns between i_ariane/i_cva6/csr_regfile_i/pmpaddr_q_reg[6][4]/C (clocked by clk_out1_xlnx_clk_gen) and i_ariane/i_cva6/ex_stage_i/lsu_i/lsu_bypass_i/mem_q_reg[0][vaddr][18]/CE (clocked by clk_out1_xlnx_clk_gen). Large setup violations at the end of those stages might be difficult to fix during the post-placement implementation flow and could be the result of non-optimal XDC constraints or non-optimal design architecture
Related violations: <none>

TIMING-16#40 Warning
Large setup violation  
There is a large setup violation of -1.224 ns between i_ariane/i_cva6/csr_regfile_i/pmpaddr_q_reg[6][4]/C (clocked by clk_out1_xlnx_clk_gen) and i_ariane/i_cva6/ex_stage_i/lsu_i/lsu_bypass_i/mem_q_reg[1][vaddr][23]/CE (clocked by clk_out1_xlnx_clk_gen). Large setup violations at the end of those stages might be difficult to fix during the post-placement implementation flow and could be the result of non-optimal XDC constraints or non-optimal design architecture
Related violations: <none>

TIMING-16#41 Warning
Large setup violation  
There is a large setup violation of -1.224 ns between i_ariane/i_cva6/csr_regfile_i/pmpaddr_q_reg[6][4]/C (clocked by clk_out1_xlnx_clk_gen) and i_ariane/i_cva6/ex_stage_i/lsu_i/lsu_bypass_i/mem_q_reg[1][vaddr][24]/CE (clocked by clk_out1_xlnx_clk_gen). Large setup violations at the end of those stages might be difficult to fix during the post-placement implementation flow and could be the result of non-optimal XDC constraints or non-optimal design architecture
Related violations: <none>

TIMING-16#42 Warning
Large setup violation  
There is a large setup violation of -1.230 ns between i_ariane/i_cva6/csr_regfile_i/pmpaddr_q_reg[6][4]/C (clocked by clk_out1_xlnx_clk_gen) and i_ariane/i_cva6/ex_stage_i/lsu_i/lsu_bypass_i/mem_q_reg[0][data][12]/CE (clocked by clk_out1_xlnx_clk_gen). Large setup violations at the end of those stages might be difficult to fix during the post-placement implementation flow and could be the result of non-optimal XDC constraints or non-optimal design architecture
Related violations: <none>

TIMING-16#43 Warning
Large setup violation  
There is a large setup violation of -1.230 ns between i_ariane/i_cva6/csr_regfile_i/pmpaddr_q_reg[6][4]/C (clocked by clk_out1_xlnx_clk_gen) and i_ariane/i_cva6/ex_stage_i/lsu_i/lsu_bypass_i/mem_q_reg[0][data][19]/CE (clocked by clk_out1_xlnx_clk_gen). Large setup violations at the end of those stages might be difficult to fix during the post-placement implementation flow and could be the result of non-optimal XDC constraints or non-optimal design architecture
Related violations: <none>

TIMING-16#44 Warning
Large setup violation  
There is a large setup violation of -1.230 ns between i_ariane/i_cva6/csr_regfile_i/pmpaddr_q_reg[6][4]/C (clocked by clk_out1_xlnx_clk_gen) and i_ariane/i_cva6/ex_stage_i/lsu_i/lsu_bypass_i/mem_q_reg[0][vaddr][10]/CE (clocked by clk_out1_xlnx_clk_gen). Large setup violations at the end of those stages might be difficult to fix during the post-placement implementation flow and could be the result of non-optimal XDC constraints or non-optimal design architecture
Related violations: <none>

TIMING-16#45 Warning
Large setup violation  
There is a large setup violation of -1.230 ns between i_ariane/i_cva6/csr_regfile_i/pmpaddr_q_reg[6][4]/C (clocked by clk_out1_xlnx_clk_gen) and i_ariane/i_cva6/ex_stage_i/lsu_i/lsu_bypass_i/mem_q_reg[0][vaddr][5]/CE (clocked by clk_out1_xlnx_clk_gen). Large setup violations at the end of those stages might be difficult to fix during the post-placement implementation flow and could be the result of non-optimal XDC constraints or non-optimal design architecture
Related violations: <none>

TIMING-16#46 Warning
Large setup violation  
There is a large setup violation of -1.242 ns between i_ariane/i_cva6/csr_regfile_i/pmpaddr_q_reg[6][4]/C (clocked by clk_out1_xlnx_clk_gen) and i_ariane/i_cva6/ex_stage_i/lsu_i/lsu_bypass_i/mem_q_reg[0][data][30]/CE (clocked by clk_out1_xlnx_clk_gen). Large setup violations at the end of those stages might be difficult to fix during the post-placement implementation flow and could be the result of non-optimal XDC constraints or non-optimal design architecture
Related violations: <none>

TIMING-16#47 Warning
Large setup violation  
There is a large setup violation of -1.242 ns between i_ariane/i_cva6/csr_regfile_i/pmpaddr_q_reg[6][4]/C (clocked by clk_out1_xlnx_clk_gen) and i_ariane/i_cva6/ex_stage_i/lsu_i/lsu_bypass_i/mem_q_reg[0][vaddr][29]/CE (clocked by clk_out1_xlnx_clk_gen). Large setup violations at the end of those stages might be difficult to fix during the post-placement implementation flow and could be the result of non-optimal XDC constraints or non-optimal design architecture
Related violations: <none>

TIMING-16#48 Warning
Large setup violation  
There is a large setup violation of -1.243 ns between i_ariane/i_cva6/csr_regfile_i/pmpaddr_q_reg[6][4]/C (clocked by clk_out1_xlnx_clk_gen) and i_ariane/i_cva6/ex_stage_i/lsu_i/lsu_bypass_i/mem_q_reg[0][vaddr][25]/CE (clocked by clk_out1_xlnx_clk_gen). Large setup violations at the end of those stages might be difficult to fix during the post-placement implementation flow and could be the result of non-optimal XDC constraints or non-optimal design architecture
Related violations: <none>

TIMING-16#49 Warning
Large setup violation  
There is a large setup violation of -1.244 ns between i_ariane/i_cva6/issue_stage_i/i_issue_read_operands/branch_valid_q_reg[0]_replica_4/C (clocked by clk_out1_xlnx_clk_gen) and i_ariane/gen_example_coprocessor.i_cvxif_coprocessor/i_copro_alu/bfly4_out2_q_reg[17]/D (clocked by clk_out1_xlnx_clk_gen). Large setup violations at the end of those stages might be difficult to fix during the post-placement implementation flow and could be the result of non-optimal XDC constraints or non-optimal design architecture
Related violations: <none>

TIMING-16#50 Warning
Large setup violation  
There is a large setup violation of -1.259 ns between i_ariane/i_cva6/csr_regfile_i/pmpaddr_q_reg[6][4]/C (clocked by clk_out1_xlnx_clk_gen) and i_ariane/i_cva6/ex_stage_i/lsu_i/lsu_bypass_i/mem_q_reg[0][vaddr][26]/CE (clocked by clk_out1_xlnx_clk_gen). Large setup violations at the end of those stages might be difficult to fix during the post-placement implementation flow and could be the result of non-optimal XDC constraints or non-optimal design architecture
Related violations: <none>

TIMING-16#51 Warning
Large setup violation  
There is a large setup violation of -1.259 ns between i_ariane/i_cva6/csr_regfile_i/pmpaddr_q_reg[6][4]/C (clocked by clk_out1_xlnx_clk_gen) and i_ariane/i_cva6/ex_stage_i/lsu_i/lsu_bypass_i/mem_q_reg[0][vaddr][29]/D (clocked by clk_out1_xlnx_clk_gen). Large setup violations at the end of those stages might be difficult to fix during the post-placement implementation flow and could be the result of non-optimal XDC constraints or non-optimal design architecture
Related violations: <none>

TIMING-16#52 Warning
Large setup violation  
There is a large setup violation of -1.265 ns between i_ariane/i_cva6/csr_regfile_i/pmpaddr_q_reg[6][4]/C (clocked by clk_out1_xlnx_clk_gen) and i_ariane/i_cva6/ex_stage_i/lsu_i/lsu_bypass_i/mem_q_reg[0][data][22]/CE (clocked by clk_out1_xlnx_clk_gen). Large setup violations at the end of those stages might be difficult to fix during the post-placement implementation flow and could be the result of non-optimal XDC constraints or non-optimal design architecture
Related violations: <none>

TIMING-16#53 Warning
Large setup violation  
There is a large setup violation of -1.265 ns between i_ariane/i_cva6/csr_regfile_i/pmpaddr_q_reg[6][4]/C (clocked by clk_out1_xlnx_clk_gen) and i_ariane/i_cva6/ex_stage_i/lsu_i/lsu_bypass_i/mem_q_reg[0][data][24]/CE (clocked by clk_out1_xlnx_clk_gen). Large setup violations at the end of those stages might be difficult to fix during the post-placement implementation flow and could be the result of non-optimal XDC constraints or non-optimal design architecture
Related violations: <none>

TIMING-16#54 Warning
Large setup violation  
There is a large setup violation of -1.265 ns between i_ariane/i_cva6/csr_regfile_i/pmpaddr_q_reg[6][4]/C (clocked by clk_out1_xlnx_clk_gen) and i_ariane/i_cva6/ex_stage_i/lsu_i/lsu_bypass_i/mem_q_reg[0][data][29]/CE (clocked by clk_out1_xlnx_clk_gen). Large setup violations at the end of those stages might be difficult to fix during the post-placement implementation flow and could be the result of non-optimal XDC constraints or non-optimal design architecture
Related violations: <none>

TIMING-16#55 Warning
Large setup violation  
There is a large setup violation of -1.265 ns between i_ariane/i_cva6/csr_regfile_i/pmpaddr_q_reg[6][4]/C (clocked by clk_out1_xlnx_clk_gen) and i_ariane/i_cva6/ex_stage_i/lsu_i/lsu_bypass_i/mem_q_reg[0][data][7]/CE (clocked by clk_out1_xlnx_clk_gen). Large setup violations at the end of those stages might be difficult to fix during the post-placement implementation flow and could be the result of non-optimal XDC constraints or non-optimal design architecture
Related violations: <none>

TIMING-16#56 Warning
Large setup violation  
There is a large setup violation of -1.282 ns between i_ariane/i_cva6/csr_regfile_i/pmpaddr_q_reg[6][4]/C (clocked by clk_out1_xlnx_clk_gen) and i_ariane/i_cva6/ex_stage_i/lsu_i/lsu_bypass_i/mem_q_reg[0][data][17]/CE (clocked by clk_out1_xlnx_clk_gen). Large setup violations at the end of those stages might be difficult to fix during the post-placement implementation flow and could be the result of non-optimal XDC constraints or non-optimal design architecture
Related violations: <none>

TIMING-16#57 Warning
Large setup violation  
There is a large setup violation of -1.282 ns between i_ariane/i_cva6/csr_regfile_i/pmpaddr_q_reg[6][4]/C (clocked by clk_out1_xlnx_clk_gen) and i_ariane/i_cva6/ex_stage_i/lsu_i/lsu_bypass_i/mem_q_reg[0][data][26]/CE (clocked by clk_out1_xlnx_clk_gen). Large setup violations at the end of those stages might be difficult to fix during the post-placement implementation flow and could be the result of non-optimal XDC constraints or non-optimal design architecture
Related violations: <none>

TIMING-16#58 Warning
Large setup violation  
There is a large setup violation of -1.282 ns between i_ariane/i_cva6/csr_regfile_i/pmpaddr_q_reg[6][4]/C (clocked by clk_out1_xlnx_clk_gen) and i_ariane/i_cva6/ex_stage_i/lsu_i/lsu_bypass_i/mem_q_reg[0][data][27]/CE (clocked by clk_out1_xlnx_clk_gen). Large setup violations at the end of those stages might be difficult to fix during the post-placement implementation flow and could be the result of non-optimal XDC constraints or non-optimal design architecture
Related violations: <none>

TIMING-16#59 Warning
Large setup violation  
There is a large setup violation of -1.282 ns between i_ariane/i_cva6/csr_regfile_i/pmpaddr_q_reg[6][4]/C (clocked by clk_out1_xlnx_clk_gen) and i_ariane/i_cva6/ex_stage_i/lsu_i/lsu_bypass_i/mem_q_reg[0][data][31]/CE (clocked by clk_out1_xlnx_clk_gen). Large setup violations at the end of those stages might be difficult to fix during the post-placement implementation flow and could be the result of non-optimal XDC constraints or non-optimal design architecture
Related violations: <none>

TIMING-16#60 Warning
Large setup violation  
There is a large setup violation of -1.282 ns between i_ariane/i_cva6/csr_regfile_i/pmpaddr_q_reg[6][4]/C (clocked by clk_out1_xlnx_clk_gen) and i_ariane/i_cva6/ex_stage_i/lsu_i/lsu_bypass_i/mem_q_reg[0][data][6]/CE (clocked by clk_out1_xlnx_clk_gen). Large setup violations at the end of those stages might be difficult to fix during the post-placement implementation flow and could be the result of non-optimal XDC constraints or non-optimal design architecture
Related violations: <none>

TIMING-16#61 Warning
Large setup violation  
There is a large setup violation of -1.282 ns between i_ariane/i_cva6/csr_regfile_i/pmpaddr_q_reg[6][4]/C (clocked by clk_out1_xlnx_clk_gen) and i_ariane/i_cva6/ex_stage_i/lsu_i/lsu_bypass_i/mem_q_reg[0][vaddr][1]/CE (clocked by clk_out1_xlnx_clk_gen). Large setup violations at the end of those stages might be difficult to fix during the post-placement implementation flow and could be the result of non-optimal XDC constraints or non-optimal design architecture
Related violations: <none>

TIMING-16#62 Warning
Large setup violation  
There is a large setup violation of -1.287 ns between i_ariane/i_cva6/csr_regfile_i/pmpaddr_q_reg[6][4]/C (clocked by clk_out1_xlnx_clk_gen) and i_ariane/i_cva6/ex_stage_i/lsu_i/lsu_bypass_i/mem_q_reg[0][vaddr][23]/CE (clocked by clk_out1_xlnx_clk_gen). Large setup violations at the end of those stages might be difficult to fix during the post-placement implementation flow and could be the result of non-optimal XDC constraints or non-optimal design architecture
Related violations: <none>

TIMING-16#63 Warning
Large setup violation  
There is a large setup violation of -1.287 ns between i_ariane/i_cva6/csr_regfile_i/pmpaddr_q_reg[6][4]/C (clocked by clk_out1_xlnx_clk_gen) and i_ariane/i_cva6/ex_stage_i/lsu_i/lsu_bypass_i/mem_q_reg[0][vaddr][24]/CE (clocked by clk_out1_xlnx_clk_gen). Large setup violations at the end of those stages might be difficult to fix during the post-placement implementation flow and could be the result of non-optimal XDC constraints or non-optimal design architecture
Related violations: <none>

TIMING-16#64 Warning
Large setup violation  
There is a large setup violation of -1.291 ns between i_ariane/i_cva6/csr_regfile_i/pmpaddr_q_reg[6][4]/C (clocked by clk_out1_xlnx_clk_gen) and i_ariane/i_cva6/ex_stage_i/lsu_i/lsu_bypass_i/mem_q_reg[0][data][10]/CE (clocked by clk_out1_xlnx_clk_gen). Large setup violations at the end of those stages might be difficult to fix during the post-placement implementation flow and could be the result of non-optimal XDC constraints or non-optimal design architecture
Related violations: <none>

TIMING-16#65 Warning
Large setup violation  
There is a large setup violation of -1.291 ns between i_ariane/i_cva6/csr_regfile_i/pmpaddr_q_reg[6][4]/C (clocked by clk_out1_xlnx_clk_gen) and i_ariane/i_cva6/ex_stage_i/lsu_i/lsu_bypass_i/mem_q_reg[0][data][13]/CE (clocked by clk_out1_xlnx_clk_gen). Large setup violations at the end of those stages might be difficult to fix during the post-placement implementation flow and could be the result of non-optimal XDC constraints or non-optimal design architecture
Related violations: <none>

TIMING-16#66 Warning
Large setup violation  
There is a large setup violation of -1.291 ns between i_ariane/i_cva6/csr_regfile_i/pmpaddr_q_reg[6][4]/C (clocked by clk_out1_xlnx_clk_gen) and i_ariane/i_cva6/ex_stage_i/lsu_i/lsu_bypass_i/mem_q_reg[0][data][15]/CE (clocked by clk_out1_xlnx_clk_gen). Large setup violations at the end of those stages might be difficult to fix during the post-placement implementation flow and could be the result of non-optimal XDC constraints or non-optimal design architecture
Related violations: <none>

TIMING-16#67 Warning
Large setup violation  
There is a large setup violation of -1.291 ns between i_ariane/i_cva6/csr_regfile_i/pmpaddr_q_reg[6][4]/C (clocked by clk_out1_xlnx_clk_gen) and i_ariane/i_cva6/ex_stage_i/lsu_i/lsu_bypass_i/mem_q_reg[0][data][18]/CE (clocked by clk_out1_xlnx_clk_gen). Large setup violations at the end of those stages might be difficult to fix during the post-placement implementation flow and could be the result of non-optimal XDC constraints or non-optimal design architecture
Related violations: <none>

TIMING-16#68 Warning
Large setup violation  
There is a large setup violation of -1.295 ns between i_ariane/i_cva6/csr_regfile_i/pmpaddr_q_reg[6][4]/C (clocked by clk_out1_xlnx_clk_gen) and i_ariane/i_cva6/ex_stage_i/lsu_i/lsu_bypass_i/mem_q_reg[0][data][11]/CE (clocked by clk_out1_xlnx_clk_gen). Large setup violations at the end of those stages might be difficult to fix during the post-placement implementation flow and could be the result of non-optimal XDC constraints or non-optimal design architecture
Related violations: <none>

TIMING-16#69 Warning
Large setup violation  
There is a large setup violation of -1.295 ns between i_ariane/i_cva6/csr_regfile_i/pmpaddr_q_reg[6][4]/C (clocked by clk_out1_xlnx_clk_gen) and i_ariane/i_cva6/ex_stage_i/lsu_i/lsu_bypass_i/mem_q_reg[0][data][16]/CE (clocked by clk_out1_xlnx_clk_gen). Large setup violations at the end of those stages might be difficult to fix during the post-placement implementation flow and could be the result of non-optimal XDC constraints or non-optimal design architecture
Related violations: <none>

TIMING-16#70 Warning
Large setup violation  
There is a large setup violation of -1.295 ns between i_ariane/i_cva6/csr_regfile_i/pmpaddr_q_reg[6][4]/C (clocked by clk_out1_xlnx_clk_gen) and i_ariane/i_cva6/ex_stage_i/lsu_i/lsu_bypass_i/mem_q_reg[0][data][2]/CE (clocked by clk_out1_xlnx_clk_gen). Large setup violations at the end of those stages might be difficult to fix during the post-placement implementation flow and could be the result of non-optimal XDC constraints or non-optimal design architecture
Related violations: <none>

TIMING-16#71 Warning
Large setup violation  
There is a large setup violation of -1.295 ns between i_ariane/i_cva6/csr_regfile_i/pmpaddr_q_reg[6][4]/C (clocked by clk_out1_xlnx_clk_gen) and i_ariane/i_cva6/ex_stage_i/lsu_i/lsu_bypass_i/mem_q_reg[0][data][9]/CE (clocked by clk_out1_xlnx_clk_gen). Large setup violations at the end of those stages might be difficult to fix during the post-placement implementation flow and could be the result of non-optimal XDC constraints or non-optimal design architecture
Related violations: <none>

TIMING-16#72 Warning
Large setup violation  
There is a large setup violation of -1.353 ns between i_ariane/i_cva6/csr_regfile_i/pmpaddr_q_reg[6][4]/C (clocked by clk_out1_xlnx_clk_gen) and i_ariane/i_cva6/ex_stage_i/lsu_i/lsu_bypass_i/mem_q_reg[0][fu][1]/CE (clocked by clk_out1_xlnx_clk_gen). Large setup violations at the end of those stages might be difficult to fix during the post-placement implementation flow and could be the result of non-optimal XDC constraints or non-optimal design architecture
Related violations: <none>

TIMING-16#73 Warning
Large setup violation  
There is a large setup violation of -1.393 ns between i_ariane/i_cva6/csr_regfile_i/pmpaddr_q_reg[6][4]/C (clocked by clk_out1_xlnx_clk_gen) and i_ariane/i_cva6/ex_stage_i/lsu_i/lsu_bypass_i/mem_q_reg[0][vaddr][27]/CE (clocked by clk_out1_xlnx_clk_gen). Large setup violations at the end of those stages might be difficult to fix during the post-placement implementation flow and could be the result of non-optimal XDC constraints or non-optimal design architecture
Related violations: <none>

TIMING-16#74 Warning
Large setup violation  
There is a large setup violation of -1.393 ns between i_ariane/i_cva6/csr_regfile_i/pmpaddr_q_reg[6][4]/C (clocked by clk_out1_xlnx_clk_gen) and i_ariane/i_cva6/ex_stage_i/lsu_i/lsu_bypass_i/mem_q_reg[0][vaddr][28]/CE (clocked by clk_out1_xlnx_clk_gen). Large setup violations at the end of those stages might be difficult to fix during the post-placement implementation flow and could be the result of non-optimal XDC constraints or non-optimal design architecture
Related violations: <none>

TIMING-16#75 Warning
Large setup violation  
There is a large setup violation of -1.399 ns between i_ariane/i_cva6/csr_regfile_i/pmpaddr_q_reg[6][4]/C (clocked by clk_out1_xlnx_clk_gen) and i_ariane/i_cva6/ex_stage_i/lsu_i/lsu_bypass_i/mem_q_reg[0][vaddr][30]/CE (clocked by clk_out1_xlnx_clk_gen). Large setup violations at the end of those stages might be difficult to fix during the post-placement implementation flow and could be the result of non-optimal XDC constraints or non-optimal design architecture
Related violations: <none>

TIMING-16#76 Warning
Large setup violation  
There is a large setup violation of -1.412 ns between i_ariane/i_cva6/csr_regfile_i/pmpaddr_q_reg[6][4]/C (clocked by clk_out1_xlnx_clk_gen) and i_ariane/i_cva6/ex_stage_i/lsu_i/lsu_bypass_i/mem_q_reg[0][vaddr][4]/CE (clocked by clk_out1_xlnx_clk_gen). Large setup violations at the end of those stages might be difficult to fix during the post-placement implementation flow and could be the result of non-optimal XDC constraints or non-optimal design architecture
Related violations: <none>

TIMING-16#77 Warning
Large setup violation  
There is a large setup violation of -1.421 ns between i_ariane/i_cva6/csr_regfile_i/pmpaddr_q_reg[6][4]/C (clocked by clk_out1_xlnx_clk_gen) and i_ariane/i_cva6/ex_stage_i/lsu_i/lsu_bypass_i/mem_q_reg[0][data][5]/CE (clocked by clk_out1_xlnx_clk_gen). Large setup violations at the end of those stages might be difficult to fix during the post-placement implementation flow and could be the result of non-optimal XDC constraints or non-optimal design architecture
Related violations: <none>

TIMING-16#78 Warning
Large setup violation  
There is a large setup violation of -1.421 ns between i_ariane/i_cva6/csr_regfile_i/pmpaddr_q_reg[6][4]/C (clocked by clk_out1_xlnx_clk_gen) and i_ariane/i_cva6/ex_stage_i/lsu_i/lsu_bypass_i/mem_q_reg[0][operation][1]/CE (clocked by clk_out1_xlnx_clk_gen). Large setup violations at the end of those stages might be difficult to fix during the post-placement implementation flow and could be the result of non-optimal XDC constraints or non-optimal design architecture
Related violations: <none>

TIMING-16#79 Warning
Large setup violation  
There is a large setup violation of -1.428 ns between i_ariane/i_cva6/csr_regfile_i/pmpaddr_q_reg[6][4]/C (clocked by clk_out1_xlnx_clk_gen) and i_ariane/i_cva6/ex_stage_i/lsu_i/lsu_bypass_i/mem_q_reg[0][be][0]/CE (clocked by clk_out1_xlnx_clk_gen). Large setup violations at the end of those stages might be difficult to fix during the post-placement implementation flow and could be the result of non-optimal XDC constraints or non-optimal design architecture
Related violations: <none>

TIMING-16#80 Warning
Large setup violation  
There is a large setup violation of -1.428 ns between i_ariane/i_cva6/csr_regfile_i/pmpaddr_q_reg[6][4]/C (clocked by clk_out1_xlnx_clk_gen) and i_ariane/i_cva6/ex_stage_i/lsu_i/lsu_bypass_i/mem_q_reg[0][data][0]/CE (clocked by clk_out1_xlnx_clk_gen). Large setup violations at the end of those stages might be difficult to fix during the post-placement implementation flow and could be the result of non-optimal XDC constraints or non-optimal design architecture
Related violations: <none>

TIMING-16#81 Warning
Large setup violation  
There is a large setup violation of -1.428 ns between i_ariane/i_cva6/csr_regfile_i/pmpaddr_q_reg[6][4]/C (clocked by clk_out1_xlnx_clk_gen) and i_ariane/i_cva6/ex_stage_i/lsu_i/lsu_bypass_i/mem_q_reg[0][data][14]/CE (clocked by clk_out1_xlnx_clk_gen). Large setup violations at the end of those stages might be difficult to fix during the post-placement implementation flow and could be the result of non-optimal XDC constraints or non-optimal design architecture
Related violations: <none>

TIMING-16#82 Warning
Large setup violation  
There is a large setup violation of -1.428 ns between i_ariane/i_cva6/csr_regfile_i/pmpaddr_q_reg[6][4]/C (clocked by clk_out1_xlnx_clk_gen) and i_ariane/i_cva6/ex_stage_i/lsu_i/lsu_bypass_i/mem_q_reg[0][operation][3]/CE (clocked by clk_out1_xlnx_clk_gen). Large setup violations at the end of those stages might be difficult to fix during the post-placement implementation flow and could be the result of non-optimal XDC constraints or non-optimal design architecture
Related violations: <none>

TIMING-16#83 Warning
Large setup violation  
There is a large setup violation of -1.428 ns between i_ariane/i_cva6/csr_regfile_i/pmpaddr_q_reg[6][4]/C (clocked by clk_out1_xlnx_clk_gen) and i_ariane/i_cva6/ex_stage_i/lsu_i/lsu_bypass_i/mem_q_reg[0][vaddr][0]/CE (clocked by clk_out1_xlnx_clk_gen). Large setup violations at the end of those stages might be difficult to fix during the post-placement implementation flow and could be the result of non-optimal XDC constraints or non-optimal design architecture
Related violations: <none>

TIMING-16#84 Warning
Large setup violation  
There is a large setup violation of -1.429 ns between i_ariane/i_cva6/csr_regfile_i/pmpaddr_q_reg[6][4]/C (clocked by clk_out1_xlnx_clk_gen) and i_ariane/i_cva6/ex_stage_i/lsu_i/lsu_bypass_i/mem_q_reg[0][be][3]/CE (clocked by clk_out1_xlnx_clk_gen). Large setup violations at the end of those stages might be difficult to fix during the post-placement implementation flow and could be the result of non-optimal XDC constraints or non-optimal design architecture
Related violations: <none>

TIMING-16#85 Warning
Large setup violation  
There is a large setup violation of -1.442 ns between i_ariane/i_cva6/csr_regfile_i/pmpaddr_q_reg[6][4]/C (clocked by clk_out1_xlnx_clk_gen) and i_ariane/i_cva6/ex_stage_i/lsu_i/lsu_bypass_i/mem_q_reg[0][data][4]/CE (clocked by clk_out1_xlnx_clk_gen). Large setup violations at the end of those stages might be difficult to fix during the post-placement implementation flow and could be the result of non-optimal XDC constraints or non-optimal design architecture
Related violations: <none>

TIMING-16#86 Warning
Large setup violation  
There is a large setup violation of -1.442 ns between i_ariane/i_cva6/csr_regfile_i/pmpaddr_q_reg[6][4]/C (clocked by clk_out1_xlnx_clk_gen) and i_ariane/i_cva6/ex_stage_i/lsu_i/lsu_bypass_i/mem_q_reg[0][operation][2]/CE (clocked by clk_out1_xlnx_clk_gen). Large setup violations at the end of those stages might be difficult to fix during the post-placement implementation flow and could be the result of non-optimal XDC constraints or non-optimal design architecture
Related violations: <none>

TIMING-16#87 Warning
Large setup violation  
There is a large setup violation of -1.442 ns between i_ariane/i_cva6/csr_regfile_i/pmpaddr_q_reg[6][4]/C (clocked by clk_out1_xlnx_clk_gen) and i_ariane/i_cva6/ex_stage_i/lsu_i/lsu_bypass_i/mem_q_reg[0][operation][4]/CE (clocked by clk_out1_xlnx_clk_gen). Large setup violations at the end of those stages might be difficult to fix during the post-placement implementation flow and could be the result of non-optimal XDC constraints or non-optimal design architecture
Related violations: <none>

TIMING-16#88 Warning
Large setup violation  
There is a large setup violation of -1.442 ns between i_ariane/i_cva6/csr_regfile_i/pmpaddr_q_reg[6][4]/C (clocked by clk_out1_xlnx_clk_gen) and i_ariane/i_cva6/ex_stage_i/lsu_i/lsu_bypass_i/mem_q_reg[0][operation][6]/CE (clocked by clk_out1_xlnx_clk_gen). Large setup violations at the end of those stages might be difficult to fix during the post-placement implementation flow and could be the result of non-optimal XDC constraints or non-optimal design architecture
Related violations: <none>

TIMING-16#89 Warning
Large setup violation  
There is a large setup violation of -1.464 ns between i_ariane/i_cva6/issue_stage_i/i_issue_read_operands/branch_valid_q_reg[0]_replica_4/C (clocked by clk_out1_xlnx_clk_gen) and i_ariane/gen_example_coprocessor.i_cvxif_coprocessor/i_copro_alu/bfly4_out2_q_reg[0]/D (clocked by clk_out1_xlnx_clk_gen). Large setup violations at the end of those stages might be difficult to fix during the post-placement implementation flow and could be the result of non-optimal XDC constraints or non-optimal design architecture
Related violations: <none>

TIMING-16#90 Warning
Large setup violation  
There is a large setup violation of -1.499 ns between i_ariane/i_cva6/issue_stage_i/i_issue_read_operands/branch_valid_q_reg[0]_replica_4/C (clocked by clk_out1_xlnx_clk_gen) and i_ariane/gen_example_coprocessor.i_cvxif_coprocessor/i_copro_alu/bfly4_out3_q_reg[0]/D (clocked by clk_out1_xlnx_clk_gen). Large setup violations at the end of those stages might be difficult to fix during the post-placement implementation flow and could be the result of non-optimal XDC constraints or non-optimal design architecture
Related violations: <none>

TIMING-16#91 Warning
Large setup violation  
There is a large setup violation of -1.500 ns between i_ariane/i_cva6/csr_regfile_i/pmpaddr_q_reg[6][4]/C (clocked by clk_out1_xlnx_clk_gen) and i_ariane/i_cva6/ex_stage_i/lsu_i/lsu_bypass_i/mem_q_reg[0][be][1]/CE (clocked by clk_out1_xlnx_clk_gen). Large setup violations at the end of those stages might be difficult to fix during the post-placement implementation flow and could be the result of non-optimal XDC constraints or non-optimal design architecture
Related violations: <none>

TIMING-16#92 Warning
Large setup violation  
There is a large setup violation of -1.500 ns between i_ariane/i_cva6/csr_regfile_i/pmpaddr_q_reg[6][4]/C (clocked by clk_out1_xlnx_clk_gen) and i_ariane/i_cva6/ex_stage_i/lsu_i/lsu_bypass_i/mem_q_reg[0][be][2]/CE (clocked by clk_out1_xlnx_clk_gen). Large setup violations at the end of those stages might be difficult to fix during the post-placement implementation flow and could be the result of non-optimal XDC constraints or non-optimal design architecture
Related violations: <none>

TIMING-16#93 Warning
Large setup violation  
There is a large setup violation of -1.500 ns between i_ariane/i_cva6/csr_regfile_i/pmpaddr_q_reg[6][4]/C (clocked by clk_out1_xlnx_clk_gen) and i_ariane/i_cva6/ex_stage_i/lsu_i/lsu_bypass_i/mem_q_reg[0][data][23]/CE (clocked by clk_out1_xlnx_clk_gen). Large setup violations at the end of those stages might be difficult to fix during the post-placement implementation flow and could be the result of non-optimal XDC constraints or non-optimal design architecture
Related violations: <none>

TIMING-16#94 Warning
Large setup violation  
There is a large setup violation of -1.500 ns between i_ariane/i_cva6/csr_regfile_i/pmpaddr_q_reg[6][4]/C (clocked by clk_out1_xlnx_clk_gen) and i_ariane/i_cva6/ex_stage_i/lsu_i/lsu_bypass_i/mem_q_reg[0][operation][0]/CE (clocked by clk_out1_xlnx_clk_gen). Large setup violations at the end of those stages might be difficult to fix during the post-placement implementation flow and could be the result of non-optimal XDC constraints or non-optimal design architecture
Related violations: <none>

TIMING-16#95 Warning
Large setup violation  
There is a large setup violation of -1.506 ns between i_ariane/i_cva6/issue_stage_i/i_issue_read_operands/branch_valid_q_reg[0]_replica_4/C (clocked by clk_out1_xlnx_clk_gen) and i_ariane/gen_example_coprocessor.i_cvxif_coprocessor/i_copro_alu/bfly4_out1_q_reg[0]/D (clocked by clk_out1_xlnx_clk_gen). Large setup violations at the end of those stages might be difficult to fix during the post-placement implementation flow and could be the result of non-optimal XDC constraints or non-optimal design architecture
Related violations: <none>

TIMING-16#96 Warning
Large setup violation  
There is a large setup violation of -1.597 ns between i_ariane/i_cva6/issue_stage_i/i_issue_read_operands/branch_valid_q_reg[0]_replica_4/C (clocked by clk_out1_xlnx_clk_gen) and i_ariane/gen_example_coprocessor.i_cvxif_coprocessor/i_copro_alu/bfly4_out2_q_reg[18]/D (clocked by clk_out1_xlnx_clk_gen). Large setup violations at the end of those stages might be difficult to fix during the post-placement implementation flow and could be the result of non-optimal XDC constraints or non-optimal design architecture
Related violations: <none>

TIMING-16#97 Warning
Large setup violation  
There is a large setup violation of -2.041 ns between i_ariane/i_cva6/issue_stage_i/i_issue_read_operands/branch_valid_q_reg[0]_replica_4/C (clocked by clk_out1_xlnx_clk_gen) and i_ariane/gen_example_coprocessor.i_cvxif_coprocessor/i_copro_alu/result_q_reg[16]/D (clocked by clk_out1_xlnx_clk_gen). Large setup violations at the end of those stages might be difficult to fix during the post-placement implementation flow and could be the result of non-optimal XDC constraints or non-optimal design architecture
Related violations: <none>

TIMING-16#98 Warning
Large setup violation  
There is a large setup violation of -2.053 ns between i_ariane/i_cva6/issue_stage_i/i_issue_read_operands/branch_valid_q_reg[0]_replica_4/C (clocked by clk_out1_xlnx_clk_gen) and i_ariane/gen_example_coprocessor.i_cvxif_coprocessor/i_copro_alu/bfly4_out3_q_reg[1]/D (clocked by clk_out1_xlnx_clk_gen). Large setup violations at the end of those stages might be difficult to fix during the post-placement implementation flow and could be the result of non-optimal XDC constraints or non-optimal design architecture
Related violations: <none>

TIMING-16#99 Warning
Large setup violation  
There is a large setup violation of -2.060 ns between i_ariane/i_cva6/issue_stage_i/i_issue_read_operands/branch_valid_q_reg[0]_replica_4/C (clocked by clk_out1_xlnx_clk_gen) and i_ariane/gen_example_coprocessor.i_cvxif_coprocessor/i_copro_alu/bfly4_out1_q_reg[1]/D (clocked by clk_out1_xlnx_clk_gen). Large setup violations at the end of those stages might be difficult to fix during the post-placement implementation flow and could be the result of non-optimal XDC constraints or non-optimal design architecture
Related violations: <none>

TIMING-16#100 Warning
Large setup violation  
There is a large setup violation of -2.102 ns between i_ariane/i_cva6/issue_stage_i/i_issue_read_operands/branch_valid_q_reg[0]_replica_4/C (clocked by clk_out1_xlnx_clk_gen) and i_ariane/gen_example_coprocessor.i_cvxif_coprocessor/i_copro_alu/bfly4_out1_q_reg[16]/D (clocked by clk_out1_xlnx_clk_gen). Large setup violations at the end of those stages might be difficult to fix during the post-placement implementation flow and could be the result of non-optimal XDC constraints or non-optimal design architecture
Related violations: <none>

TIMING-16#101 Warning
Large setup violation  
There is a large setup violation of -2.104 ns between i_ariane/i_cva6/issue_stage_i/i_issue_read_operands/branch_valid_q_reg[0]_replica_4/C (clocked by clk_out1_xlnx_clk_gen) and i_ariane/gen_example_coprocessor.i_cvxif_coprocessor/i_copro_alu/bfly4_out2_q_reg[19]/D (clocked by clk_out1_xlnx_clk_gen). Large setup violations at the end of those stages might be difficult to fix during the post-placement implementation flow and could be the result of non-optimal XDC constraints or non-optimal design architecture
Related violations: <none>

TIMING-16#102 Warning
Large setup violation  
There is a large setup violation of -2.136 ns between i_ariane/i_cva6/issue_stage_i/i_issue_read_operands/branch_valid_q_reg[0]_replica_4/C (clocked by clk_out1_xlnx_clk_gen) and i_ariane/gen_example_coprocessor.i_cvxif_coprocessor/i_copro_alu/bfly4_out1_q_reg[2]/D (clocked by clk_out1_xlnx_clk_gen). Large setup violations at the end of those stages might be difficult to fix during the post-placement implementation flow and could be the result of non-optimal XDC constraints or non-optimal design architecture
Related violations: <none>

TIMING-16#103 Warning
Large setup violation  
There is a large setup violation of -2.334 ns between i_ariane/i_cva6/issue_stage_i/i_issue_read_operands/branch_valid_q_reg[0]_replica_4/C (clocked by clk_out1_xlnx_clk_gen) and i_ariane/gen_example_coprocessor.i_cvxif_coprocessor/i_copro_alu/bfly4_out3_q_reg[16]/D (clocked by clk_out1_xlnx_clk_gen). Large setup violations at the end of those stages might be difficult to fix during the post-placement implementation flow and could be the result of non-optimal XDC constraints or non-optimal design architecture
Related violations: <none>

TIMING-16#104 Warning
Large setup violation  
There is a large setup violation of -2.415 ns between i_ariane/i_cva6/issue_stage_i/i_issue_read_operands/branch_valid_q_reg[0]_replica_4/C (clocked by clk_out1_xlnx_clk_gen) and i_ariane/gen_example_coprocessor.i_cvxif_coprocessor/i_copro_alu/bfly4_out3_q_reg[2]/D (clocked by clk_out1_xlnx_clk_gen). Large setup violations at the end of those stages might be difficult to fix during the post-placement implementation flow and could be the result of non-optimal XDC constraints or non-optimal design architecture
Related violations: <none>

TIMING-16#105 Warning
Large setup violation  
There is a large setup violation of -2.430 ns between i_ariane/i_cva6/issue_stage_i/i_issue_read_operands/branch_valid_q_reg[0]_replica_4/C (clocked by clk_out1_xlnx_clk_gen) and i_ariane/gen_example_coprocessor.i_cvxif_coprocessor/i_copro_alu/bfly4_out2_q_reg[1]/D (clocked by clk_out1_xlnx_clk_gen). Large setup violations at the end of those stages might be difficult to fix during the post-placement implementation flow and could be the result of non-optimal XDC constraints or non-optimal design architecture
Related violations: <none>

TIMING-16#106 Warning
Large setup violation  
There is a large setup violation of -2.481 ns between i_ariane/i_cva6/issue_stage_i/i_issue_read_operands/branch_valid_q_reg[0]_replica_4/C (clocked by clk_out1_xlnx_clk_gen) and i_ariane/gen_example_coprocessor.i_cvxif_coprocessor/i_copro_alu/bfly4_out2_q_reg[20]/D (clocked by clk_out1_xlnx_clk_gen). Large setup violations at the end of those stages might be difficult to fix during the post-placement implementation flow and could be the result of non-optimal XDC constraints or non-optimal design architecture
Related violations: <none>

TIMING-16#107 Warning
Large setup violation  
There is a large setup violation of -2.592 ns between i_ariane/i_cva6/issue_stage_i/i_issue_read_operands/branch_valid_q_reg[0]_replica_4/C (clocked by clk_out1_xlnx_clk_gen) and i_ariane/gen_example_coprocessor.i_cvxif_coprocessor/i_copro_alu/bfly4_out2_q_reg[21]/D (clocked by clk_out1_xlnx_clk_gen). Large setup violations at the end of those stages might be difficult to fix during the post-placement implementation flow and could be the result of non-optimal XDC constraints or non-optimal design architecture
Related violations: <none>

TIMING-16#108 Warning
Large setup violation  
There is a large setup violation of -2.644 ns between i_ariane/i_cva6/issue_stage_i/i_issue_read_operands/branch_valid_q_reg[0]_replica_4/C (clocked by clk_out1_xlnx_clk_gen) and i_ariane/gen_example_coprocessor.i_cvxif_coprocessor/i_copro_alu/bfly4_out3_q_reg[17]/D (clocked by clk_out1_xlnx_clk_gen). Large setup violations at the end of those stages might be difficult to fix during the post-placement implementation flow and could be the result of non-optimal XDC constraints or non-optimal design architecture
Related violations: <none>

TIMING-16#109 Warning
Large setup violation  
There is a large setup violation of -2.778 ns between i_ariane/i_cva6/issue_stage_i/i_issue_read_operands/branch_valid_q_reg[0]_replica_4/C (clocked by clk_out1_xlnx_clk_gen) and i_ariane/gen_example_coprocessor.i_cvxif_coprocessor/i_copro_alu/bfly4_out1_q_reg[3]/D (clocked by clk_out1_xlnx_clk_gen). Large setup violations at the end of those stages might be difficult to fix during the post-placement implementation flow and could be the result of non-optimal XDC constraints or non-optimal design architecture
Related violations: <none>

TIMING-16#110 Warning
Large setup violation  
There is a large setup violation of -2.782 ns between i_ariane/i_cva6/issue_stage_i/i_issue_read_operands/branch_valid_q_reg[0]_replica_4/C (clocked by clk_out1_xlnx_clk_gen) and i_ariane/gen_example_coprocessor.i_cvxif_coprocessor/i_copro_alu/bfly4_out2_q_reg[22]/D (clocked by clk_out1_xlnx_clk_gen). Large setup violations at the end of those stages might be difficult to fix during the post-placement implementation flow and could be the result of non-optimal XDC constraints or non-optimal design architecture
Related violations: <none>

TIMING-16#111 Warning
Large setup violation  
There is a large setup violation of -2.783 ns between i_ariane/i_cva6/issue_stage_i/i_issue_read_operands/branch_valid_q_reg[0]_replica_4/C (clocked by clk_out1_xlnx_clk_gen) and i_ariane/gen_example_coprocessor.i_cvxif_coprocessor/i_copro_alu/bfly4_out2_q_reg[2]/D (clocked by clk_out1_xlnx_clk_gen). Large setup violations at the end of those stages might be difficult to fix during the post-placement implementation flow and could be the result of non-optimal XDC constraints or non-optimal design architecture
Related violations: <none>

TIMING-16#112 Warning
Large setup violation  
There is a large setup violation of -2.842 ns between i_ariane/i_cva6/issue_stage_i/i_issue_read_operands/branch_valid_q_reg[0]_replica_4/C (clocked by clk_out1_xlnx_clk_gen) and i_ariane/gen_example_coprocessor.i_cvxif_coprocessor/i_copro_alu/bfly4_out2_q_reg[23]/D (clocked by clk_out1_xlnx_clk_gen). Large setup violations at the end of those stages might be difficult to fix during the post-placement implementation flow and could be the result of non-optimal XDC constraints or non-optimal design architecture
Related violations: <none>

TIMING-16#113 Warning
Large setup violation  
There is a large setup violation of -2.880 ns between i_ariane/i_cva6/issue_stage_i/i_issue_read_operands/branch_valid_q_reg[0]_replica_4/C (clocked by clk_out1_xlnx_clk_gen) and i_ariane/gen_example_coprocessor.i_cvxif_coprocessor/i_copro_alu/result_q_reg[17]/D (clocked by clk_out1_xlnx_clk_gen). Large setup violations at the end of those stages might be difficult to fix during the post-placement implementation flow and could be the result of non-optimal XDC constraints or non-optimal design architecture
Related violations: <none>

TIMING-16#114 Warning
Large setup violation  
There is a large setup violation of -2.907 ns between i_ariane/i_cva6/issue_stage_i/i_issue_read_operands/branch_valid_q_reg[0]_replica_4/C (clocked by clk_out1_xlnx_clk_gen) and i_ariane/gen_example_coprocessor.i_cvxif_coprocessor/i_copro_alu/bfly4_out3_q_reg[3]/D (clocked by clk_out1_xlnx_clk_gen). Large setup violations at the end of those stages might be difficult to fix during the post-placement implementation flow and could be the result of non-optimal XDC constraints or non-optimal design architecture
Related violations: <none>

TIMING-16#115 Warning
Large setup violation  
There is a large setup violation of -2.926 ns between i_ariane/i_cva6/issue_stage_i/i_issue_read_operands/branch_valid_q_reg[0]_replica_4/C (clocked by clk_out1_xlnx_clk_gen) and i_ariane/gen_example_coprocessor.i_cvxif_coprocessor/i_copro_alu/bfly4_out1_q_reg[17]/D (clocked by clk_out1_xlnx_clk_gen). Large setup violations at the end of those stages might be difficult to fix during the post-placement implementation flow and could be the result of non-optimal XDC constraints or non-optimal design architecture
Related violations: <none>

TIMING-16#116 Warning
Large setup violation  
There is a large setup violation of -2.976 ns between i_ariane/i_cva6/issue_stage_i/i_issue_read_operands/branch_valid_q_reg[0]_replica_4/C (clocked by clk_out1_xlnx_clk_gen) and i_ariane/gen_example_coprocessor.i_cvxif_coprocessor/i_copro_alu/bfly4_out2_q_reg[24]/D (clocked by clk_out1_xlnx_clk_gen). Large setup violations at the end of those stages might be difficult to fix during the post-placement implementation flow and could be the result of non-optimal XDC constraints or non-optimal design architecture
Related violations: <none>

TIMING-16#117 Warning
Large setup violation  
There is a large setup violation of -2.982 ns between i_ariane/i_cva6/csr_regfile_i/pmpaddr_q_reg[6][4]/C (clocked by clk_out1_xlnx_clk_gen) and i_ariane/gen_example_coprocessor.i_cvxif_coprocessor/i_copro_alu/result_q_reg[0]/D (clocked by clk_out1_xlnx_clk_gen). Large setup violations at the end of those stages might be difficult to fix during the post-placement implementation flow and could be the result of non-optimal XDC constraints or non-optimal design architecture
Related violations: <none>

TIMING-16#118 Warning
Large setup violation  
There is a large setup violation of -2.992 ns between i_ariane/i_cva6/issue_stage_i/i_issue_read_operands/branch_valid_q_reg[0]_replica_4/C (clocked by clk_out1_xlnx_clk_gen) and i_ariane/gen_example_coprocessor.i_cvxif_coprocessor/i_copro_alu/bfly4_out2_q_reg[26]/D (clocked by clk_out1_xlnx_clk_gen). Large setup violations at the end of those stages might be difficult to fix during the post-placement implementation flow and could be the result of non-optimal XDC constraints or non-optimal design architecture
Related violations: <none>

TIMING-16#119 Warning
Large setup violation  
There is a large setup violation of -3.015 ns between i_ariane/i_cva6/issue_stage_i/i_issue_read_operands/branch_valid_q_reg[0]_replica_4/C (clocked by clk_out1_xlnx_clk_gen) and i_ariane/gen_example_coprocessor.i_cvxif_coprocessor/i_copro_alu/bfly4_out3_q_reg[6]/D (clocked by clk_out1_xlnx_clk_gen). Large setup violations at the end of those stages might be difficult to fix during the post-placement implementation flow and could be the result of non-optimal XDC constraints or non-optimal design architecture
Related violations: <none>

TIMING-16#120 Warning
Large setup violation  
There is a large setup violation of -3.053 ns between i_ariane/i_cva6/issue_stage_i/i_issue_read_operands/branch_valid_q_reg[0]_replica_4/C (clocked by clk_out1_xlnx_clk_gen) and i_ariane/gen_example_coprocessor.i_cvxif_coprocessor/i_copro_alu/bfly4_out2_q_reg[3]/D (clocked by clk_out1_xlnx_clk_gen). Large setup violations at the end of those stages might be difficult to fix during the post-placement implementation flow and could be the result of non-optimal XDC constraints or non-optimal design architecture
Related violations: <none>

TIMING-16#121 Warning
Large setup violation  
There is a large setup violation of -3.066 ns between i_ariane/i_cva6/issue_stage_i/i_issue_read_operands/branch_valid_q_reg[0]_replica_4/C (clocked by clk_out1_xlnx_clk_gen) and i_ariane/gen_example_coprocessor.i_cvxif_coprocessor/i_copro_alu/bfly4_out2_q_reg[27]/D (clocked by clk_out1_xlnx_clk_gen). Large setup violations at the end of those stages might be difficult to fix during the post-placement implementation flow and could be the result of non-optimal XDC constraints or non-optimal design architecture
Related violations: <none>

TIMING-16#122 Warning
Large setup violation  
There is a large setup violation of -3.087 ns between i_ariane/i_cva6/issue_stage_i/i_issue_read_operands/branch_valid_q_reg[0]_replica_4/C (clocked by clk_out1_xlnx_clk_gen) and i_ariane/gen_example_coprocessor.i_cvxif_coprocessor/i_copro_alu/bfly4_out2_q_reg[25]/D (clocked by clk_out1_xlnx_clk_gen). Large setup violations at the end of those stages might be difficult to fix during the post-placement implementation flow and could be the result of non-optimal XDC constraints or non-optimal design architecture
Related violations: <none>

TIMING-16#123 Warning
Large setup violation  
There is a large setup violation of -3.090 ns between i_ariane/i_cva6/issue_stage_i/i_issue_read_operands/branch_valid_q_reg[0]_replica_4/C (clocked by clk_out1_xlnx_clk_gen) and i_ariane/gen_example_coprocessor.i_cvxif_coprocessor/i_copro_alu/bfly4_out2_q_reg[28]/D (clocked by clk_out1_xlnx_clk_gen). Large setup violations at the end of those stages might be difficult to fix during the post-placement implementation flow and could be the result of non-optimal XDC constraints or non-optimal design architecture
Related violations: <none>

TIMING-16#124 Warning
Large setup violation  
There is a large setup violation of -3.106 ns between i_ariane/i_cva6/issue_stage_i/i_issue_read_operands/branch_valid_q_reg[0]_replica_4/C (clocked by clk_out1_xlnx_clk_gen) and i_ariane/gen_example_coprocessor.i_cvxif_coprocessor/i_copro_alu/bfly4_out2_q_reg[30]/D (clocked by clk_out1_xlnx_clk_gen). Large setup violations at the end of those stages might be difficult to fix during the post-placement implementation flow and could be the result of non-optimal XDC constraints or non-optimal design architecture
Related violations: <none>

TIMING-16#125 Warning
Large setup violation  
There is a large setup violation of -3.126 ns between i_ariane/i_cva6/issue_stage_i/i_issue_read_operands/branch_valid_q_reg[0]_replica_4/C (clocked by clk_out1_xlnx_clk_gen) and i_ariane/gen_example_coprocessor.i_cvxif_coprocessor/i_copro_alu/bfly4_out1_q_reg[4]/D (clocked by clk_out1_xlnx_clk_gen). Large setup violations at the end of those stages might be difficult to fix during the post-placement implementation flow and could be the result of non-optimal XDC constraints or non-optimal design architecture
Related violations: <none>

TIMING-16#126 Warning
Large setup violation  
There is a large setup violation of -3.180 ns between i_ariane/i_cva6/issue_stage_i/i_issue_read_operands/branch_valid_q_reg[0]_replica_4/C (clocked by clk_out1_xlnx_clk_gen) and i_ariane/gen_example_coprocessor.i_cvxif_coprocessor/i_copro_alu/bfly4_out2_q_reg[31]/D (clocked by clk_out1_xlnx_clk_gen). Large setup violations at the end of those stages might be difficult to fix during the post-placement implementation flow and could be the result of non-optimal XDC constraints or non-optimal design architecture
Related violations: <none>

TIMING-16#127 Warning
Large setup violation  
There is a large setup violation of -3.194 ns between i_ariane/i_cva6/issue_stage_i/i_issue_read_operands/branch_valid_q_reg[0]_replica_4/C (clocked by clk_out1_xlnx_clk_gen) and i_ariane/gen_example_coprocessor.i_cvxif_coprocessor/i_copro_alu/bfly4_out3_q_reg[4]/D (clocked by clk_out1_xlnx_clk_gen). Large setup violations at the end of those stages might be difficult to fix during the post-placement implementation flow and could be the result of non-optimal XDC constraints or non-optimal design architecture
Related violations: <none>

TIMING-16#128 Warning
Large setup violation  
There is a large setup violation of -3.201 ns between i_ariane/i_cva6/issue_stage_i/i_issue_read_operands/branch_valid_q_reg[0]_replica_4/C (clocked by clk_out1_xlnx_clk_gen) and i_ariane/gen_example_coprocessor.i_cvxif_coprocessor/i_copro_alu/bfly4_out2_q_reg[29]/D (clocked by clk_out1_xlnx_clk_gen). Large setup violations at the end of those stages might be difficult to fix during the post-placement implementation flow and could be the result of non-optimal XDC constraints or non-optimal design architecture
Related violations: <none>

TIMING-16#129 Warning
Large setup violation  
There is a large setup violation of -3.203 ns between i_ariane/i_cva6/issue_stage_i/i_issue_read_operands/branch_valid_q_reg[0]_replica_4/C (clocked by clk_out1_xlnx_clk_gen) and i_ariane/gen_example_coprocessor.i_cvxif_coprocessor/i_copro_alu/bfly4_out1_q_reg[6]/D (clocked by clk_out1_xlnx_clk_gen). Large setup violations at the end of those stages might be difficult to fix during the post-placement implementation flow and could be the result of non-optimal XDC constraints or non-optimal design architecture
Related violations: <none>

TIMING-16#130 Warning
Large setup violation  
There is a large setup violation of -3.211 ns between i_ariane/i_cva6/issue_stage_i/i_issue_read_operands/branch_valid_q_reg[0]_replica_4/C (clocked by clk_out1_xlnx_clk_gen) and i_ariane/gen_example_coprocessor.i_cvxif_coprocessor/i_copro_alu/bfly4_out3_q_reg[5]/D (clocked by clk_out1_xlnx_clk_gen). Large setup violations at the end of those stages might be difficult to fix during the post-placement implementation flow and could be the result of non-optimal XDC constraints or non-optimal design architecture
Related violations: <none>

TIMING-16#131 Warning
Large setup violation  
There is a large setup violation of -3.226 ns between i_ariane/i_cva6/issue_stage_i/i_issue_read_operands/branch_valid_q_reg[0]_replica_4/C (clocked by clk_out1_xlnx_clk_gen) and i_ariane/gen_example_coprocessor.i_cvxif_coprocessor/i_copro_alu/bfly4_out1_q_reg[5]/D (clocked by clk_out1_xlnx_clk_gen). Large setup violations at the end of those stages might be difficult to fix during the post-placement implementation flow and could be the result of non-optimal XDC constraints or non-optimal design architecture
Related violations: <none>

TIMING-16#132 Warning
Large setup violation  
There is a large setup violation of -3.266 ns between i_ariane/i_cva6/issue_stage_i/i_issue_read_operands/branch_valid_q_reg[0]_replica_4/C (clocked by clk_out1_xlnx_clk_gen) and i_ariane/gen_example_coprocessor.i_cvxif_coprocessor/i_copro_alu/bfly4_out3_q_reg[18]/D (clocked by clk_out1_xlnx_clk_gen). Large setup violations at the end of those stages might be difficult to fix during the post-placement implementation flow and could be the result of non-optimal XDC constraints or non-optimal design architecture
Related violations: <none>

TIMING-16#133 Warning
Large setup violation  
There is a large setup violation of -3.309 ns between i_ariane/i_cva6/issue_stage_i/i_issue_read_operands/branch_valid_q_reg[0]_replica_4/C (clocked by clk_out1_xlnx_clk_gen) and i_ariane/gen_example_coprocessor.i_cvxif_coprocessor/i_copro_alu/result_q_reg[18]/D (clocked by clk_out1_xlnx_clk_gen). Large setup violations at the end of those stages might be difficult to fix during the post-placement implementation flow and could be the result of non-optimal XDC constraints or non-optimal design architecture
Related violations: <none>

TIMING-16#134 Warning
Large setup violation  
There is a large setup violation of -3.347 ns between i_ariane/i_cva6/issue_stage_i/i_issue_read_operands/branch_valid_q_reg[0]_replica_4/C (clocked by clk_out1_xlnx_clk_gen) and i_ariane/gen_example_coprocessor.i_cvxif_coprocessor/i_copro_alu/bfly4_out1_q_reg[7]/D (clocked by clk_out1_xlnx_clk_gen). Large setup violations at the end of those stages might be difficult to fix during the post-placement implementation flow and could be the result of non-optimal XDC constraints or non-optimal design architecture
Related violations: <none>

TIMING-16#135 Warning
Large setup violation  
There is a large setup violation of -3.382 ns between i_ariane/i_cva6/issue_stage_i/i_issue_read_operands/branch_valid_q_reg[0]_replica_4/C (clocked by clk_out1_xlnx_clk_gen) and i_ariane/gen_example_coprocessor.i_cvxif_coprocessor/i_copro_alu/bfly4_out1_q_reg[18]/D (clocked by clk_out1_xlnx_clk_gen). Large setup violations at the end of those stages might be difficult to fix during the post-placement implementation flow and could be the result of non-optimal XDC constraints or non-optimal design architecture
Related violations: <none>

TIMING-16#136 Warning
Large setup violation  
There is a large setup violation of -3.411 ns between i_ariane/i_cva6/issue_stage_i/i_issue_read_operands/branch_valid_q_reg[0]_replica_4/C (clocked by clk_out1_xlnx_clk_gen) and i_ariane/gen_example_coprocessor.i_cvxif_coprocessor/i_copro_alu/result_q_reg[19]/D (clocked by clk_out1_xlnx_clk_gen). Large setup violations at the end of those stages might be difficult to fix during the post-placement implementation flow and could be the result of non-optimal XDC constraints or non-optimal design architecture
Related violations: <none>

TIMING-16#137 Warning
Large setup violation  
There is a large setup violation of -3.429 ns between i_ariane/i_cva6/issue_stage_i/i_issue_read_operands/branch_valid_q_reg[0]_replica_4/C (clocked by clk_out1_xlnx_clk_gen) and i_ariane/gen_example_coprocessor.i_cvxif_coprocessor/i_copro_alu/bfly4_out2_q_reg[4]/D (clocked by clk_out1_xlnx_clk_gen). Large setup violations at the end of those stages might be difficult to fix during the post-placement implementation flow and could be the result of non-optimal XDC constraints or non-optimal design architecture
Related violations: <none>

TIMING-16#138 Warning
Large setup violation  
There is a large setup violation of -3.445 ns between i_ariane/i_cva6/issue_stage_i/i_issue_read_operands/branch_valid_q_reg[0]_replica_4/C (clocked by clk_out1_xlnx_clk_gen) and i_ariane/gen_example_coprocessor.i_cvxif_coprocessor/i_copro_alu/bfly4_out2_q_reg[6]/D (clocked by clk_out1_xlnx_clk_gen). Large setup violations at the end of those stages might be difficult to fix during the post-placement implementation flow and could be the result of non-optimal XDC constraints or non-optimal design architecture
Related violations: <none>

TIMING-16#139 Warning
Large setup violation  
There is a large setup violation of -3.482 ns between i_ariane/i_cva6/issue_stage_i/i_issue_read_operands/branch_valid_q_reg[0]_replica_4/C (clocked by clk_out1_xlnx_clk_gen) and i_ariane/gen_example_coprocessor.i_cvxif_coprocessor/i_copro_alu/bfly4_out1_q_reg[8]/D (clocked by clk_out1_xlnx_clk_gen). Large setup violations at the end of those stages might be difficult to fix during the post-placement implementation flow and could be the result of non-optimal XDC constraints or non-optimal design architecture
Related violations: <none>

TIMING-16#140 Warning
Large setup violation  
There is a large setup violation of -3.519 ns between i_ariane/i_cva6/issue_stage_i/i_issue_read_operands/branch_valid_q_reg[0]_replica_4/C (clocked by clk_out1_xlnx_clk_gen) and i_ariane/gen_example_coprocessor.i_cvxif_coprocessor/i_copro_alu/bfly4_out2_q_reg[7]/D (clocked by clk_out1_xlnx_clk_gen). Large setup violations at the end of those stages might be difficult to fix during the post-placement implementation flow and could be the result of non-optimal XDC constraints or non-optimal design architecture
Related violations: <none>

TIMING-16#141 Warning
Large setup violation  
There is a large setup violation of -3.540 ns between i_ariane/i_cva6/issue_stage_i/i_issue_read_operands/branch_valid_q_reg[0]_replica_4/C (clocked by clk_out1_xlnx_clk_gen) and i_ariane/gen_example_coprocessor.i_cvxif_coprocessor/i_copro_alu/bfly4_out2_q_reg[5]/D (clocked by clk_out1_xlnx_clk_gen). Large setup violations at the end of those stages might be difficult to fix during the post-placement implementation flow and could be the result of non-optimal XDC constraints or non-optimal design architecture
Related violations: <none>

TIMING-16#142 Warning
Large setup violation  
There is a large setup violation of -3.550 ns between i_ariane/i_cva6/issue_stage_i/i_issue_read_operands/branch_valid_q_reg[0]_replica_4/C (clocked by clk_out1_xlnx_clk_gen) and i_ariane/gen_example_coprocessor.i_cvxif_coprocessor/i_copro_alu/result_q_reg[1]/D (clocked by clk_out1_xlnx_clk_gen). Large setup violations at the end of those stages might be difficult to fix during the post-placement implementation flow and could be the result of non-optimal XDC constraints or non-optimal design architecture
Related violations: <none>

TIMING-16#143 Warning
Large setup violation  
There is a large setup violation of -3.556 ns between i_ariane/i_cva6/issue_stage_i/i_issue_read_operands/branch_valid_q_reg[0]_replica_4/C (clocked by clk_out1_xlnx_clk_gen) and i_ariane/gen_example_coprocessor.i_cvxif_coprocessor/i_copro_alu/bfly4_out2_q_reg[8]/D (clocked by clk_out1_xlnx_clk_gen). Large setup violations at the end of those stages might be difficult to fix during the post-placement implementation flow and could be the result of non-optimal XDC constraints or non-optimal design architecture
Related violations: <none>

TIMING-16#144 Warning
Large setup violation  
There is a large setup violation of -3.567 ns between i_ariane/i_cva6/issue_stage_i/i_issue_read_operands/branch_valid_q_reg[0]_replica_4/C (clocked by clk_out1_xlnx_clk_gen) and i_ariane/gen_example_coprocessor.i_cvxif_coprocessor/i_copro_alu/bfly4_out3_q_reg[7]/D (clocked by clk_out1_xlnx_clk_gen). Large setup violations at the end of those stages might be difficult to fix during the post-placement implementation flow and could be the result of non-optimal XDC constraints or non-optimal design architecture
Related violations: <none>

TIMING-16#145 Warning
Large setup violation  
There is a large setup violation of -3.585 ns between i_ariane/i_cva6/issue_stage_i/i_issue_read_operands/branch_valid_q_reg[0]_replica_4/C (clocked by clk_out1_xlnx_clk_gen) and i_ariane/gen_example_coprocessor.i_cvxif_coprocessor/i_copro_alu/bfly4_out2_q_reg[10]/D (clocked by clk_out1_xlnx_clk_gen). Large setup violations at the end of those stages might be difficult to fix during the post-placement implementation flow and could be the result of non-optimal XDC constraints or non-optimal design architecture
Related violations: <none>

TIMING-16#146 Warning
Large setup violation  
There is a large setup violation of -3.618 ns between i_ariane/i_cva6/issue_stage_i/i_issue_read_operands/branch_valid_q_reg[0]_replica_4/C (clocked by clk_out1_xlnx_clk_gen) and i_ariane/gen_example_coprocessor.i_cvxif_coprocessor/i_copro_alu/bfly4_out3_q_reg[15]/D (clocked by clk_out1_xlnx_clk_gen). Large setup violations at the end of those stages might be difficult to fix during the post-placement implementation flow and could be the result of non-optimal XDC constraints or non-optimal design architecture
Related violations: <none>

TIMING-16#147 Warning
Large setup violation  
There is a large setup violation of -3.620 ns between i_ariane/i_cva6/issue_stage_i/i_issue_read_operands/branch_valid_q_reg[0]_replica_4/C (clocked by clk_out1_xlnx_clk_gen) and i_ariane/gen_example_coprocessor.i_cvxif_coprocessor/i_copro_alu/bfly4_out3_q_reg[19]/D (clocked by clk_out1_xlnx_clk_gen). Large setup violations at the end of those stages might be difficult to fix during the post-placement implementation flow and could be the result of non-optimal XDC constraints or non-optimal design architecture
Related violations: <none>

TIMING-16#148 Warning
Large setup violation  
There is a large setup violation of -3.629 ns between i_ariane/i_cva6/issue_stage_i/i_issue_read_operands/branch_valid_q_reg[0]_replica_4/C (clocked by clk_out1_xlnx_clk_gen) and i_ariane/gen_example_coprocessor.i_cvxif_coprocessor/i_copro_alu/bfly4_out3_q_reg[13]/D (clocked by clk_out1_xlnx_clk_gen). Large setup violations at the end of those stages might be difficult to fix during the post-placement implementation flow and could be the result of non-optimal XDC constraints or non-optimal design architecture
Related violations: <none>

TIMING-16#149 Warning
Large setup violation  
There is a large setup violation of -3.638 ns between i_ariane/i_cva6/issue_stage_i/i_issue_read_operands/branch_valid_q_reg[0]_replica_4/C (clocked by clk_out1_xlnx_clk_gen) and i_ariane/gen_example_coprocessor.i_cvxif_coprocessor/i_copro_alu/bfly4_out3_q_reg[12]/D (clocked by clk_out1_xlnx_clk_gen). Large setup violations at the end of those stages might be difficult to fix during the post-placement implementation flow and could be the result of non-optimal XDC constraints or non-optimal design architecture
Related violations: <none>

TIMING-16#150 Warning
Large setup violation  
There is a large setup violation of -3.646 ns between i_ariane/i_cva6/issue_stage_i/i_issue_read_operands/branch_valid_q_reg[0]_replica_4/C (clocked by clk_out1_xlnx_clk_gen) and i_ariane/gen_example_coprocessor.i_cvxif_coprocessor/i_copro_alu/bfly4_out2_q_reg[11]/D (clocked by clk_out1_xlnx_clk_gen). Large setup violations at the end of those stages might be difficult to fix during the post-placement implementation flow and could be the result of non-optimal XDC constraints or non-optimal design architecture
Related violations: <none>

TIMING-16#151 Warning
Large setup violation  
There is a large setup violation of -3.667 ns between i_ariane/i_cva6/issue_stage_i/i_issue_read_operands/branch_valid_q_reg[0]_replica_4/C (clocked by clk_out1_xlnx_clk_gen) and i_ariane/gen_example_coprocessor.i_cvxif_coprocessor/i_copro_alu/bfly4_out2_q_reg[9]/D (clocked by clk_out1_xlnx_clk_gen). Large setup violations at the end of those stages might be difficult to fix during the post-placement implementation flow and could be the result of non-optimal XDC constraints or non-optimal design architecture
Related violations: <none>

TIMING-16#152 Warning
Large setup violation  
There is a large setup violation of -3.671 ns between i_ariane/i_cva6/issue_stage_i/i_issue_read_operands/branch_valid_q_reg[0]_replica_4/C (clocked by clk_out1_xlnx_clk_gen) and i_ariane/gen_example_coprocessor.i_cvxif_coprocessor/i_copro_alu/bfly4_out3_q_reg[8]/D (clocked by clk_out1_xlnx_clk_gen). Large setup violations at the end of those stages might be difficult to fix during the post-placement implementation flow and could be the result of non-optimal XDC constraints or non-optimal design architecture
Related violations: <none>

TIMING-16#153 Warning
Large setup violation  
There is a large setup violation of -3.682 ns between i_ariane/i_cva6/issue_stage_i/i_issue_read_operands/branch_valid_q_reg[0]_replica_4/C (clocked by clk_out1_xlnx_clk_gen) and i_ariane/gen_example_coprocessor.i_cvxif_coprocessor/i_copro_alu/bfly4_out1_q_reg[12]/D (clocked by clk_out1_xlnx_clk_gen). Large setup violations at the end of those stages might be difficult to fix during the post-placement implementation flow and could be the result of non-optimal XDC constraints or non-optimal design architecture
Related violations: <none>

TIMING-16#154 Warning
Large setup violation  
There is a large setup violation of -3.708 ns between i_ariane/i_cva6/issue_stage_i/i_issue_read_operands/branch_valid_q_reg[0]_replica_4/C (clocked by clk_out1_xlnx_clk_gen) and i_ariane/gen_example_coprocessor.i_cvxif_coprocessor/i_copro_alu/bfly4_out3_q_reg[10]/D (clocked by clk_out1_xlnx_clk_gen). Large setup violations at the end of those stages might be difficult to fix during the post-placement implementation flow and could be the result of non-optimal XDC constraints or non-optimal design architecture
Related violations: <none>

TIMING-16#155 Warning
Large setup violation  
There is a large setup violation of -3.721 ns between i_ariane/i_cva6/issue_stage_i/i_issue_read_operands/branch_valid_q_reg[0]_replica_4/C (clocked by clk_out1_xlnx_clk_gen) and i_ariane/gen_example_coprocessor.i_cvxif_coprocessor/i_copro_alu/bfly4_out3_q_reg[14]/D (clocked by clk_out1_xlnx_clk_gen). Large setup violations at the end of those stages might be difficult to fix during the post-placement implementation flow and could be the result of non-optimal XDC constraints or non-optimal design architecture
Related violations: <none>

TIMING-16#156 Warning
Large setup violation  
There is a large setup violation of -3.722 ns between i_ariane/i_cva6/issue_stage_i/i_issue_read_operands/branch_valid_q_reg[0]_replica_4/C (clocked by clk_out1_xlnx_clk_gen) and i_ariane/gen_example_coprocessor.i_cvxif_coprocessor/i_copro_alu/bfly4_out1_q_reg[14]/D (clocked by clk_out1_xlnx_clk_gen). Large setup violations at the end of those stages might be difficult to fix during the post-placement implementation flow and could be the result of non-optimal XDC constraints or non-optimal design architecture
Related violations: <none>

TIMING-16#157 Warning
Large setup violation  
There is a large setup violation of -3.729 ns between i_ariane/i_cva6/issue_stage_i/i_issue_read_operands/branch_valid_q_reg[0]_replica_4/C (clocked by clk_out1_xlnx_clk_gen) and i_ariane/gen_example_coprocessor.i_cvxif_coprocessor/i_copro_alu/result_q_reg[20]/D (clocked by clk_out1_xlnx_clk_gen). Large setup violations at the end of those stages might be difficult to fix during the post-placement implementation flow and could be the result of non-optimal XDC constraints or non-optimal design architecture
Related violations: <none>

TIMING-16#158 Warning
Large setup violation  
There is a large setup violation of -3.732 ns between i_ariane/i_cva6/issue_stage_i/i_issue_read_operands/branch_valid_q_reg[0]_replica_4/C (clocked by clk_out1_xlnx_clk_gen) and i_ariane/gen_example_coprocessor.i_cvxif_coprocessor/i_copro_alu/bfly4_out1_q_reg[15]/D (clocked by clk_out1_xlnx_clk_gen). Large setup violations at the end of those stages might be difficult to fix during the post-placement implementation flow and could be the result of non-optimal XDC constraints or non-optimal design architecture
Related violations: <none>

TIMING-16#159 Warning
Large setup violation  
There is a large setup violation of -3.743 ns between i_ariane/i_cva6/issue_stage_i/i_issue_read_operands/branch_valid_q_reg[0]_replica_4/C (clocked by clk_out1_xlnx_clk_gen) and i_ariane/gen_example_coprocessor.i_cvxif_coprocessor/i_copro_alu/bfly4_out1_q_reg[13]/D (clocked by clk_out1_xlnx_clk_gen). Large setup violations at the end of those stages might be difficult to fix during the post-placement implementation flow and could be the result of non-optimal XDC constraints or non-optimal design architecture
Related violations: <none>

TIMING-16#160 Warning
Large setup violation  
There is a large setup violation of -3.767 ns between i_ariane/i_cva6/issue_stage_i/i_issue_read_operands/branch_valid_q_reg[0]_replica_4/C (clocked by clk_out1_xlnx_clk_gen) and i_ariane/gen_example_coprocessor.i_cvxif_coprocessor/i_copro_alu/bfly4_out1_q_reg[9]/D (clocked by clk_out1_xlnx_clk_gen). Large setup violations at the end of those stages might be difficult to fix during the post-placement implementation flow and could be the result of non-optimal XDC constraints or non-optimal design architecture
Related violations: <none>

TIMING-16#161 Warning
Large setup violation  
There is a large setup violation of -3.771 ns between i_ariane/i_cva6/issue_stage_i/i_issue_read_operands/branch_valid_q_reg[0]_replica_4/C (clocked by clk_out1_xlnx_clk_gen) and i_ariane/gen_example_coprocessor.i_cvxif_coprocessor/i_copro_alu/bfly4_out1_q_reg[11]/D (clocked by clk_out1_xlnx_clk_gen). Large setup violations at the end of those stages might be difficult to fix during the post-placement implementation flow and could be the result of non-optimal XDC constraints or non-optimal design architecture
Related violations: <none>

TIMING-16#162 Warning
Large setup violation  
There is a large setup violation of -3.794 ns between i_ariane/i_cva6/issue_stage_i/i_issue_read_operands/branch_valid_q_reg[0]_replica_4/C (clocked by clk_out1_xlnx_clk_gen) and i_ariane/gen_example_coprocessor.i_cvxif_coprocessor/i_copro_alu/bfly4_out2_q_reg[12]/D (clocked by clk_out1_xlnx_clk_gen). Large setup violations at the end of those stages might be difficult to fix during the post-placement implementation flow and could be the result of non-optimal XDC constraints or non-optimal design architecture
Related violations: <none>

TIMING-16#163 Warning
Large setup violation  
There is a large setup violation of -3.795 ns between i_ariane/i_cva6/issue_stage_i/i_issue_read_operands/branch_valid_q_reg[0]_replica_4/C (clocked by clk_out1_xlnx_clk_gen) and i_ariane/gen_example_coprocessor.i_cvxif_coprocessor/i_copro_alu/result_q_reg[22]/D (clocked by clk_out1_xlnx_clk_gen). Large setup violations at the end of those stages might be difficult to fix during the post-placement implementation flow and could be the result of non-optimal XDC constraints or non-optimal design architecture
Related violations: <none>

TIMING-16#164 Warning
Large setup violation  
There is a large setup violation of -3.798 ns between i_ariane/i_cva6/issue_stage_i/i_issue_read_operands/branch_valid_q_reg[0]_replica_4/C (clocked by clk_out1_xlnx_clk_gen) and i_ariane/gen_example_coprocessor.i_cvxif_coprocessor/i_copro_alu/result_q_reg[21]/D (clocked by clk_out1_xlnx_clk_gen). Large setup violations at the end of those stages might be difficult to fix during the post-placement implementation flow and could be the result of non-optimal XDC constraints or non-optimal design architecture
Related violations: <none>

TIMING-16#165 Warning
Large setup violation  
There is a large setup violation of -3.810 ns between i_ariane/i_cva6/issue_stage_i/i_issue_read_operands/branch_valid_q_reg[0]_replica_4/C (clocked by clk_out1_xlnx_clk_gen) and i_ariane/gen_example_coprocessor.i_cvxif_coprocessor/i_copro_alu/bfly4_out2_q_reg[14]/D (clocked by clk_out1_xlnx_clk_gen). Large setup violations at the end of those stages might be difficult to fix during the post-placement implementation flow and could be the result of non-optimal XDC constraints or non-optimal design architecture
Related violations: <none>

TIMING-16#166 Warning
Large setup violation  
There is a large setup violation of -3.816 ns between i_ariane/i_cva6/issue_stage_i/i_issue_read_operands/branch_valid_q_reg[0]_replica_4/C (clocked by clk_out1_xlnx_clk_gen) and i_ariane/gen_example_coprocessor.i_cvxif_coprocessor/i_copro_alu/bfly4_out3_q_reg[11]/D (clocked by clk_out1_xlnx_clk_gen). Large setup violations at the end of those stages might be difficult to fix during the post-placement implementation flow and could be the result of non-optimal XDC constraints or non-optimal design architecture
Related violations: <none>

TIMING-16#167 Warning
Large setup violation  
There is a large setup violation of -3.835 ns between i_ariane/i_cva6/issue_stage_i/i_issue_read_operands/branch_valid_q_reg[0]_replica_4/C (clocked by clk_out1_xlnx_clk_gen) and i_ariane/gen_example_coprocessor.i_cvxif_coprocessor/i_copro_alu/bfly4_out3_q_reg[9]/D (clocked by clk_out1_xlnx_clk_gen). Large setup violations at the end of those stages might be difficult to fix during the post-placement implementation flow and could be the result of non-optimal XDC constraints or non-optimal design architecture
Related violations: <none>

TIMING-16#168 Warning
Large setup violation  
There is a large setup violation of -3.858 ns between i_ariane/i_cva6/issue_stage_i/i_issue_read_operands/branch_valid_q_reg[0]_replica_4/C (clocked by clk_out1_xlnx_clk_gen) and i_ariane/gen_example_coprocessor.i_cvxif_coprocessor/i_copro_alu/bfly4_out1_q_reg[19]/D (clocked by clk_out1_xlnx_clk_gen). Large setup violations at the end of those stages might be difficult to fix during the post-placement implementation flow and could be the result of non-optimal XDC constraints or non-optimal design architecture
Related violations: <none>

TIMING-16#169 Warning
Large setup violation  
There is a large setup violation of -3.863 ns between i_ariane/i_cva6/issue_stage_i/i_issue_read_operands/branch_valid_q_reg[0]_replica_4/C (clocked by clk_out1_xlnx_clk_gen) and i_ariane/gen_example_coprocessor.i_cvxif_coprocessor/i_copro_alu/result_q_reg[23]/D (clocked by clk_out1_xlnx_clk_gen). Large setup violations at the end of those stages might be difficult to fix during the post-placement implementation flow and could be the result of non-optimal XDC constraints or non-optimal design architecture
Related violations: <none>

TIMING-16#170 Warning
Large setup violation  
There is a large setup violation of -3.884 ns between i_ariane/i_cva6/issue_stage_i/i_issue_read_operands/branch_valid_q_reg[0]_replica_4/C (clocked by clk_out1_xlnx_clk_gen) and i_ariane/gen_example_coprocessor.i_cvxif_coprocessor/i_copro_alu/bfly4_out2_q_reg[15]/D (clocked by clk_out1_xlnx_clk_gen). Large setup violations at the end of those stages might be difficult to fix during the post-placement implementation flow and could be the result of non-optimal XDC constraints or non-optimal design architecture
Related violations: <none>

TIMING-16#171 Warning
Large setup violation  
There is a large setup violation of -3.905 ns between i_ariane/i_cva6/issue_stage_i/i_issue_read_operands/branch_valid_q_reg[0]_replica_4/C (clocked by clk_out1_xlnx_clk_gen) and i_ariane/gen_example_coprocessor.i_cvxif_coprocessor/i_copro_alu/bfly4_out2_q_reg[13]/D (clocked by clk_out1_xlnx_clk_gen). Large setup violations at the end of those stages might be difficult to fix during the post-placement implementation flow and could be the result of non-optimal XDC constraints or non-optimal design architecture
Related violations: <none>

TIMING-16#172 Warning
Large setup violation  
There is a large setup violation of -3.931 ns between i_ariane/i_cva6/issue_stage_i/i_issue_read_operands/branch_valid_q_reg[0]_replica_4/C (clocked by clk_out1_xlnx_clk_gen) and i_ariane/gen_example_coprocessor.i_cvxif_coprocessor/i_copro_alu/bfly4_out1_q_reg[10]/D (clocked by clk_out1_xlnx_clk_gen). Large setup violations at the end of those stages might be difficult to fix during the post-placement implementation flow and could be the result of non-optimal XDC constraints or non-optimal design architecture
Related violations: <none>

TIMING-16#173 Warning
Large setup violation  
There is a large setup violation of -3.996 ns between i_ariane/i_cva6/issue_stage_i/i_issue_read_operands/branch_valid_q_reg[0]_replica_4/C (clocked by clk_out1_xlnx_clk_gen) and i_ariane/gen_example_coprocessor.i_cvxif_coprocessor/i_copro_alu/bfly4_out3_q_reg[22]/D (clocked by clk_out1_xlnx_clk_gen). Large setup violations at the end of those stages might be difficult to fix during the post-placement implementation flow and could be the result of non-optimal XDC constraints or non-optimal design architecture
Related violations: <none>

TIMING-16#174 Warning
Large setup violation  
There is a large setup violation of -4.017 ns between i_ariane/i_cva6/issue_stage_i/i_issue_read_operands/branch_valid_q_reg[0]_replica_4/C (clocked by clk_out1_xlnx_clk_gen) and i_ariane/gen_example_coprocessor.i_cvxif_coprocessor/i_copro_alu/bfly4_out1_q_reg[22]/D (clocked by clk_out1_xlnx_clk_gen). Large setup violations at the end of those stages might be difficult to fix during the post-placement implementation flow and could be the result of non-optimal XDC constraints or non-optimal design architecture
Related violations: <none>

TIMING-16#175 Warning
Large setup violation  
There is a large setup violation of -4.022 ns between i_ariane/i_cva6/issue_stage_i/i_issue_read_operands/branch_valid_q_reg[0]_replica_4/C (clocked by clk_out1_xlnx_clk_gen) and i_ariane/gen_example_coprocessor.i_cvxif_coprocessor/i_copro_alu/result_q_reg[24]/D (clocked by clk_out1_xlnx_clk_gen). Large setup violations at the end of those stages might be difficult to fix during the post-placement implementation flow and could be the result of non-optimal XDC constraints or non-optimal design architecture
Related violations: <none>

TIMING-16#176 Warning
Large setup violation  
There is a large setup violation of -4.031 ns between i_ariane/i_cva6/issue_stage_i/i_issue_read_operands/branch_valid_q_reg[0]_replica_4/C (clocked by clk_out1_xlnx_clk_gen) and i_ariane/gen_example_coprocessor.i_cvxif_coprocessor/i_copro_alu/result_q_reg[2]/D (clocked by clk_out1_xlnx_clk_gen). Large setup violations at the end of those stages might be difficult to fix during the post-placement implementation flow and could be the result of non-optimal XDC constraints or non-optimal design architecture
Related violations: <none>

TIMING-16#177 Warning
Large setup violation  
There is a large setup violation of -4.058 ns between i_ariane/i_cva6/issue_stage_i/i_issue_read_operands/branch_valid_q_reg[0]_replica_4/C (clocked by clk_out1_xlnx_clk_gen) and i_ariane/gen_example_coprocessor.i_cvxif_coprocessor/i_copro_alu/bfly4_out1_q_reg[20]/D (clocked by clk_out1_xlnx_clk_gen). Large setup violations at the end of those stages might be difficult to fix during the post-placement implementation flow and could be the result of non-optimal XDC constraints or non-optimal design architecture
Related violations: <none>

TIMING-16#178 Warning
Large setup violation  
There is a large setup violation of -4.066 ns between i_ariane/i_cva6/issue_stage_i/i_issue_read_operands/branch_valid_q_reg[0]_replica_4/C (clocked by clk_out1_xlnx_clk_gen) and i_ariane/gen_example_coprocessor.i_cvxif_coprocessor/i_copro_alu/result_q_reg[25]/D (clocked by clk_out1_xlnx_clk_gen). Large setup violations at the end of those stages might be difficult to fix during the post-placement implementation flow and could be the result of non-optimal XDC constraints or non-optimal design architecture
Related violations: <none>

TIMING-16#179 Warning
Large setup violation  
There is a large setup violation of -4.140 ns between i_ariane/i_cva6/issue_stage_i/i_issue_read_operands/branch_valid_q_reg[0]_replica_4/C (clocked by clk_out1_xlnx_clk_gen) and i_ariane/gen_example_coprocessor.i_cvxif_coprocessor/i_copro_alu/result_q_reg[3]/D (clocked by clk_out1_xlnx_clk_gen). Large setup violations at the end of those stages might be difficult to fix during the post-placement implementation flow and could be the result of non-optimal XDC constraints or non-optimal design architecture
Related violations: <none>

TIMING-16#180 Warning
Large setup violation  
There is a large setup violation of -4.141 ns between i_ariane/i_cva6/issue_stage_i/i_issue_read_operands/branch_valid_q_reg[0]_replica_4/C (clocked by clk_out1_xlnx_clk_gen) and i_ariane/gen_example_coprocessor.i_cvxif_coprocessor/i_copro_alu/bfly4_out3_q_reg[20]/D (clocked by clk_out1_xlnx_clk_gen). Large setup violations at the end of those stages might be difficult to fix during the post-placement implementation flow and could be the result of non-optimal XDC constraints or non-optimal design architecture
Related violations: <none>

TIMING-16#181 Warning
Large setup violation  
There is a large setup violation of -4.150 ns between i_ariane/i_cva6/issue_stage_i/i_issue_read_operands/branch_valid_q_reg[0]_replica_4/C (clocked by clk_out1_xlnx_clk_gen) and i_ariane/gen_example_coprocessor.i_cvxif_coprocessor/i_copro_alu/bfly4_out3_q_reg[24]/D (clocked by clk_out1_xlnx_clk_gen). Large setup violations at the end of those stages might be difficult to fix during the post-placement implementation flow and could be the result of non-optimal XDC constraints or non-optimal design architecture
Related violations: <none>

TIMING-16#182 Warning
Large setup violation  
There is a large setup violation of -4.164 ns between i_ariane/i_cva6/issue_stage_i/i_issue_read_operands/branch_valid_q_reg[0]_replica_4/C (clocked by clk_out1_xlnx_clk_gen) and i_ariane/gen_example_coprocessor.i_cvxif_coprocessor/i_copro_alu/result_q_reg[26]/D (clocked by clk_out1_xlnx_clk_gen). Large setup violations at the end of those stages might be difficult to fix during the post-placement implementation flow and could be the result of non-optimal XDC constraints or non-optimal design architecture
Related violations: <none>

TIMING-16#183 Warning
Large setup violation  
There is a large setup violation of -4.166 ns between i_ariane/i_cva6/issue_stage_i/i_issue_read_operands/branch_valid_q_reg[0]_replica_4/C (clocked by clk_out1_xlnx_clk_gen) and i_ariane/gen_example_coprocessor.i_cvxif_coprocessor/i_copro_alu/bfly4_out1_q_reg[21]/D (clocked by clk_out1_xlnx_clk_gen). Large setup violations at the end of those stages might be difficult to fix during the post-placement implementation flow and could be the result of non-optimal XDC constraints or non-optimal design architecture
Related violations: <none>

TIMING-16#184 Warning
Large setup violation  
There is a large setup violation of -4.179 ns between i_ariane/i_cva6/issue_stage_i/i_issue_read_operands/branch_valid_q_reg[0]_replica_4/C (clocked by clk_out1_xlnx_clk_gen) and i_ariane/gen_example_coprocessor.i_cvxif_coprocessor/i_copro_alu/bfly4_out3_q_reg[26]/D (clocked by clk_out1_xlnx_clk_gen). Large setup violations at the end of those stages might be difficult to fix during the post-placement implementation flow and could be the result of non-optimal XDC constraints or non-optimal design architecture
Related violations: <none>

TIMING-16#185 Warning
Large setup violation  
There is a large setup violation of -4.208 ns between i_ariane/i_cva6/issue_stage_i/i_issue_read_operands/branch_valid_q_reg[0]_replica_4/C (clocked by clk_out1_xlnx_clk_gen) and i_ariane/gen_example_coprocessor.i_cvxif_coprocessor/i_copro_alu/bfly4_out3_q_reg[23]/D (clocked by clk_out1_xlnx_clk_gen). Large setup violations at the end of those stages might be difficult to fix during the post-placement implementation flow and could be the result of non-optimal XDC constraints or non-optimal design architecture
Related violations: <none>

TIMING-16#186 Warning
Large setup violation  
There is a large setup violation of -4.247 ns between i_ariane/i_cva6/issue_stage_i/i_issue_read_operands/branch_valid_q_reg[0]_replica_4/C (clocked by clk_out1_xlnx_clk_gen) and i_ariane/gen_example_coprocessor.i_cvxif_coprocessor/i_copro_alu/bfly4_out1_q_reg[27]/D (clocked by clk_out1_xlnx_clk_gen). Large setup violations at the end of those stages might be difficult to fix during the post-placement implementation flow and could be the result of non-optimal XDC constraints or non-optimal design architecture
Related violations: <none>

TIMING-16#187 Warning
Large setup violation  
There is a large setup violation of -4.248 ns between i_ariane/i_cva6/issue_stage_i/i_issue_read_operands/branch_valid_q_reg[0]_replica_4/C (clocked by clk_out1_xlnx_clk_gen) and i_ariane/gen_example_coprocessor.i_cvxif_coprocessor/i_copro_alu/bfly4_out3_q_reg[27]/D (clocked by clk_out1_xlnx_clk_gen). Large setup violations at the end of those stages might be difficult to fix during the post-placement implementation flow and could be the result of non-optimal XDC constraints or non-optimal design architecture
Related violations: <none>

TIMING-16#188 Warning
Large setup violation  
There is a large setup violation of -4.254 ns between i_ariane/i_cva6/issue_stage_i/i_issue_read_operands/branch_valid_q_reg[0]_replica_4/C (clocked by clk_out1_xlnx_clk_gen) and i_ariane/gen_example_coprocessor.i_cvxif_coprocessor/i_copro_alu/bfly4_out1_q_reg[25]/D (clocked by clk_out1_xlnx_clk_gen). Large setup violations at the end of those stages might be difficult to fix during the post-placement implementation flow and could be the result of non-optimal XDC constraints or non-optimal design architecture
Related violations: <none>

TIMING-16#189 Warning
Large setup violation  
There is a large setup violation of -4.265 ns between i_ariane/i_cva6/issue_stage_i/i_issue_read_operands/branch_valid_q_reg[0]_replica_4/C (clocked by clk_out1_xlnx_clk_gen) and i_ariane/gen_example_coprocessor.i_cvxif_coprocessor/i_copro_alu/bfly4_out1_q_reg[26]/D (clocked by clk_out1_xlnx_clk_gen). Large setup violations at the end of those stages might be difficult to fix during the post-placement implementation flow and could be the result of non-optimal XDC constraints or non-optimal design architecture
Related violations: <none>

TIMING-16#190 Warning
Large setup violation  
There is a large setup violation of -4.274 ns between i_ariane/i_cva6/issue_stage_i/i_issue_read_operands/branch_valid_q_reg[0]_replica_4/C (clocked by clk_out1_xlnx_clk_gen) and i_ariane/gen_example_coprocessor.i_cvxif_coprocessor/i_copro_alu/bfly4_out1_q_reg[28]/D (clocked by clk_out1_xlnx_clk_gen). Large setup violations at the end of those stages might be difficult to fix during the post-placement implementation flow and could be the result of non-optimal XDC constraints or non-optimal design architecture
Related violations: <none>

TIMING-16#191 Warning
Large setup violation  
There is a large setup violation of -4.274 ns between i_ariane/i_cva6/issue_stage_i/i_issue_read_operands/branch_valid_q_reg[0]_replica_4/C (clocked by clk_out1_xlnx_clk_gen) and i_ariane/gen_example_coprocessor.i_cvxif_coprocessor/i_copro_alu/bfly4_out3_q_reg[29]/D (clocked by clk_out1_xlnx_clk_gen). Large setup violations at the end of those stages might be difficult to fix during the post-placement implementation flow and could be the result of non-optimal XDC constraints or non-optimal design architecture
Related violations: <none>

TIMING-16#192 Warning
Large setup violation  
There is a large setup violation of -4.281 ns between i_ariane/i_cva6/issue_stage_i/i_issue_read_operands/branch_valid_q_reg[0]_replica_4/C (clocked by clk_out1_xlnx_clk_gen) and i_ariane/gen_example_coprocessor.i_cvxif_coprocessor/i_copro_alu/bfly4_out1_q_reg[23]/D (clocked by clk_out1_xlnx_clk_gen). Large setup violations at the end of those stages might be difficult to fix during the post-placement implementation flow and could be the result of non-optimal XDC constraints or non-optimal design architecture
Related violations: <none>

TIMING-16#193 Warning
Large setup violation  
There is a large setup violation of -4.316 ns between i_ariane/i_cva6/issue_stage_i/i_issue_read_operands/branch_valid_q_reg[0]_replica_4/C (clocked by clk_out1_xlnx_clk_gen) and i_ariane/gen_example_coprocessor.i_cvxif_coprocessor/i_copro_alu/bfly4_out3_q_reg[25]/D (clocked by clk_out1_xlnx_clk_gen). Large setup violations at the end of those stages might be difficult to fix during the post-placement implementation flow and could be the result of non-optimal XDC constraints or non-optimal design architecture
Related violations: <none>

TIMING-16#194 Warning
Large setup violation  
There is a large setup violation of -4.353 ns between i_ariane/i_cva6/issue_stage_i/i_issue_read_operands/branch_valid_q_reg[0]_replica_4/C (clocked by clk_out1_xlnx_clk_gen) and i_ariane/gen_example_coprocessor.i_cvxif_coprocessor/i_copro_alu/bfly4_out3_q_reg[28]/D (clocked by clk_out1_xlnx_clk_gen). Large setup violations at the end of those stages might be difficult to fix during the post-placement implementation flow and could be the result of non-optimal XDC constraints or non-optimal design architecture
Related violations: <none>

TIMING-16#195 Warning
Large setup violation  
There is a large setup violation of -4.386 ns between i_ariane/i_cva6/issue_stage_i/i_issue_read_operands/branch_valid_q_reg[0]_replica_4/C (clocked by clk_out1_xlnx_clk_gen) and i_ariane/gen_example_coprocessor.i_cvxif_coprocessor/i_copro_alu/result_q_reg[30]/D (clocked by clk_out1_xlnx_clk_gen). Large setup violations at the end of those stages might be difficult to fix during the post-placement implementation flow and could be the result of non-optimal XDC constraints or non-optimal design architecture
Related violations: <none>

TIMING-16#196 Warning
Large setup violation  
There is a large setup violation of -4.396 ns between i_ariane/i_cva6/issue_stage_i/i_issue_read_operands/branch_valid_q_reg[0]_replica_4/C (clocked by clk_out1_xlnx_clk_gen) and i_ariane/gen_example_coprocessor.i_cvxif_coprocessor/i_copro_alu/bfly4_out3_q_reg[31]/D (clocked by clk_out1_xlnx_clk_gen). Large setup violations at the end of those stages might be difficult to fix during the post-placement implementation flow and could be the result of non-optimal XDC constraints or non-optimal design architecture
Related violations: <none>

TIMING-16#197 Warning
Large setup violation  
There is a large setup violation of -4.412 ns between i_ariane/i_cva6/issue_stage_i/i_issue_read_operands/branch_valid_q_reg[0]_replica_4/C (clocked by clk_out1_xlnx_clk_gen) and i_ariane/gen_example_coprocessor.i_cvxif_coprocessor/i_copro_alu/result_q_reg[27]/D (clocked by clk_out1_xlnx_clk_gen). Large setup violations at the end of those stages might be difficult to fix during the post-placement implementation flow and could be the result of non-optimal XDC constraints or non-optimal design architecture
Related violations: <none>

TIMING-16#198 Warning
Large setup violation  
There is a large setup violation of -4.416 ns between i_ariane/i_cva6/issue_stage_i/i_issue_read_operands/branch_valid_q_reg[0]_replica_4/C (clocked by clk_out1_xlnx_clk_gen) and i_ariane/gen_example_coprocessor.i_cvxif_coprocessor/i_copro_alu/bfly4_out1_q_reg[31]/D (clocked by clk_out1_xlnx_clk_gen). Large setup violations at the end of those stages might be difficult to fix during the post-placement implementation flow and could be the result of non-optimal XDC constraints or non-optimal design architecture
Related violations: <none>

TIMING-16#199 Warning
Large setup violation  
There is a large setup violation of -4.433 ns between i_ariane/i_cva6/issue_stage_i/i_issue_read_operands/branch_valid_q_reg[0]_replica_4/C (clocked by clk_out1_xlnx_clk_gen) and i_ariane/gen_example_coprocessor.i_cvxif_coprocessor/i_copro_alu/result_q_reg[28]/D (clocked by clk_out1_xlnx_clk_gen). Large setup violations at the end of those stages might be difficult to fix during the post-placement implementation flow and could be the result of non-optimal XDC constraints or non-optimal design architecture
Related violations: <none>

TIMING-16#200 Warning
Large setup violation  
There is a large setup violation of -4.434 ns between i_ariane/i_cva6/issue_stage_i/i_issue_read_operands/branch_valid_q_reg[0]_replica_4/C (clocked by clk_out1_xlnx_clk_gen) and i_ariane/gen_example_coprocessor.i_cvxif_coprocessor/i_copro_alu/bfly4_out3_q_reg[21]/D (clocked by clk_out1_xlnx_clk_gen). Large setup violations at the end of those stages might be difficult to fix during the post-placement implementation flow and could be the result of non-optimal XDC constraints or non-optimal design architecture
Related violations: <none>

TIMING-16#201 Warning
Large setup violation  
There is a large setup violation of -4.451 ns between i_ariane/i_cva6/issue_stage_i/i_issue_read_operands/branch_valid_q_reg[0]_replica_4/C (clocked by clk_out1_xlnx_clk_gen) and i_ariane/gen_example_coprocessor.i_cvxif_coprocessor/i_copro_alu/bfly4_out3_q_reg[30]/D (clocked by clk_out1_xlnx_clk_gen). Large setup violations at the end of those stages might be difficult to fix during the post-placement implementation flow and could be the result of non-optimal XDC constraints or non-optimal design architecture
Related violations: <none>

TIMING-16#202 Warning
Large setup violation  
There is a large setup violation of -4.458 ns between i_ariane/i_cva6/issue_stage_i/i_issue_read_operands/branch_valid_q_reg[0]_replica_4/C (clocked by clk_out1_xlnx_clk_gen) and i_ariane/gen_example_coprocessor.i_cvxif_coprocessor/i_copro_alu/bfly4_out1_q_reg[24]/D (clocked by clk_out1_xlnx_clk_gen). Large setup violations at the end of those stages might be difficult to fix during the post-placement implementation flow and could be the result of non-optimal XDC constraints or non-optimal design architecture
Related violations: <none>

TIMING-16#203 Warning
Large setup violation  
There is a large setup violation of -4.488 ns between i_ariane/i_cva6/issue_stage_i/i_issue_read_operands/branch_valid_q_reg[0]_replica_4/C (clocked by clk_out1_xlnx_clk_gen) and i_ariane/gen_example_coprocessor.i_cvxif_coprocessor/i_copro_alu/bfly4_out1_q_reg[30]/D (clocked by clk_out1_xlnx_clk_gen). Large setup violations at the end of those stages might be difficult to fix during the post-placement implementation flow and could be the result of non-optimal XDC constraints or non-optimal design architecture
Related violations: <none>

TIMING-16#204 Warning
Large setup violation  
There is a large setup violation of -4.510 ns between i_ariane/i_cva6/issue_stage_i/i_issue_read_operands/branch_valid_q_reg[0]_replica_4/C (clocked by clk_out1_xlnx_clk_gen) and i_ariane/gen_example_coprocessor.i_cvxif_coprocessor/i_copro_alu/result_q_reg[4]/D (clocked by clk_out1_xlnx_clk_gen). Large setup violations at the end of those stages might be difficult to fix during the post-placement implementation flow and could be the result of non-optimal XDC constraints or non-optimal design architecture
Related violations: <none>

TIMING-16#205 Warning
Large setup violation  
There is a large setup violation of -4.544 ns between i_ariane/i_cva6/issue_stage_i/i_issue_read_operands/branch_valid_q_reg[0]_replica_4/C (clocked by clk_out1_xlnx_clk_gen) and i_ariane/gen_example_coprocessor.i_cvxif_coprocessor/i_copro_alu/result_q_reg[29]/D (clocked by clk_out1_xlnx_clk_gen). Large setup violations at the end of those stages might be difficult to fix during the post-placement implementation flow and could be the result of non-optimal XDC constraints or non-optimal design architecture
Related violations: <none>

TIMING-16#206 Warning
Large setup violation  
There is a large setup violation of -4.556 ns between i_ariane/i_cva6/issue_stage_i/i_issue_read_operands/branch_valid_q_reg[0]_replica_4/C (clocked by clk_out1_xlnx_clk_gen) and i_ariane/gen_example_coprocessor.i_cvxif_coprocessor/i_copro_alu/bfly4_out1_q_reg[29]/D (clocked by clk_out1_xlnx_clk_gen). Large setup violations at the end of those stages might be difficult to fix during the post-placement implementation flow and could be the result of non-optimal XDC constraints or non-optimal design architecture
Related violations: <none>

TIMING-16#207 Warning
Large setup violation  
There is a large setup violation of -4.652 ns between i_ariane/i_cva6/issue_stage_i/i_issue_read_operands/branch_valid_q_reg[0]_replica_4/C (clocked by clk_out1_xlnx_clk_gen) and i_ariane/gen_example_coprocessor.i_cvxif_coprocessor/i_copro_alu/result_q_reg[6]/D (clocked by clk_out1_xlnx_clk_gen). Large setup violations at the end of those stages might be difficult to fix during the post-placement implementation flow and could be the result of non-optimal XDC constraints or non-optimal design architecture
Related violations: <none>

TIMING-16#208 Warning
Large setup violation  
There is a large setup violation of -4.693 ns between i_ariane/i_cva6/issue_stage_i/i_issue_read_operands/branch_valid_q_reg[0]_replica_4/C (clocked by clk_out1_xlnx_clk_gen) and i_ariane/gen_example_coprocessor.i_cvxif_coprocessor/i_copro_alu/result_q_reg[31]/D (clocked by clk_out1_xlnx_clk_gen). Large setup violations at the end of those stages might be difficult to fix during the post-placement implementation flow and could be the result of non-optimal XDC constraints or non-optimal design architecture
Related violations: <none>

TIMING-16#209 Warning
Large setup violation  
There is a large setup violation of -4.764 ns between i_ariane/i_cva6/issue_stage_i/i_issue_read_operands/branch_valid_q_reg[0]_replica_4/C (clocked by clk_out1_xlnx_clk_gen) and i_ariane/gen_example_coprocessor.i_cvxif_coprocessor/i_copro_alu/result_q_reg[5]/D (clocked by clk_out1_xlnx_clk_gen). Large setup violations at the end of those stages might be difficult to fix during the post-placement implementation flow and could be the result of non-optimal XDC constraints or non-optimal design architecture
Related violations: <none>

TIMING-16#210 Warning
Large setup violation  
There is a large setup violation of -4.805 ns between i_ariane/i_cva6/issue_stage_i/i_issue_read_operands/branch_valid_q_reg[0]_replica_4/C (clocked by clk_out1_xlnx_clk_gen) and i_ariane/gen_example_coprocessor.i_cvxif_coprocessor/i_copro_alu/result_q_reg[7]/D (clocked by clk_out1_xlnx_clk_gen). Large setup violations at the end of those stages might be difficult to fix during the post-placement implementation flow and could be the result of non-optimal XDC constraints or non-optimal design architecture
Related violations: <none>

TIMING-16#211 Warning
Large setup violation  
There is a large setup violation of -4.857 ns between i_ariane/i_cva6/issue_stage_i/i_issue_read_operands/branch_valid_q_reg[0]_replica_4/C (clocked by clk_out1_xlnx_clk_gen) and i_ariane/gen_example_coprocessor.i_cvxif_coprocessor/i_copro_alu/result_q_reg[10]/D (clocked by clk_out1_xlnx_clk_gen). Large setup violations at the end of those stages might be difficult to fix during the post-placement implementation flow and could be the result of non-optimal XDC constraints or non-optimal design architecture
Related violations: <none>

TIMING-16#212 Warning
Large setup violation  
There is a large setup violation of -4.877 ns between i_ariane/i_cva6/issue_stage_i/i_issue_read_operands/branch_valid_q_reg[0]_replica_4/C (clocked by clk_out1_xlnx_clk_gen) and i_ariane/gen_example_coprocessor.i_cvxif_coprocessor/i_copro_alu/result_q_reg[8]/D (clocked by clk_out1_xlnx_clk_gen). Large setup violations at the end of those stages might be difficult to fix during the post-placement implementation flow and could be the result of non-optimal XDC constraints or non-optimal design architecture
Related violations: <none>

TIMING-16#213 Warning
Large setup violation  
There is a large setup violation of -4.891 ns between i_ariane/i_cva6/issue_stage_i/i_issue_read_operands/branch_valid_q_reg[0]_replica_4/C (clocked by clk_out1_xlnx_clk_gen) and i_ariane/gen_example_coprocessor.i_cvxif_coprocessor/i_copro_alu/result_q_reg[14]/D (clocked by clk_out1_xlnx_clk_gen). Large setup violations at the end of those stages might be difficult to fix during the post-placement implementation flow and could be the result of non-optimal XDC constraints or non-optimal design architecture
Related violations: <none>

TIMING-16#214 Warning
Large setup violation  
There is a large setup violation of -4.930 ns between i_ariane/i_cva6/issue_stage_i/i_issue_read_operands/branch_valid_q_reg[0]_replica_4/C (clocked by clk_out1_xlnx_clk_gen) and i_ariane/gen_example_coprocessor.i_cvxif_coprocessor/i_copro_alu/result_q_reg[13]/D (clocked by clk_out1_xlnx_clk_gen). Large setup violations at the end of those stages might be difficult to fix during the post-placement implementation flow and could be the result of non-optimal XDC constraints or non-optimal design architecture
Related violations: <none>

TIMING-16#215 Warning
Large setup violation  
There is a large setup violation of -4.988 ns between i_ariane/i_cva6/issue_stage_i/i_issue_read_operands/branch_valid_q_reg[0]_replica_4/C (clocked by clk_out1_xlnx_clk_gen) and i_ariane/gen_example_coprocessor.i_cvxif_coprocessor/i_copro_alu/result_q_reg[12]/D (clocked by clk_out1_xlnx_clk_gen). Large setup violations at the end of those stages might be difficult to fix during the post-placement implementation flow and could be the result of non-optimal XDC constraints or non-optimal design architecture
Related violations: <none>

TIMING-16#216 Warning
Large setup violation  
There is a large setup violation of -5.001 ns between i_ariane/i_cva6/issue_stage_i/i_issue_read_operands/branch_valid_q_reg[0]_replica_4/C (clocked by clk_out1_xlnx_clk_gen) and i_ariane/gen_example_coprocessor.i_cvxif_coprocessor/i_copro_alu/result_q_reg[15]/D (clocked by clk_out1_xlnx_clk_gen). Large setup violations at the end of those stages might be difficult to fix during the post-placement implementation flow and could be the result of non-optimal XDC constraints or non-optimal design architecture
Related violations: <none>

TIMING-16#217 Warning
Large setup violation  
There is a large setup violation of -5.026 ns between i_ariane/i_cva6/issue_stage_i/i_issue_read_operands/branch_valid_q_reg[0]_replica_4/C (clocked by clk_out1_xlnx_clk_gen) and i_ariane/gen_example_coprocessor.i_cvxif_coprocessor/i_copro_alu/result_q_reg[9]/D (clocked by clk_out1_xlnx_clk_gen). Large setup violations at the end of those stages might be difficult to fix during the post-placement implementation flow and could be the result of non-optimal XDC constraints or non-optimal design architecture
Related violations: <none>

TIMING-16#218 Warning
Large setup violation  
There is a large setup violation of -5.089 ns between i_ariane/i_cva6/issue_stage_i/i_issue_read_operands/branch_valid_q_reg[0]_replica_4/C (clocked by clk_out1_xlnx_clk_gen) and i_ariane/gen_example_coprocessor.i_cvxif_coprocessor/i_copro_alu/result_q_reg[11]/D (clocked by clk_out1_xlnx_clk_gen). Large setup violations at the end of those stages might be difficult to fix during the post-placement implementation flow and could be the result of non-optimal XDC constraints or non-optimal design architecture
Related violations: <none>

TIMING-18#1 Warning
Missing input or output delay  
An input delay is missing on tdi relative to the rising and/or falling clock edge(s) of tck.
Related violations: <none>

TIMING-18#2 Warning
Missing input or output delay  
An input delay is missing on tms relative to the rising and/or falling clock edge(s) of tck.
Related violations: <none>

TIMING-18#3 Warning
Missing input or output delay  
An output delay is missing on tdo relative to the rising and/or falling clock edge(s) of tck.
Related violations: <none>

XDCH-2#1 Warning
Same min and max delay values on IO port  
The same input delay of 5.000 ns has been defined on port 'tdi' relative to clock tck for both max and min. Make sure this reflects the design intent.
set_input_delay -clock tck -clock_fall 5.000 [get_ports tdi]
/home/imtuser/cva6-sonic/cva6-softcore-contest-sonic-private/corev_apu/fpga/constraints/cva6_fpga.xdc (Line: 8)
Related violations: <none>

XDCH-2#2 Warning
Same min and max delay values on IO port  
The same input delay of 5.000 ns has been defined on port 'tms' relative to clock tck for both max and min. Make sure this reflects the design intent.
set_input_delay -clock tck -clock_fall 5.000 [get_ports tms]
/home/imtuser/cva6-sonic/cva6-softcore-contest-sonic-private/corev_apu/fpga/constraints/cva6_fpga.xdc (Line: 9)
Related violations: <none>

XDCH-2#3 Warning
Same min and max delay values on IO port  
The same output delay of 5.000 ns has been defined on port 'tdo' relative to clock tck for both max and min. Make sure this reflects the design intent.
set_output_delay -clock tck 5.000 [get_ports tdo]
/home/imtuser/cva6-sonic/cva6-softcore-contest-sonic-private/corev_apu/fpga/constraints/cva6_fpga.xdc (Line: 10)
Related violations: <none>


