:0200000480007A
:100000006F00805A6F00C03A6F0000596F00C058EF
:100010006F0080586F0040586F0000586F00C05745
:100020006F0080576F0040576F0000576F00C05639
:100030006F0080566F0040566F0000566F00C0552D
:100040006F0080556F0040556F0000556F00C05421
:100050006F0080546F0040546F0000546F00C05315
:100060006F0080536F0040536F0000536F00C05209
:100070006F0080526F0040526F0000526F000063AB
:10008000973101009381010717010300130181F7E4
:1000900017050000130505F713651500731055309B
:1000A000138581F4138681253306A640930500004D
:1000B000EF50005B1755000013050555EF309040D9
:1000C000EF50804A1305000093050000130600005E
:0C00D000EF0000016F305040678000001E
:1000E000130101812326117E2324817E2322917E08
:1000F0002320217F232E317D232C417D232A517DF6
:100100002328617D93060000130101FD1306000002
:100110009305000013050020EF209052630205268E
:10012000B7150000130905009385853817050100F0
:1001300013054565371A0000EF405025130A8A3829
:1001400013040000930400009709010093890971CA
:10015000732B20B0F32A00B0130601009385090029
:1001600013050900EF20D06D732720B0F32700B0EE
:10017000B302674133835741B384540033046400AE
:10018000732B20B0F32A00B01306010093850900F9
:1001900013050900EF20D06AF32320B0732500B0C7
:1001A00033866341B3065541B384C4003304D4009D
:1001B000732B20B0F32A00B01306010093850900C9
:1001C00013050900EF20D067732820B0F32800B092
:1001D000330E6841B38E5841B384C4013304D40153
:1001E000732B20B0F32A00B0130601009385090099
:1001F00013050900EF20D064732F20B0F32F00B057
:10020000B3056F4133875F41B384B4003304E40026
:10021000732B20B0F32A00B0130601009385090068
:1002200013050900EF20D061F32220B0F32700B0BE
:1002300033836241B3835741130ABAFFB384640026
:1002400033047400E3160AF0170501001305455541
:10025000EF40D0383719000093058938B356B402FF
:10026000170501001305C554B719000033D6B402B1
:10027000EF40D0111386098097150100938505DEA4
:1002800013050100EF40507B130B050063100504BC
:10029000170501001305055AEF40503413010103FF
:1002A0008320C17E13050B000324817E8324417EBD
:1002B0000329017E8329C17D032A817D832A417D13
:1002C000032B017D1301017F6780000017050100EA
:1002D0001305C551EF409030371500001306058017
:1002E00093040100B30A2600170A0100130A0A54F6
:1002F000039624008395040013050A0093840402E6
:10030000EF40D008039664FE839544FE13050A006F
:10031000EF40D0070396A4FE839584FE13050A00E0
:10032000EF40D0060396E4FE8395C4FE13050A0051
:10033000EF40D005039624FF839504FF13050A00C0
:10034000EF40D004039664FF839544FF13050A0031
:10035000EF40D0030396A4FF839584FF13050A00A2
:10036000EF40D0020396E4FF8395C4FF13050A0013
:10037000EF40D001E39E54F7130B10006FF01FF213
:10038000170501001305C53EEF405025130B100063
:100390006FF0DFF00000000000000000000000002F
:1003A0001305000067800000130000001300000028
:1003B0001305000067800000130000001300000018
:1003C0001305000067800000130000001300000008
:1003D00013050000678000001300000013000000F8
:1003E00013050000678000001300000013000000E8
:1003F00013050000678000001300000013000000D8
:1004000013050000678000001300000013000000C7
:1004100013050000678000001300000013000000B7
:1004200013050000678000001300000013000000A7
:100430001305000067800000130000001300000097
:100440001305000067800000130000001300000087
:100450001305000067800000130000001300000077
:100460001305000067800000130000001300000067
:100470001305000067800000130000001300000057
:100480001305000067800000130000001300000047
:100490001305000067800000130000001300000037
:1004A0001305000067800000130000001300000027
:1004B0001305000067800000130000001300000017
:1004C0001305000067800000130000001300000007
:1004D00013050000678000001300000013000000F7
:1004E00013050000678000001300000013000000E7
:1004F00013050000678000001300000013000000D7
:1005000013050000678000001300000013000000C6
:1005100013050000678000001300000013000000B6
:1005200013050000678000001300000013000000A6
:100530001305000067800000130000001300000096
:100540001305000067800000130000001300000086
:100550001305000067800000130000001300000076
:100560001305000067800000130000001300000066
:100570001305000067800000130000001300000056
:100580001305000067800000130000001300000046
:1005900013050000678000001705010013055500D2
:1005A000EF40D0036FF05FFF130101FC2320110027
:1005B0002322A1002324B1002326C1002328D10037
:1005C000232AE100232CF100232E01012320110313
:1005D0002322510223246102232671022328C1030E
:1005E000232AD103232CE103232EF103F322203409
:1005F00013032000638862021303B0006388620063
:1006000013033000638862006F00C002EF00403EB9
:100610006F00400317050100130545F4EF40007C0F
:100620006F00400217050100130545EEEF40007B07
:100630006F00400117050100130565F4EF40007AD3
:100640006F004002F32210340383020013053000D0
:100650003373A3006314A3009382220093822200C9
:10066000739012348320010003254100832581000B
:100670000326C1008326010103274101832781014D
:100680000328C1018328010283224102032381023E
:100690008323C102032E0103832E4103032F810311
:1006A000832FC10313010104730020307300203035
:1006B0003305A04023AEA1F41305F0FF67800000CE
:1006C00097070100938707F01308500537070010BC
:1006D0002320070183C61700638006062320D70066
:1006E00083C22700638A02042320570003C3370014
:1006F000630403042320670083C34700638E03025F
:100700002320770003C55700630805022320A700B4
:1007100083C56700638205022320B70003C6770004
:1007200093878700630A06002320C70003C80700D9
:10073000E31008FA678000006780000013000000E3
:100740009307800523AEF1F41305F0FF67800000E6
:100750009307800523AEF1F41305F0FF67800000D6
:100760009307800523AEF1F41305F0FF67800000C6
:100770009307800523AEF1F41305F0FF67800000B6
:100780009307800523AEF1F41305F0FF67800000A6
:100790001305F0FF67800000130000001300000045
:1007A0009307C00023AEF1F41305F0FF678000004B
:1007B000B707048023A0A700730050106F0000004B
:1007C0009307800523AEF1F41305F0FF6780000066
:1007D0009307B00023AEF1F41305F0FF678000002B
:1007E000B727000023A2F500130500006780000072
:1007F0009307800523AEF1F41305F0FF6780000036
:100800009307800523AEF1F41305F0FF6780000025
:10081000930780FA23AEF1F413050000678000000F
:100820001305100067800000130000001300000093
:10083000930780FA23AEF1F41305F0FF6780000000
:100840001305F5FF13351500678000001300000045
:100850009307600123AEF1F41305F0FF67800000F9
:100860009307F00123AEF1F41305F0FF6780000059
:100870001305000067800000130000001300000053
:100880009307800523AEF1F41305F0FF67800000A5
:100890001305F0FF67800000130000001300000044
:1008A0009307800523AEF1F41305F0FF6780000085
:1008B0001305000067800000130000001300000013
:1008C000B727000023A2F500130500006780000091
:1008D0001305F0FF67800000130000001300000004
:1008E0001305F0FF678000001300000013000000F4
:1008F0009307200023AEF1F41305F0FF678000009A
:100900009307800523AEF1F41305F0FF6780000024
:100910009307A00023AEF1F41305F0FF67800000F9
:10092000130101FF23202101138981F4832709008A
:1009300023248100232291002326110093840500A3
:1009400013040600638A070213060400938504005B
:1009500017250100130505FAEF0080598320C10017
:1009600013050400032481008324410003290100AE
:100970001301010167800000B7C5010013063000B4
:1009800093850520172501001305C5F6EF004049A2
:1009900093021000232059006FF01FFB130000008A
:1009A00023ACA1F2130500006780000013000000D3
:1009B000138781F3032307003305A3002320A70037
:1009C000637C250097F202009382C2636376550030
:1009D00013050300678000009307C0001303F0FFB6
:1009E00023AEF1F41305030067800000130000003C
:1009F000130101FF23229100232611009307100801
:100A00009384050063CC170D9307F00263D6170398
:100A1000938008FD9302100563E41202170301009E
:100A2000130383BC93982000338768008323070057
:100A3000B385630067800500930E1001638AD80FA9
:100A400093045005170701001307C7B7B70F00102D
:100A500023A09F0083471700638E070423A0FF0095
:100A6000834027006388000423A01F0083423700CF
:100A70006382020423A05F0003434700630C030268
:100A800023A06F00834857006386080223A01F013C
:100A9000834367006380030223A07F0083457700C0
:100AA000638A05001307870023A0BF008344070063
:100AB000E39004FA8320C100832441001301010163
:100AC000678000008320C100130E800523AEC1F5AE
:100AD0008324410013010101678000009300F0406E
:100AE000E3C010F79302F03F63D61203938808C067
:100AF0001303F000E36613F517070100130747C35C
:100B0000939328003385E300832505003386E500B1
:100B100067000600130EC00AE38EC8F963461E0381
:100B2000130F9009E388E8F9930F900AE39AF8F11C
:100B3000130F80FA23AEE1F56FF0DFF737250000E1
:100B400023A2A4006FF01FF7930E600DE39AD8EF75
:100B500023ACA1F26FF01FF61308F00123AE01F5EC
:100B60006FF05FF59306200023AED1F46FF09FF491
:100B7000370404802320A400730050106F0000008D
:100B80009304600123AE91F46FF0DFF22320210182
:100B9000138981F42324810013040600032609002D
:100BA00063060602130604000324810003290100E2
:100BB0008320C10093850400832441001725010090
:100BC000130545D3130101016F008032B7C6010040
:100BD000130630009385062017250100130585D1E3
:100BE000EF00002413081000232009016FF09FFB81
:100BF0008327C500638807208328050163840820B4
:100C00000328050003469500032745018346480154
:100C1000B3E2C600A304550013F306026302031EE9
:100C2000B383E84093050001138F030063F475005C
:100C3000130F0001638AE81C338EE700834E0E0019
:100C4000930F1700130610002300D801232AF50183
:100C50006370761AB386F70183C206001303270078
:100C60009305200023005800232A650063F27518BD
:100C7000338E6700834E0E00130637009306300054
:100C80002300D801232AC50063F47616B382C70077
:100C900003C3020093054700130E400023006800C1
:100CA000232AB50063767E14B38EB70083C60E0088
:100CB00013065700930250002300D800232AC500D2
:100CC00063F872123383C70083450300930E6700F5
:100CD000130E60002300B800232AD501637A7E102A
:100CE000B386D70183C20600130677001303700092
:100CF00023005800232AC500637C730EB385C70008
:100D000083CE050093068700130E80002300D801D0
:100D1000232AD500637E7E0CB382D70003C3020072
:100D2000130697009305900023006800232AC5004E
:100D300063F0750CB38EC70083C60E009302A70044
:100D4000130EA0002300D800232A550063727E0AE8
:100D500033835700834503001306B700930EB0009A
:100D60002300B800232AC50063F47E08B386C700B9
:100D700083C206001303C700130EC00023005800EF
:100D8000232A650063767E06B385670083CE05005F
:100D90001306D7009306D0002300D801232AC500EC
:100DA00063F87604B382C70003C302009305E7002B
:100DB000130EE00023006800232AB500637A7E0248
:100DC000B38EB70083C60E001306F7009302F0003F
:100DD0002300D800232AC50063FC7200B387C70034
:100DE00003C307001307070123006800232AE50057
:100DF00093050000638403009305FFFF3387F5012B
:100E00006384E800678000008348480023280500C9
:100E100013F5D80F2302A80067800000130000001C
:100E2000130101FE232A910083240500232C810055
:100E30002328210123263101232E110023820400BF
:100E400023840400930770FC2384F40023880400A7
:100E50002322B50013040500138905009309060039
:100E6000930600001386050037D512139305000082
:100E7000EF20501CB7028000637455029350F500B8
:100E8000130700F82386E40013F3F00F13557500E1
:100E9000238264009373F50F23807400238604007B
:100EA0002386340123043401A304040097050000C1
:100EB000938545D4232224018320C10123280400E3
:100EC00023260400232A0400232E0400232C0400DC
:100ED000232204022320B40203248101832441013C
:100EE000032901018329C100130101026780000069
:100EF000130101FF23260100638C0522630A0622E9
:100F0000032505003386C5009307100303474501F9
:100F1000232601008326C1009372F70F63E2D70AEC
:100F20000323C10093031300232671000328C1008B
:100F300063E807098328C100138E18002326C10126
:100F4000832EC10063EED707032FC100930F1F004C
:100F50002326F1010327C10063E4E7068326C100CD
:100F600013831600232661008323C10063EA7704FC
:100F70000328C1009308180023261101032EC10085
:100F800063E0C705832EC100138F1E002326E101F5
:100F9000832FC10063E6F7030327C1009306170000
:100FA0002326D1000323C10063EC67008323C10023
:100FB00013881300232601018328C100E3F217F7E9
:100FC00093F20202E38402F423260100032EC100FF
:100FD00063E2C70B832EC100138F1E002326E1019D
:100FE000832FC10063E8F7090327C10093061700A8
:100FF0002326D1000323C10063EE67068323C100CB
:1010000013881300232601018328C10063E4170716
:101010008322C100138E12002326C101832EC1003A
:1010200063EAD705032FC100930F1F002326F101A8
:101030000327C10063E0E7048326C1001383160081
:10104000232661008323C10063E677020328C100E1
:1010500093081800232611018322C10063EC570076
:10106000032EC100930E1E002326D101032FC100C1
:10107000E3F2E7F783CF05002300F5012326010003
:101080000327C10063E2E70A8326C1001383160029
:10109000232661008323C10063E877080328C10089
:1010A00093081800232611018322C10063EE57061E
:1010B000032EC100930E1E002326D101032FC10071
:1010C00063E4E707832FC10013871F002326E10095
:1010D0008326C10063EAD7040323C10093031300EE
:1010E000232671000328C10063E007058328C1009F
:1010F0009382180023265100032EC10063E6C70324
:10110000832EC100138F1E002326E101832FC1000F
:1011100063ECF7010327C100930617002326D100D3
:101120000323C100E3F267F693851500E390C5DE63
:10113000130101016780000013000000130000008C
:101140006388050E03C605006304060E83270500A9
:10115000130101FF9386150003C747019372F70F30
:10116000A30751000343F100937303026396030A3C
:1011700003C547019375F50FA307B1000348F100BC
:1011800093780802639A080803CE4701937EFE0F06
:10119000A307D101034FF100937F0F02639E0F0657
:1011A00003C747019372F70FA30751000343F100F0
:1011B000937303026392030603C547019375F50F0A
:1011C000A307B1000348F10093780802639608046E
:1011D00003CE4701937EFE0FA307D101034FF10019
:1011E000937F0F02639A0F0203C747019372F70FB1
:1011F000A30751000343F10093730302639E0300AE
:1012000003C547019375F50FA307B1000348F1002B
:1012100093780802E38208F4938616002380C700BF
:1012200003C6F6FFE31A06F213010101678000000E
:10123000678000001300000013000000130000008E
:10124000630C0602638A0502032705009706000067
:101250009386469A2326B500834747002328C50076
:10126000232A05002320D50293E2270023025700FA
:10127000732340F16304030067800000B723000C70
:10128000171601001306066783A503003305C54042
:101290001338150093081000339E0801B36EBE008A
:1012A00023A0D3016780000013000000130000009A
:1012B00083270500034795008326050183C2470164
:1012C00033E3E200A304650093F3F20F6398060092
:1012D00013D5630013751500678000001305000027
:1012E00067800000130000001300000013000000DE
:1012F0009307050063800518630E06160327050093
:101300000345950083464701B3E2A600A384570036
:1013100013F31600630003169373360013050000E1
:10132000638C0308130810006380030793082000F0
:101330006386130303470700130510002380E500AD
:1013400003A7070003CE9700834E470133EFCE017A
:10135000A384E70193FF1E0063820F1283460700F8
:10136000B382A500130515002380D20003A7070050
:1013700003C397008343470133E86300A384070155
:1013800093F81300638C080E034E07003387A50003
:10139000130515002300C70103A7070083CE97009C
:1013A000034F4701B36FDF01A384F70193761F005A
:1013B0006386060C6306A60C83420700B383A50070
:1013C000130515002380530003A8070003CE9700E0
:1013D0003383A5000347480193080500B36EC70196
:1013E000A384D701137F1700630A0F08834F0800F7
:1013F00013051500B382A5002300F30183A30700A2
:1014000083C6970003C343013368D300A384070155
:10141000137E130063040E0603C703001385280020
:10142000B38EA5002380E20003AF070083CF9700AF
:1014300083424F01B3E3F201A384770093F61200D5
:10144000638E060203430F001385380023806E006D
:1014500003A7070083C89700034E470133681E01A6
:10146000A3840701937E1E00638A0E00E316A6F490
:10147000678000001305000067800000678000009F
:10148000678000001300000013000000130000003C
:10149000F32740F163960702B726000C17170100E7
:1014A0001307474503A60600B302E54013B3120035
:1014B0009303100033986300B368C80023A016019B
:1014C000370E0100930EFEFF638CD5010325050046
:1014D00093F5F500034F4500B36FBF002302F501FC
:1014E00067800000130000001300000013000000DC
:1014F000638E05029307000C63EAC7020327050009
:10150000232EB5008342870013F3F203B363C300B5
:1015100093F5F30F2304B7000346470093661600C4
:101520002302D700732840F163040800678000009D
:10153000B728000C971E0100938ECE3B03AE080027
:101540003305D541133F1500930F1000B397EF01FA
:1015500033E7C70123A0E800678000001300000004
:1015600063840502032705002320B5022326050016
:10157000834747002328050093E2270023025700F2
:10158000732340F16304030067800000B723000C5D
:10159000971501009385053683A603003305B540F2
:1015A0001336150013081000B318C80033EED80026
:1015B00023A0C30167800000130000001300000097
:1015C00063800502032705002322B50283474700F5
:1015D00093E2870023025700732340F16304030062
:1015E00067800000B723000C9715010093858530B4
:1015F00083A603003305B540133615001308100009
:10160000B318C80033EED80023A0C30167800000E0
:10161000638805126306061283270500834695003A
:1016200003C74701B362D700A30455001373070231
:1016300063080310930300011305060063F4C3005D
:101640001305000103C8050093081000238007015B
:1016500063FAC80E03CE1500930E20002380C70145
:1016600063F2CE0E03CF2500930F30002380E701F5
:1016700063FACF0C83C63500130740002380D700E0
:101680006372C70C83C245001303500023805700C8
:10169000637AC30A83C35500130860002380770070
:1016A0006372C80A83C86500130E70002380170197
:1016B000637ACE0883CE7500130F80002380D70194
:1016C0006372CF0883CF8500930690002380F701D3
:1016D00063FAC60683C295001307A0002380570053
:1016E0006372C70603C3A5009303B000238067009D
:1016F00063FAC30403C8B5009308C0002380070140
:1017000063F2C80403CEC500930ED0002380C70146
:1017100063FACE0203CFD500930FE0002380E701E8
:1017200063F2CF0283C6E5009302F0002380D70066
:1017300063FAC20083C5F5002380B700678000000C
:101740001305000067800000130000001300000074
:10175000832705000347950083C24701A3040500C2
:1017600033E5E2001375E50967800000130000000F
:101770008327050003C58701678000001300000070
:1017800003270500834795008342470133E3F200B6
:10179000A304650013F50206678000001300000033
:1017A000032705008347C70093E207042306570079
:1017B0006780000013000000130000001300000009
:1017C000032705008347C70093F2F70B2306570052
:1017D0006780000000000000000000000000000022
:1017E000130101F52322910A232E31098324470096
:1017F00083290700232A5109930A06003388990296
:101800002320A1092326110A2324810A2320210B46
:1018100023229109232EB107232C41092328610992
:1018200023267109338D5603931028002324810940
:10183000130610001304050013890500938C07009C
:10184000B30D1500131D2D006386C436B38B5903E9
:1018500013890A00130A8700139C2400130B050048
:10186000138E0500930A05001384060013050B0070
:1018700093870C0013070A009306040013860B00DD
:1018800093050E002320C101EFF09FF58322010094
:10189000330B8B0193870C003383A20113070A00DB
:1018A0009306040013860B0013050B009305030039
:1018B000638E6D1323206100EFF09FF283230100FC
:1018C000330B8B0193870C00B388A30123201101F4
:1018D00013070A009306040013860B0013050B0080
:1018E0009385080063846D11EFF09FEF832501005D
:1018F000330B8B0193870C00338EA5012320C1018C
:1019000013070A009306040013860B0013050B004F
:1019100093050E00638C6D0DEFF09FEC832E01009C
:10192000330B8B0193870C00338FAE012320E10131
:1019300013070A009306040013860B0013050B001F
:1019400093050F0063846D0BEFF09FE9832F010077
:10195000330B8B0193870C003388AF0123200101E7
:1019600013070A009306040013860B0013050B00EF
:1019700093050800638C6D07EFF09FE6832201005A
:10198000330B8B0193870C003383A201232061006A
:1019900013070A009306040013860B0013050B00BF
:1019A0009305030063846D05EFF09FE3832301003B
:1019B000330B8B0193870C00B388A3012320110103
:1019C00013070A009306040013860B0013050B008F
:1019D00093850800638C6D01EFF09FE00325010003
:1019E000330B8B01330EA501E3926DE913840A00DA
:1019F000930A0900930D400003ADCC006388B96BD6
:101A000063CE3D33930D2000E382B91B13073000F2
:101A1000639AE97893932A0033897402139A240015
:101A200093091000B3064401B73E0000B3082D012E
:101A3000839C2800E39C3A39B70B010033864601AA
:101A400013050D009383AEAAB74A0000938DFBFFE8
:101A500083200400FBF570002320B40003A90600D6
:101A60007B7A790023A04601832906007BF7790061
:101A70002320E60083A80600832F0D007BB3F80126
:101A8000832E0500FB32D7017B1C5300130F0C0083
:101A9000135E0C0123248105FB275300139B0701D0
:101AA00013580B41B30B980393D00741835504009F
:101AB00013190F01135A094193591A4033873541BD
:101AC000931F0E012390E60083582400B3829003F5
:101AD000338F5B01135EFF4093170E0113D30F4149
:101AE00013DB0701935E13403378BB01B38BD841FE
:101AF00083200400B385520113D9F540131A09015C
:101B0000B3694801130D4D0013058500239176013B
:101B100093580A01938F0900232E31037B9C800187
:101B200003D7060013930801935203012320840175
:101B3000B38EE2002310D60103DF2600139E0F01AF
:101B4000135B0E01B3076F412311F60003D80600A3
:101B500083DB26009384F4FFB3005840B3057B0178
:101B6000239016002391B600130444001306460088
:101B700093864600E39E04EC8320C10A0324810A75
:101B80008324410A0329010A8329C109032A8109FF
:101B9000832A4109032B0109832BC108032C8108E7
:101BA000832C4108032D0108832DC1071301010B6C
:101BB00067800000B387AD409386C7FF13D7260028
:101BC0001306170093707600130705006382000C5C
:101BD0006382900A930B200063827009130A30001D
:101BE00063824007130C4000638280059305500018
:101BF0006382B002930E6000E39CD01B035809007F
:101C000013074700231E07FF835229003309A90148
:101C1000231F57FE0353090013074700231E67FEC7
:101C2000835329003309A901231F77FE8358090034
:101C300013074700231E17FF035B29003309A9017F
:101C4000231F67FF0355090013074700231EA7FE44
:101C5000035E29003309A901231FC7FF8357090029
:101C600013074700231EF7FE835629003309A901F5
:101C7000231FD7FE0356090013074700231EC7FE84
:101C8000835029003309A901231F17FEE384EDD6F1
:101C9000835B0900330AA90113070702231077FFAA
:101CA000835E2900330CAA01330FAC012311D7FF47
:101CB000835F0A00B305AF01B382A5012312F7FFCA
:101CC00003582A003383A201B303A301231307FFA0
:101CD00083580C003389A301231417FF035B2C00E6
:101CE000231567FF03550F002316A7FE035E2F0081
:101CF0002317C7FF83D705002318F7FE83D62500D7
:101D00002319D7FE03D60200231AC7FE83D0220070
:101D1000231B17FE835B0300231C77FF035A23005A
:101D2000231D47FF03DC0300231E87FF83DE230000
:101D3000231FD7FFE39EEDF46FF0DFCB130C5000B1
:101D400063928947B38C9A0213932400B30364000F
:101D500033896300B3096900338A6900939F2C00BB
:101D60003307FD01330BF70103180B00031F2B0092
:101D7000831D0700232001012328E101831627008A
:101D8000E35C90DE93021000E39C5A4CB70E010016
:101D900083220101B72500009388FEFF930008000D
:101DA000930C0D00130F0D0023260100938F9599BE
:101DB00037460000232A1101138B0600232C9100C3
:101DC0002320A10103250400FB76F5012320D40084
:101DD00083A40300FBF7F40123A0F300832A090086
:101DE0007BF8FA012320090103AE09007B73FE0191
:101DF00023A06900832B0A007BFCFB0183280100E0
:101E000023208A0103170400831E240083A50300F6
:101E100003A50800FBB7A5008324090083260F0053
:101E20007BBED40083AA090003280D007BB30A01FE
:101E300083AB0C007B3C7C01FB98870193850800F9
:101E400013D50801232C1105FBA7870193D40701A3
:101E5000938A07002322F106FB166E00938B06007F
:101E600013D80601232ED1047B236E00139C0B0193
:101E7000139E05019394040193550E4193580C4110
:101E800013DE044113150501939E0E01935605417F
:101E90002324C1013385B50313DE0E01939A0A0191
:101EA00013DC0A4193170801835A040013D8074131
:101EB000935703412328F100B3871501B38E18020D
:101EC0003305C500B38AFA00131707011355F5400F
:101ED00013570701931B03012320610623105401AC
:101EE00083542400B38ECE0093D7FE403305F50013
:101EF000B30AA7003383B6032322C101832E410115
:101F0000338E0601B384C401139E0A012311940089
:101F100093540E01B3F7D40193DB0B413305180240
:101F20003303C300935AF340330EC5009354FE406D
:101F300033859A00832A410033036C03338EAA0051
:101F400093140E0133E59700032E81002328A1048A
:101F5000B3875B023303C300935AF340B387C700D0
:101F600013D3F74083270101B38A6A00B3046E03D9
:101F7000330E5041231BC105B38A5702B384C400FA
:101F800013DEF4403383CA00935AF340B3045E0176
:101F9000231A9104032341057B2E650023A0C3016E
:101FA0007B156500B38515022320AA00B388B8030A
:101FB000B38AC50093D4FA40B38616023383C800AF
:101FC000135EF3403385C4013307A700931507015F
:101FD00093D8050183254100B3FAD8013308B8032B
:101FE000B384C60093D6F44083248100330EC80026
:101FF0001355FE403387A60033836703B388E5009B
:1020000013980801B3EA0A0123245107B386540246
:10201000B307C30013D3F740330C5C02338EC60002
:102020001355FE403307A3409315070193D80501CC
:10203000B3FED801B38B6B033308CC009354F84044
:10204000B386CB0093D7F6403383F440131C0301CF
:1020500033EE8E012326C1077B95CA012320A900F8
:10206000FBAACA010327C10083280100832B810139
:1020700093051700938E480023A059012326B10031
:102080002320D10113044400938343001309490022
:1020900093894900130A4A00130F8F00130DCD00D6
:1020A000938C0C01E390BBD26FF01FAD930910002D
:1020B00013972400E3903A073305E400B305E500E5
:1020C000B723000083AC4C003386E500930E0D006F
:1020D000130E0D00938AF3FF6F00C002FBC6E301ED
:1020E0002320D5007BDAE301232046019384F4FF0B
:1020F000130444001305450093854500130646006C
:10210000E38C04A6032B04007B785B0123200401ED
:10211000032F0500FB725F012320550083A80500F3
:10212000FBF0580123A0150083270600FBFB570195
:102130002320760183260500032A0D007BBC46017F
:1021400003A30500832F0E00FB3DF30183A90E00BE
:102150007BB93B0103270400FB23B7017B1BB701BD
:10216000232064017B182C017B2F2C01FB220B0107
:1021700023A0550083280400130D4D00130E8E007C
:10218000938ECE00FB90080123201400E3980CF4FA
:10219000FBD7E3012320F500FBCBE30123207601ED
:1021A0006FF0DFF41395290083AC0C00EF1090352D
:1021B000E30405406350903CB38D9A02B788000059
:1021C00013992400130A000093030000938FF8FF73
:1021D000130C1000930245006356303913F3790055
:1021E00033C73F0393070500930600006302030C07
:1021F000930E10006302D30B130F20006304E30956
:10220000130E30006306C307130B40006308630519
:1022100013085000630A0303930B6000630C7301FF
:1022200083270500FBF0E70093061000232015002C
:102230009307450083A507007BF6E50023A0C700B0
:10224000938616009387470083A807007BF3E80076
:1022500023A06700938616009387470083AE07008C
:102260007BFFEE0023A0E7019386160093874700CB
:1022700003AE07007B7BEE0023A067019386160068
:102280009387470003A80700FB7BE80023A07701A2
:10229000938616009387470083A00700FBF5E000B4
:1022A00023A0B70093861600938747006388D9065A
:1022B00003A60700FB78E60003A3470023A017014D
:1022C000FB7EE30003AF870023A2D7017B7EEF00F4
:1022D00003ABC70023A4C7017B78EB0083AB0701E6
:1022E00023A60701FBF0EB0083A5470123A81700F5
:1022F0007BF6E50083A8870123AAC7007BF3E800EB
:1023000083AEC70123AC67007BFFEE0023AEE7017D
:102310009386860093870702E39CD9F8035E050045
:10232000835B2500930504002310C401231174016D
:10233000638A89239308040013080A00130300002A
:10234000138602009306100093070000B38707016D
:1023500013972700B300ED0063C89701B387974137
:10236000139B2700B3006D01832E060003AF00000E
:102370007BBBEE0103A70500FB10670123A015003E
:102380009386160013064600E392D9FC130313004C
:10239000B38828013308B8016386691C9385080057
:1023A0002390C801239178016FF09FF99390240046
:1023B000930F100033071400639EFA35374800006E
:1023C00013FB34009303F8FF9385F4FF63000B0ABB
:1023D00063085B0563103B65832D0400FBF07D0003
:1023E00023201400832F0700FBF27F0023205700D7
:1023F00003260D00FBB6C200130D4D008327040019
:102400007BA3D70023206700032C04007B1EDC0085
:102410002320C40113074700130444009384F4FFEE
:10242000032504007B7B750023206401032807003B
:10243000FB7578002320B700832A0D007BB9550176
:1024400083290400130D4D007BAA29012320470195
:1024500083280400FB9E28012320D4019384F4FFE9
:102460001307470013044400638804F0032F04009B
:10247000FB7C7F0023209401832B0700FBFD7B0066
:102480002320B70183200D00FBBF1D008322040021
:102490007BA6F2012320C70083260400FB97F601E8
:1024A000032344002320F4007B7C73002322840157
:1024B000032E47007B757E002322A700032B4D00CF
:1024C0007B38650183254400FBAA050123225701BF
:1024D00003294400FB190901032A84002322340143
:1024E000FB787A0023241401832E87007BFF7E0073
:1024F0002324E701832C8D00FB3B9F01832D840067
:10250000FBA07D0123241700832F8400FB927F0111
:102510000326C40023245400FB7676002326D4002F
:102520008327C7007BF3770023266700032CCD00A9
:102530007B3E83010325C400130D0D017B2BC501D8
:10254000232667010328C400FB15C8012326B40015
:102550009384C4FF1307070113040401E39804F0F4
:102560006FF08FE19383130013044400330A5A0180
:10257000E39474C60324810A8320C10A8324410A98
:102580000329010A8329C109032A8109832A4109F0
:10259000032B0109832BC108032C8108832C4108DC
:1025A000032D0108832DC1071301010B6F10407625
:1025B000035F0900130745002310E501835F29002D
:1025C0003309A9012311F5016FF04FE3370F010023
:1025D000939A3A003386460113050D00938BAEAAF9
:1025E000B74D00009300FFFF832F0400FBF27F0133
:1025F0002320540083A706007BF3770123A0660005
:10260000032C06007B7E7C012320C60103AB060061
:1026100003280D00FB350B01032705007B39EE0075
:10262000FB992501138A090093D809012324310558
:10263000FBAE2501139F0E01935F0F4133839F0370
:1026400093D70E411397080183520400131C0A010B
:10265000135E0C41135B1E403388624123900601D8
:1026600083552400B3889703B30EB30113DFFE40F4
:10267000931F0F011359074113D30F01135A194028
:10268000B3721300B3874541032C0400338EB801A5
:10269000135BFE4013180B01B3E50201330D7D00FF
:1026A000330555012391F60013590801138A0500DB
:1026B000232EB102FB193C0103D706009318090130
:1026C00093DF080123203401B38EEF002310D601DD
:1026D00003DF260013130A0193520301B3075F407F
:1026E0002311F60003DC060003DE26009384F4FFCA
:1026F000330BFC413388C20123906601239106010C
:10270000130444001306460093864600E39E04EC3F
:102710006FF08FC6B742000013F63400139B2A00F7
:102720001388F2FF9386F4FF6304060E630CF60928
:102730006306360583240400FBF704012320F4001C
:10274000032307007B7C030123208701032E0D0058
:102750007B35CC01330D6D01832A0400FBA5AA0053
:102760002320B700832304007B99A30023202401A6
:1027700013074700130444009384060083290400D0
:102780007BFA09012320440183280700FBFE08018E
:102790002320D701032F0D00FBBCEE01330D6D018B
:1027A000832B0400FBAD9B012320B7018320040091
:1027B000FB9F90012320F4011307470013044400FA
:1027C0009384F4FF03260400FB72060123205400C7
:1027D00083260700FBF706012320F70003230D00E3
:1027E0007BBC6700032E0400330D6D017B258E0139
:1027F0002320A700832A0400FB958A012320B4002C
:102800009384F4FF1307470013044400638604B65F
:10281000832304007BF9030123202401832907007B
:102820007BFA09012320470183280D00FB3E1A0192
:10283000032F0400B30C6D01FB2BDF012320770174
:10284000832D0400FB90DD01832F4400232014001E
:102850007BF60F012322C40083224700FBF602010E
:102860002322D70083A70C007BB3F600032C44007F
:10287000338E6C017B2D6C002322A70103254400BD
:10288000FB1A65008325840023225401FBF3050114
:102890002324740003298700FB79090123243701CD
:1028A000032A0E00FBB84901832E8400330F6E010A
:1028B000FBAC1E0123249701832B8400FB9D1B018D
:1028C0008320C4002324B401FBFF00012326F4016C
:1028D0000326C700FB7206012326570083260F003C
:1028E000FBB7D2000323C400330D6F017B2CF30030
:1028F00023268701032EC4007B15FE002326A40097
:102900009384C4FF1307070113040401E39204F046
:102910006FF08FA613991A003305E400330F5901A5
:10292000B305E500B722000093932A0083AC4C0066
:10293000939A3A00131B2F003386E500930F0D0086
:1029400013030D001388F2FF6F00C0027BC7D00095
:102950002320E5007BD9D000232026019384F4FFB7
:1029600013044400130545009385450013064600F3
:10297000638404A0832804007BFE08012320C40193
:1029800083270500FBF607012320D50083A005005F
:10299000FBFB000123A07501032A06007B7C0A01D2
:1029A00023208601832E0500832D0D00FBB9BE0177
:1029B00003A70500032903007B3F270183A20F0023
:1029C0007B3E5C0083280400FBA0E801FB97E80144
:1029D0002320F400FB9BC901FBA6C9017BAA770158
:1029E00023A04501032C0400330D7D003303530164
:1029F000B38F6F01FB1E7C012320D401E3980CF4FC
:102A0000FBDDD0002320B501FBC9D0002320360117
:102A10006FF0DFF483240400FBFA740023205401D8
:102A200003290700FB79790023203701032A0D00D1
:102A3000FBB84901832E0400130D4D007BAF1E012E
:102A40002320E701832C0400FB9B1C01232074013D
:102A50001307470013044400938405006FF0DF97C9
:102A600093981A00338E5801B7050100B720000073
:102A7000939E2A0093973A00931B2E00939A4A0044
:102A80001386F5FF23247103938C9099232ED10193
:102A90002320F10223225103930B0D00130B0D0091
:102AA00023240100374C00002326C1009380060038
:102AB000232691022322A101832404007BF39401A5
:102AC0002320640083AF03007BF79F0123A0E30072
:102AD000832609007BF896012320090103AF090032
:102AE000FB729F0123A0590083280A007BFE9801F6
:102AF0002320CA01831E0400831A240003A50300B7
:102B000083270D00FB34F5000326410083250900CF
:102B100003230600FBBF650003A7090083260B0003
:102B20007B3FD70003A80B00FB320E01FB9854003B
:102B30009387080013D60801232C11057BAE54009F
:102B400013530E0113070E002322C107FB94EF015C
:102B50009386040013D50401232E91047BAFEF016B
:102B6000939F060113D80F41832F0100939507010E
:102B700093D505419318050113130301939E0E018C
:102B800013D50841B384B5039358034113D30E0101
:102B90009312060113D602419317070183520400D2
:102BA00003572400939A0A0193D60741B30EF80302
:102BB000B38F0501232AE100B3848401B382F201BB
:102BC00013D70A012310540093DAF44093570F41AE
:102BD000131E0F01232CD101B30EA6008322810105
:102BE00093840E00832E41012320E107330FB603A7
:102BF000B38F9E00B384820193DEF440B38ADA017E
:102C00002311F401B30F530193920F01832F01009D
:102C100093DE02018324C100B302F503330F8F0159
:102C2000B3FA9E00935EFF40135E0E41B3848201AF
:102C300093D2F440338F5E00B30EE70193940E01FC
:102C4000832E0101B38F1602B3EA9A00232851059F
:102C5000330FDE03B38F8F0193DFFF40B3028F0189
:102C600013DFF240B38FEF01B302F041B3841802D7
:102C7000231B5104B38FD703B384840193D2F44050
:102C8000338F8F01935FFF40B384F201231A9104C5
:102C9000032F4105FBA2EA0123A05300FB9AEA019E
:102CA000832F01003308B80323205A01B385F503AD
:102CB000B302880193DAF2400328C1003305B5035B
:102CC000B384850113DFF4403306F603B30F5F01CD
:102CD000B30A85013303F30193DFFA40931503012F
:102CE00093D4050133FF0401B3871702330686012D
:102CF0009352F6403383F2013307670093150701BF
:102D0000B364BF0023249106B388D803338F8701AF
:102D10001355FF40B386D603338688019352F6409D
:102D2000B3075540939A070193DF0A0133F80F0167
:102D3000330E1E02338386011357F340B3058E0111
:102D400093DEF540B308D741139F08013365E801CE
:102D50002326A106FB96A4002320D900FBA4A400EF
:102D600003268100832F4100832A01028327C101AA
:102D7000032E8102032341020327C102930216009E
:102D800033885F0123A099002324510023220101ED
:102D900013044400938343001309490093894900B5
:102DA000130A4A00330DFD00330BCB01B38B6B00CC
:102DB000E31457D06FE05FDC1704010003244421C3
:102DC000032D040013067001930510008326CD0027
:102DD00017F500001305052BEF10504A832404005B
:102DE000930510001306900183A6C40017F5000098
:102DF0001305C52AEF109048832A04000324810A92
:102E00008320C10A83A5CA008324410A0329010A39
:102E10008329C109032A8109832A4109032B010956
:102E2000832BC108032C8108832C4108032D010842
:102E3000832DC1071305A0001301010B6F1010258E
:102E4000130101FE232C810093073500232E11006E
:102E50001304050013952700638006066302060429
:102E600083A0060063EEA00223A0A60013050600BF
:102E70008320C101232085000324810197020100E2
:102E800083A2C214170301000323C3142322B50035
:102E900023265500232465001301010267800000EA
:102EA00023A0A600130500008320C1010324810193
:102EB00013010102678000002326B100EF00906437
:102EC0008325C100E31605FA130500006FF0DFFD4E
:102ED000130101FE232C8100232E11001304050091
:102EE0006382C50203278400930704000324810141
:102EF0008320C1011305060013061000130101020F
:102F00006FE01F8E232A91009384050063880506D5
:102F1000032505002328210123263101131525004F
:102F200013890600EF00105E930905006308050A87
:102F30000327840093070400930609009385040087
:102F400013061000EFE0DF890326040093850900D3
:102F50001385040013162600EF20407E0324810110
:102F600083244101032901018320C1011385090044
:102F70008329C100130101026F00905997040100D9
:102F800083A4040583A004001306700193051000B8
:102F900083A6C00017F5000013050512EF10102ED0
:102FA00083A30400930510001306100183A6C30039
:102FB00017F500001305C511EF10502C83A5040070
:102FC000832441011305A00083A5C50003248101CA
:102FD0008320C101130101026F10500B170401007F
:102FE000032404FF832704001306700193051000D7
:102FF00083A6C70017F500001305C50EEF101028B3
:1030000083220400930510001306800183A6C200EA
:1030100017F500001305850EEF105026032304005A
:1030200083244101032901018325C3008329C100B1
:103030001305A0006FF09FF91300000013000000BB
:10304000130101FF2324810023261100130405002E
:103050006384C502032784009307040003248100CE
:103060008320C1001305060093061000130610000C
:10307000130101016FE0CFF6232291009384050034
:103080006382050603250500232021011315250071
:10309000EF005047130905006306050A0327840063
:1030A0009307040093850400930610001306100094
:1030B000EFE00FF3032604009305090013850400D5
:1030C00013162600EF20806703248100832441002B
:1030D0008320C10013050900032901001301010128
:1030E0006F0010439704010083A484EE83A00400C2
:1030F000130670019305100083A6C00017F50000A9
:10310000130585FBEF10901783A3040093051000AF
:103110001306100183A6C30017F50000130545FB35
:10312000EF10D01583A50400832441001305A000EF
:1031300083A5C500032481008320C1001301010180
:103140006F10C07417040100032484E8832704006F
:10315000130670019305100083A6C70017F5000041
:10316000130545F8EF109011832204009305100019
:103170001306800183A6C20017F50000130505F8A9
:10318000EF10D00F03230400832441000329010022
:103190008325C3001305A0006FF0DFF913000000C2
:1031A00067800000130000001300000013000000FF
:1031B0009377150093063000130750001308100092
:1031C000639407189307050013D6F701B302F600BE
:1031D00093D7124013D3F70193F51700B303F3000D
:1031E0006394050893D7134093D8F70193FE170013
:1031F000338EF800639A0E0693571E4013DFF701D3
:1032000013F61700B30FFF006310060693D71F4095
:1032100093D2F70193F317003383F200639603040C
:103220009357134093D5F70113FE1700B388F500A9
:10323000631C0E0293D7184093DEF70193FF17002B
:10324000338FFE0063920F0293571F4013D6F7018E
:1032500013F31700B302F6006318030093D712406C
:1032600093F31700E38203F6B3E5D70263920506F2
:10327000B3C7D702B3E8D702639C0804B3C7D70229
:1032800033EED70263160E04B3C7D702B3EED702EC
:1032900063900E04B3C7D70233EFD702631A0F024D
:1032A000B3C7D702B3EFD70263940F02B3C7D702F5
:1032B00033E6D702631E0600B3C7D702B3E2D702D4
:1032C00063980200B3C7D70233E3D702E30203FADD
:1032D000B3E3E70263920306B3C7E702B3E5E7028D
:1032E000639C0504B3C7E702B3E8E70263960804EA
:1032F000B3C7E70233EEE70263100E04B3C7E70279
:10330000B3EEE702639A0E02B3C7E70233EFE702B8
:1033100063140F02B3C7E702B3EFE702639E0F0027
:10332000B3C7E70233E6E70263180600B3C7E70254
:10333000B3E2E702E38202FA635CF80013051500CA
:1033400093771500E38007E8930705006FF0DFF13E
:1033500067800000000000001308000063C605122B
:1033600063DC0600B337C000B306D0401348F8FF53
:10337000B386F6403306C0409308060013070500E5
:1033800013830500639A060E63F4C516B7070100A0
:103390006364F622B7070001930680016374F600A8
:1033A00093060001B7270180335ED600938747114B
:1033B000B387C70183C70700130E0002B387D70086
:1033C000B306FE40630CFE003393D500B357F500FF
:1033D000B318D60033E367003317D50013D60801BE
:1033E0003355C3029396080193D6060193570701FC
:1033F0003373C302B385A60213130301B3E7670057
:1034000063FCB700B387F8001303F5FF63E417010B
:1034100063E6B74013050300B387B740B3D5C702CF
:103420001317070113570701B3F7C702B386B60294
:10343000939707013367F700637ED7003387E8006F
:103440009387F5FF636617019385E5FF6364D700F3
:1034500093850700131505013365B500930500003A
:10346000630A0800B337A000B305B040B385F54048
:103470003305A0406780000063F4D5029305000087
:10348000130500006FF0DFFDB337A000B305B040B7
:10349000B385F5403305A0401308F0FF6FF05FECF3
:1034A000B707010063E8F61EB70700019308800123
:1034B00063F4F60093080001B727018033D71601A3
:1034C00093874711B387E70003C7070093070002FC
:1034D00033071701B388E7406396E71C63E4B6300F
:1034E0003335C50013351500930500006FF05FF705
:1034F000630C060CB7070100637CF62C133306102F
:103500001333130013133300B3566600B72701803B
:1035100093874711B387D70083C60700930700023C
:10352000B3866600B38ED7406394D70CB386C5408C
:1035300013530601131606011356060193051000D6
:1035400033D5660293570701B3F66602330EC50200
:1035500093960601B3E7D70063FCC701B387F80071
:103560009306F5FF63E4170163E4C72B1385060098
:10357000B387C741B3D66702131707011357070173
:10358000B3F767023386C602939707013367F700E4
:10359000637EC7003387E8009387F6FF63661701F1
:1035A0009386E6FF6364C700938607001315050141
:1035B0003365D5006FF0DFEA9336061093B6160038
:1035C000939636006FF01FDEB72701809306000048
:1035D00093874711B387D70083C607001303000002
:1035E00093070002B3866600B38ED740E380D7F41A
:1035F000B318D60133DED50013D30801B3576E02DA
:103600001396080113560601B356D5003317D5019A
:10361000B395D501B3E6B60093D50601337E6E02AD
:103620003305F602131E0E01B3E5C50163FEA500C6
:10363000B385B800138EF7FF63E4151D63F2A51C74
:103640009387E7FFB3851501B385A54033D56502A0
:103650009396060193D60601B3F56502330EA602D2
:1036600093950501B3E6B60063FEC601B386D800A4
:103670009305F5FF63EE161763FCC6171305E5FF08
:10368000B386160193950701B386C641B3E5A5003D
:103690006FF01FEB93B8061093B81800939838009A
:1036A0006FF09FE1B35EE600B3961601B3EEDE0065
:1036B00033D3E50013DF0E01B357E303139E0E016E
:1036C000B3951501135E0E013357E5003367B7005C
:1036D00093560701331616013373E303B305FE0255
:1036E00013130301B3E6660063FEB600B386DE0083
:1036F0001383F7FF63EAD61163F8B6109387E7FFE9
:10370000B386D601B386B640B3D5E60313170701D7
:1037100013570701B3F6E6033303BE02939606017F
:103720003367D700637E67003387EE009386F5FF2B
:103730006364D70D6372670C9385E5FF3307D70188
:1037400093970701370F0100B3E7B7009306FFFF18
:10375000B3F5D70013DE0701B376D6001356060182
:10376000B38ED50233076740B306DE0213D30E01D2
:10377000B385C502B385D500B305B300330ECE02C1
:1037800063F4D500330EEE0193D60501B386C6016E
:10379000636AD7026308D70013850700930500000A
:1037A0006FF01FCCB70601009386F6FF33F7D50004
:1037B00013170701B3FEDE00331515013307D701D8
:1037C000E37CE5FC1385F7FF930500006FF05FC90C
:1037D000B7070001637AF60493560601130300014C
:1037E0006FF0DFD293050000130510006FF05FC784
:1037F000138505006FF01FE9938506006FF05FF4F5
:1038000093070E006FF05FE4930703006FF09FEFE4
:103810001305E5FFB38717016FF09FD51305E5FF8B
:10382000B38717016FF05FBF9356860113038001C2
:103830006FF0DFCD1308060093080500138705001D
:103840006390060E63FEC512B7070100636EF61E95
:10385000B7070001930680016374F6009306000128
:10386000B72701803353D60093874711B38767008A
:1038700083C7070013030002B387D700B306F340E2
:10388000630CF3003397D500B357F5003318D60017
:1038900033E7E700B318D500135608013355C702C4
:1038A0009316080193D6060193D708013377C70210
:1038B000B385A60213170701B3E7E70063FCB7005F
:1038C000B307F8001307F5FF63E4070163E0B73EB1
:1038D00013050700B387B74033D7C7029398080191
:1038E00093D80801B3F7C702B386E602939707019E
:1038F000B3E8F80063FED800B30818019307F7FF98
:1039000063E608011307E7FF63E4D80013870700A5
:10391000131505013365E50093050000678000007D
:1039200063F8D500930500001305000067800000D0
:10393000B707010063E8F61EB7070001130880010E
:1039400063F4F60013080001B727018033D706019E
:1039500093874711B387E70003C707009307000267
:10396000330707013388E7406396E71C63E4B6300A
:103970003335C5001335150093050000678000003E
:10398000630C060CB7070100637CF62C1337061096
:103990001337170013173700B356E600B727018017
:1039A00093874711B387D70083C7070093060002A8
:1039B000B387E700B38EF6406394F60CB387C54037
:1039C00093560601131606011356060193051000BF
:1039D00033D5D70213D70801B3F7D7023303C50293
:1039E00093970701B367F70063FC6700B307F8001C
:1039F0001307F5FF63E4070163E4672A1305070073
:103A0000B387674033D7D7029398080193D808014A
:103A1000B3F7D7023306C70293970701B3E8F8005C
:103A200063FEC800B30818019307F7FF63E60801B7
:103A30001307E7FF63E4C8001387070013150501A8
:103A40003365E500678000009336061093B61600D4
:103A5000939636006FF0DFE0B727018093060000F1
:103A600093874711B387D70083C707001307000068
:103A700093060002B387E700B38EF640E380F6F4C6
:103A80003318D60133D3F50093560801335ED302C1
:103A900013160801B395D50113560601B357F50067
:103AA000B3E7B70013D70701B318D5013373D302B7
:103AB000B305C6031313030133676700637EB700C2
:103AC0003307E8001305FEFF6364071D6372B71C2C
:103AD000130EEEFF330707013307B7403355D70204
:103AE0009397070193D707013377D7023303A602D1
:103AF00013170701B3E7E70063FE6700B307F80099
:103B00001307F5FF63EE071763FC67161305E5FF60
:103B1000B387070193150E01B3876740B3E5A5008E
:103B20006FF01FEB13B80610133818001318380085
:103B30006FF09FE1335EE600B3960601336EDE0060
:103B4000B3D8E500935E0E01B3D7D80313130E016B
:103B5000B3950501135303013357E5003367B700ED
:103B60009356070133160601B3F8D803B305F302E1
:103B700093980801B3E6160163FEB600B306DE00B3
:103B80009388F7FF63EAC61163F8B6109387E7FFDF
:103B9000B386C601B386B640B3D5D6031317070163
:103BA00013570701B3F6D603B308B3029396060181
:103BB0003367D700637E17013307EE009386F5FF66
:103BC0006364C70D6372170D9385E5FF3307C70163
:103BD00093970701B70E0100B3E7B7009386FEFF86
:103BE000B3F5D70013D30701B376D60013560601F9
:103BF000338ED50233071741B306D30293580E0113
:103C0000B385C502B385D500B385B8003303C302BD
:103C100063F4D5003303D30193D60501B386660060
:103C2000636AD7026308D700138507009305000075
:103C300067800000B70601009386F6FF33F7D500D2
:103C400013170701337EDE00331505013307C70163
:103C5000E37CE5FC1385F7FF930500006780000017
:103C6000B7070001637AF6049356060113070001B3
:103C70006FF0DFD29305000013051000678000008D
:103C8000130507006FF01FE9938506006FF05FF4DE
:103C9000130E05006FF05FE4938708006FF09FEF4D
:103CA0001305E5FFB38707016FF09FD51305E5FF07
:103CB000B38707016FF01FC2935686011307800177
:103CC0006FF0DFCD9305050093060000130600009A
:103CD000130500006F109049130101FF93050000C8
:103CE000232481002326110013040500EF109051B6
:103CF00083A781F563840700E780070013050400AC
:103D0000EFC01FAB9305050003A541F46F00000150
:103D10009305050003A541F46F109075130101FD93
:103D2000232E310123261102232481022322910212
:103D3000232021039387B500130760019309050031
:103D40006360F7089307000163E0B720EF00007895
:103D50009307800193052000930400011389818259
:103D6000B307F90003A44700138787FF6300E43417
:103D7000832744008326C4000326840093F7C7FFEB
:103D8000B307F40003A747002326D60023A4C600E8
:103D9000136717001385090023A2E700EF004073A3
:103DA000130584008320C10203248102832441027D
:103DB000032901028329C101130101036780000067
:103DC00093F487FF63C2071863E0B418EF00007034
:103DD0009307701F63F6973E93D79400638E071680
:103DE00013074000636CF73293D764009385970301
:103DF0001388870313963500138981823306C9001F
:103E000003244600130686FF630886021305F000AC
:103E10006F0040018326C40063560728630ED60056
:103E2000138406008327440093F7C7FF3387974026
:103E3000E352E5FE93050800032409019308890075
:103E4000630E1425832744009306F00093F7C7FF01
:103E50003387974063CCE636232A190123281901BA
:103E6000635007341307F01F032549006368F724E4
:103E700013F787FF130787003307E900832607003E
:103E800013D6570093071000B397C7003365F500AA
:103E9000930787FF2326F4002324D4002322A900BC
:103EA0002320870023A6860093D725401306100001
:103EB0003316F600636AC50AB377A6006394070257
:103EC0001316160093F5C5FFB377A600938545003A
:103ED000639A070013161600B377A6009385450072
:103EE000E38A07FE1308F0001393350033036900DB
:103EF000130503008327C500138E05006302F52414
:103F000003A747001384070083A7C7001377C7FFE1
:103F1000B30697406342D824E3C206FE3307E400A9
:103F200083264700032684001385090093E61600C4
:103F30002322D7002326F60023A4C700EF00405910
:103F4000130584006FF01FE69307C00023A0F9005B
:103F5000130500006FF01FE5130600209305000411
:103F60001308F0036FF05FE903248900232861013F
:103F70008327440013FBC7FF63689B0033079B4004
:103F80009307F00063CAE70C23229101232A510111
:103F900003A7C1F383AA41F5232C41012326710114
:103FA0009307F0FF330A6401B38A54016306F73CB8
:103FB000B71700009387F700B38AFA00B7F7FFFF3F
:103FC000B3FAFA0093850A0013850900EF10804DBB
:103FD0009307F0FF930B0500630AF5442324810146
:103FE000636E4523138C81F683250C00B385BA00DC
:103FF0002320BC00138705006316AA2A93174501E6
:104000006392072A832B8900B3075B0193E71700AC
:1040100023A2FB0083A601F563F4B60023A8B1F444
:1040200083A6C1F463F4B60023A6B1F4032C810087
:1040300013840B0093F7C7FF3387974063EA9738E1
:104040009307F00063D6E738032A8101832A4101F0
:10405000832BC100832C410093E714002322F4003A
:10406000B3049400232499001367170013850900F3
:1040700023A2E400EF00C0458320C10213058400A1
:1040800003248102032B010183244102032901023D
:104090008329C10113010103678000000325490042
:1040A0006FF09FE0032684006FF09FCD03A4C7004C
:1040B00093852500E38287D86FF09FCB13D79700B5
:1040C0009306400063F2E6149306400163E4E6328F
:1040D0001306C7059306B705131636003306C90045
:1040E00003270600130686FF6318E6006F004029C9
:1040F000032787006308E6008326470093F6C6FF80
:10410000E3E8D7FE0326C7002326C4002324E400E7
:1041100023248600232687006FF01FD91307400150
:104120006378F710130740056364F72E93D7C40034
:104130009385F7061388E706139635006FF0DFCBFB
:10414000130E1E0093773E00130585006380071051
:104150008327C5006FF09FDA0326840093E51400DF
:104160002322B4002326F60023A4C700B30494003E
:10417000232A99002328990093E7160023A6140107
:1041800023A4140123A2F4003307E40013850900DB
:104190002320D700EF00C033130584006FF09FC0C9
:1041A000B307F40003A7470013850900136717003E
:1041B00023A2E700EF00C031130584006FF09FBE1B
:1041C00093D53400938784006FF05FB993E61400B1
:1041D0002322D400B3049400232A990023289900B1
:1041E0009366170023A6140123A4140123A2D4006C
:1041F000B307F4001385090023A0E700EF00402D6A
:10420000130584006FF01FBA13D7670013069703D6
:1042100093068703131636006FF05FEC630C2407D8
:1042200003248900032C8100832744006FF09FE062
:104230009385C7051388B705139635006FF0DFBB6C
:10424000832783009385F5FF639E672693F73500E8
:10425000130383FFE39607FE032749009347F6FF06
:10426000B3F7E7002322F90013161600E3EEC7CEDA
:10427000E30C06CE3377F600631A07001316160018
:104280003377F600130E4E00E30A07FE93050E0087
:104290006FF09FC5138C81F603270C003387EA006B
:1042A0002320EC0083A6C1F39307F0FF6386F61882
:1042B000B3874B41B387E7002320FC0093FC7B00CE
:1042C000638C0C0CB38B9B41B7170000938787005E
:1042D000938B8B00B3859741B38A5B01B3855541BE
:1042E0009395450113DA450193050A0013850900EA
:1042F000EF10401B9307F0FF6300F518330575417D
:10430000B30A450103270C002324790193E71A001F
:10431000B305EA002320BC0023A2FB00E30C24CF5A
:104320009306F00063F0660B0327440093074BFFEE
:1043300093F787FF137717003367F7002322E40012
:10434000130650003307F4002322C7002324C700BC
:1043500063E6F60083A74B006FF0DFCB9305840084
:1043600013850900EF10D010832B890083250C00E2
:1043700083A74B006FF01FCA938A0A016FF09FC496
:1043800093D6264093071000B397D7003365F50006
:104390002322A9006FF05FD7B3855B01B305B0405E
:1043A0009395450113DA450193050A001385090029
:1043B000EF10400F9307F0FFE312F5F4130A00002B
:1043C0006FF05FF4032C81009307100023A2FB0021
:1043D00013850900EF00C00F13050000032A8101B7
:1043E000832A4101032B0101832BC100832C41004F
:1043F0006FF05F9B9306400563E4E60413D7C700A4
:104400001306F7069306E706131636006FF01FCD66
:10441000130740156364F70493D7F4009385870767
:1044200013887707139635006FF01F9D03248900CA
:10443000832744006FF01FC023AE71F36FF01FE8B5
:104440009306401563E4E60413D7F70013068707C5
:1044500093067707131636006FF05FC813074055B1
:104460006364F70493D724019385D7071388C7079C
:10447000139635006FF05F98938C8CFFB38A9A0186
:10448000B38A7A41130A00006FF0DFE793064055C4
:1044900063E4E60213D727011306D7079306C7077D
:1044A000131636006FF09FC31306803F9305F00785
:1044B0001308E0076FF05F941306803F9306E00750
:1044C0006FF0DFC1832749006FF01FDA67800000BB
:1044D000678000001305000067800000B79500802A
:1044E000138601C393850505138501C46F00004140
:1044F000130101FF8325450023248100232291001D
:1045000023261100138401F99304050063848500B8
:10451000EF40103483A58400930784066386F5007A
:1045200013850400EF40D03283A5C4001304040DAA
:10453000638E8500032481008320C100138504005D
:1045400083244100130101016F4090308320C1009A
:1045500003248100832441001301010167800000CE
:104560001305000067800000130101FE232C810069
:10457000B7470080138401F99387C74D232E11009C
:10458000232A9100232821012326310123244101DC
:1045900023ACF1F41306800093074000930500005C
:1045A0001305C4052326F40023200400232204005D
:1045B000232404002322040623280400232A0400C1
:1045C000232C0400EF10C009B7070100375A008000
:1045D000B759008037590080B7540080130A8ADE2B
:1045E0009389C9E4130949ED9384C4F49387970030
:1045F00013068000930500001305440C2320440398
:10460000232234032324240323269402232AF4069A
:10461000232E8400232404062326040623280406CC
:104620002326040C232C0406232E0406232004082E
:10463000EF100003B70702001307840693872701D2
:104640001305C412130680009305000023244409B7
:104650002326340923282409232A9408232EF40C22
:104660002322E4082328040C232A040C232C040C02
:10467000232A04122320040E2322040E2324040ED2
:10468000EF00107E9307040D2328440F232A340FD4
:10469000232C240F232E940E8320C1012326F40EF5
:1046A0000324810183244101032901018329C100DD
:1046B000032A8100130101026780000083A781F5AE
:1046C000130101FE23263101232E1100232C81002A
:1046D000232A910023282101930905006386070EF0
:1046E000138901C39304F0FF832749000324890041
:1046F0009387F7FF63D807006F0000081304840650
:10470000638C97060317C4009387F7FFE31807FE2F
:10471000B707FFFF938717002326F4002322040620
:10472000232004002324040023220400232804005F
:10473000232A0400232C04001306800093050000A4
:104740001305C405EF00D07123280402232A0402B4
:1047500023220404232404048320C101130504003C
:104760000324810183244101032901018329C1001C
:10477000130101026780000003240900630604009E
:10478000130904006FF05FF69305C01A1385090042
:10479000EFF0CFD813040500630C05021305C50024
:1047A00093074000232004002322F4002324A400C4
:1047B0001306001A93050000EF00906A2320890079
:1047C000130904006FF05FF2EFF01FDA6FF05FF192
:1047D000232009009307C00023A0F9006FF0DFF742
:1047E00083274503638407006780000003A781F5E2
:1047F000B74700809387074F232AF502E31607FE89
:104800006FF09FD66780000067800000B74500808A
:10481000138601C39385454D130500006F00000EFC
:10482000B7450080138601C3938505561305000024
:104830006F00C00C130101FE232C8100232E1100F8
:10484000130405006306050083274503638C0700F6
:1048500013050400032481018320C1011301010217
:104860006F0080372326C1002324B100EFF05FF7EB
:1048700013050400032481010326C1008325810060
:104880008320C101130101026F000035130101FEF5
:10489000232A910083A441F4232C8100232E1100AC
:1048A00013040500138605006386040083A74403F0
:1048B0006380070293050400032481018320C10162
:1048C0001385040083244101130101026F00C030ED
:1048D000138504002326B100EFF09FF09305040038
:1048E000032481010326C1008320C1011385040034
:1048F00083244101130101026F00002E130101FD09
:1049000023202103232E3101232C4101232A51018D
:104910002328610123267101232611022324810209
:1049200023229102130B0500938B0500930A0600C6
:10493000130A0000930910001309F0FF83A44A0032
:1049400003A48A009384F4FF63C804028357C4005D
:1049500063FEF9008317E4009305040013050B00C0
:1049600063862701E7800B00336AAA009384F4FF73
:1049700013048406E39C24FD83AA0A00E3900AFC46
:104980008320C102032481028324410203290102FE
:104990008329C101832A4101032B0101832BC1001B
:1049A00013050A00032A8101130101036780000037
:1049B000130101FB232021053389C6029307C1019E
:1049C0002322F1029307100023248104232291045F
:1049D000232E3103232EB100232611042324F102B8
:1049E00023202103232621039309060013840600B4
:1049F000930405009305070063060500832745031C
:104A0000638607068397C500139727016342070251
:104A100003A74506B7E6FFFF9386F6FF372600009B
:104A2000B3E7C7003377D7002396F50023A2E50646
:104A30001306410213850400EF405025630805006A
:104A40008327C1023309F940335439038320C10459
:104A50001305040003248104832441040329010471
:104A60008329C10313010105678000002326E100AB
:104A7000EFF01FD78325C1006FF0DFF8130101FBB2
:104A800023229104B384C502232E310383A941F468
:104A90009307C1012322F10293071000232481040C
:104AA0002320210523261104232EA1002324F10213
:104AB0002320910223269102138905001304060086
:104AC000938506006386090083A74903638607066A
:104AD0008397C500139727016342070203A7450682
:104AE000B7E6FFFF9386F6FF37260000B3E7C7005F
:104AF0003377D7002396F50023A2E506130641027B
:104B000013850900EF409018630805008327C10250
:104B1000B384F44033D424038320C1041305040078
:104B20000324810483244104032901048329C1034C
:104B30001301010567800000138509002326D100B9
:104B4000EFF01FCA8325C1006FF09FF8130101FC2D
:104B50002324C1022326D1022328E102232AF102C1
:104B6000232C0103232E11031386050083258500C2
:104B700093068102232E11002326D100EF10803FDF
:104B80008320C101130101046780000003A341F4E5
:104B9000130101FC2324C1022326D1022322B102E6
:104BA0002328E102232AF102232C0103232E1103DF
:104BB00083258300930641021306050013050300B5
:104BC000232E11002326D100EF10C03A8320C1010B
:104BD0001301010467800000130101FE232C8100F2
:104BE000232E1100130405006306050083274503E7
:104BF00063800706832786009387F7FF2324F60048
:104C000063DC07000327860163CAE70293F7F50F09
:104C10001307A0006384E7028327060013F5F50F4E
:104C2000138717002320E6002380B7008320C101EB
:104C300003248101130101026780000013050400B1
:104C4000032481018320C101130101026F00803020
:104C50002326C1002324B100EFF09FB80326C10032
:104C6000832581006FF01FF9130101FE232A210122
:104C700003A941F4232C9100232E11009304050075
:104C800063060900832749036388070683A7850015
:104C90009387F7FF23A4F50063DC070003A78501D2
:104CA00063CCE70293F7F40F1307A0006386E702D3
:104CB00083A7050013F5F40F1387170023A0E50061
:104CC000238097008320C1018324810103294101AE
:104CD00013010102678000008320C10113860500D3
:104CE00013050900938504000329410183248101F0
:104CF000130101026F000026130509002326B100ED
:104D0000EFF01FAE8325C1006FF05FF8130101FCC7
:104D1000232C81021304050013850500232A910228
:104D2000232E110293840500EF00903BB7270180EA
:104D3000938747212324F102930710002326F102D1
:104D4000032744039307010293061500232AF10069
:104D500093072000232091022322A102232ED100B9
:104D6000232CF10083258400630007068397C50088
:104D7000139727016342070203A74506B7E6FFFF23
:104D80009386F6FF37260000B3E7C7003377D700D6
:104D90002396F50023A2E50613064101130504003E
:104DA000EF40C06E8320C103032481031335150037
:104DB0003305A0401375B500832441031305F5FFA7
:104DC0001301010467800000130504002326B100CD
:104DD000EFF01FA18325C1006FF05FF99305050077
:104DE00003A541F46FF09FF2130101FF232481001A
:104DF000138405008395E50023261100EF0000646D
:104E000063400502832704058320C100B387A70000
:104E10002328F404032481001301010167800000AA
:104E20008357C40037F7FFFF1307F7FFB3F7E70017
:104E30008320C1002316F400032481001301010123
:104E40006780000013050000678000008397C5009D
:104E5000130101FE232C8100232A91002328210124
:104E600023263101232E110013F7071013840500A8
:104E700093040500130906009389060063100704D4
:104E800037F7FFFF1307F7FFB3F7E7008315E400D9
:104E90002316F400032481018320C10193860900B5
:104EA000130609008329C1000329010113850400A9
:104EB00083244101130101026F0080648395E500A2
:104EC0009306200013060000EF00C0508317C400B3
:104ED0006FF01FFB130101FF2324810013840500E1
:104EE0008395E50023261100EF00C04E9307F0FFE5
:104EF0006308F5028357C400371700008320C10000
:104F0000B3E7E7009397070193D707412328A40449
:104F10002316F400032481001301010167800000BF
:104F20008357C40037F7FFFF1307F7FFB3F7E70016
:104F30009397070193D707418320C1002316F400FC
:104F40000324810013010101678000008395E500BF
:104F50006F004036130101FE232C8100232A9100AB
:104F600023282101232E1100130905009384050035
:104F700013040600630605008327450363800716B4
:104F8000832784010317C4002324F4009377870048
:104F90006380070883270401638C070623263101F9
:104FA0009316270193F9F40F93F4F40F63D80608CE
:104FB0000327040083264401B307F74063D8D70AC8
:104FC00083268400130617002320C4009386F6FF6F
:104FD0002324D400230037010327440193871700BB
:104FE0006302F70C8357C40093F71700639A070C0A
:104FF0008329C1008320C101032481010329010108
:10500000138504008324410113010102678000001D
:105010009305040013050900EF00000E631E050848
:105020000317C400232631018327040193162701A7
:1050300093F9F40F93F4F40FE3CC06F683264406B9
:1050400037E6FFFFB72500003367B7001306F6FF0A
:10505000B3F6C6002316E400032704002322D40677
:1050600083264401B307F740E3CCD7F4930504004B
:1050700013050900EF40C033631E05020327040037
:105080008326840093071000130617009386F6FF0B
:105090002320C4002324D400230037010327440124
:1050A000E312F7F49305040013050900EF404030C4
:1050B000E30005F48329C1009304F0FF6FF09FF330
:1050C0009307A000E396F4F293050400130509008A
:1050D000EF40002EE30E05F06FF0DFFDEFF04FF034
:1050E0006FF01FEA9307050003A541F4138605003E
:1050F000938507006FF01FE683A741F4130101FFBA
:10510000232481002322910023261100930405000B
:10511000138405006386070003A74703630C070E8B
:105120008317C40013F78700630A070603270401E7
:105130006306070893F61700638806028326440176
:105140002324040013050000B306D040232CD40010
:10515000630A07028320C1000324810083244100E5
:10516000130101016780000093F627001306000079
:1051700063940600032644012324C40013050000A1
:10518000E31A07FC13F70708E30607FC93E7070495
:105190002316F4001305F0FF6FF0DFFB13F7070190
:1051A0006300070813F74700631C07020327040185
:1051B00093E787002316F400E31E07F693F607280B
:1051C00013060020E388C6F6930504001385040047
:1051D000EF40C07C8317C400032704016FF09FF5E4
:1051E00083250403638E0500130704046388E50028
:1051F00013850400EF00D0278317C400232804027E
:105200000327040193F7B7FD232204002320E400C1
:105210006FF01FFA13850700EFF08FDC6FF05FF07F
:105220001307900023A0E40093E707042316F4007B
:105230001305F0FF6FF01FF29307300063FEC70203
:10524000B3E7A50093F73700639407029306300095
:105250006F0040011306C6FF130545009385450006
:1052600063FCC6000327050083A70500E304F7FEDF
:105270009306F6FF6F00C0009306F6FF6308060270
:1052800093861600B306D5006F0080006380A602E7
:105290008347050003C70500130515009385150016
:1052A000E386E7FE3385E7406780000013050000D2
:1052B00067800000130101FF232481002322910055
:1052C00013040500138505002326110023AE01F405
:1052D000EFB00FCC9307F0FF630CF5008320C10003
:1052E0000324810083244100130101016780000031
:1052F00083A7C1F5E38407FE8320C1002320F400C7
:105300000324810083244100130101016780000010
:1053100083A741F4638EA70A83254504130101FE88
:10532000232A9100232E110093040500638C0504A9
:105330002328210123263101232C81001309000099
:1053400093090008B387250103A40700630E040036
:10535000930504000324040013850400EF0050119A
:10536000E31804FE83A5440413094900E31C39FD36
:1053700013850400EF00D00F0324810103290101EC
:105380008329C10083A58403638605001385040077
:10539000EF00100E83A5C404638605001385040086
:1053A000EF00100D83A74403638C07008320C10125
:1053B0001385040083244101130101026780070063
:1053C0008320C10183244101130101026780000091
:1053D00067800000130101FF13870500232481006B
:1053E000232291009305060013040500138606008E
:1053F000130507002326110023AE01F4EFB04FC7B9
:105400009307F0FF630CF5008320C10003248100A3
:1054100083244100130101016780000083A7C1F5C7
:10542000E38407FE8320C1002320F40003248100CD
:10543000832441001301010167800000130101FF73
:105440001387050023248100232291009305060081
:105450001304050013860600130507002326110018
:1054600023AE01F4EFB0CFC49307F0FF630CF50057
:105470008320C10003248100832441001301010122
:105480006780000083A7C1F5E38407FE8320C10085
:105490002320F4000324810083244100130101012F
:1054A00067800000130101FF232481002322910063
:1054B00013040500138505002326110023AE01F413
:1054C000EFB00FCF9307F0FF630CF5008320C1000E
:1054D000032481008324410013010101678000003F
:1054E00083A7C1F5E38407FE8320C1002320F400D5
:1054F000032481008324410013010101678000001F
:10550000130101FF1387050023248100232291004A
:105510009305060013040500138606001305070013
:105520002326110023AE01F4EFB08FBF9307F0FFE5
:10553000630CF5008320C100032481008324410013
:10554000130101016780000083A7C1F5E38407FE12
:105550008320C1002320F400032481008324410020
:105560001301010167800000130101FF2324810062
:10557000B737018037340180232021019387078FBB
:105580001307048F23261100232291003389E7405B
:105590006382E702135929401304048F9304000027
:1055A000832704009384140013044400E780070059
:1055B000E3E824FF37340180B73701809387078FF2
:1055C0001307048F3389E740135929406380E702AA
:1055D0001304048F930400008327040093841400B1
:1055E00013044400E7800700E3E824FF8320C100A0
:1055F00003248100832441000329010013010101D8
:1056000067800000130101FF23248100B737018068
:10561000373401809387078F1304048F3304F440D9
:105620002322910023261100935424406380040216
:105630001304C4FF3304F400832704009384F4FFAD
:105640001304C4FFE7800700E39804FE8320C10031
:1056500003248100832441001301010167800000BD
:105660001303F00013070500637EC3029377F7006E
:105670006390070A63920508937606FF1376F60097
:10568000B386E6002320B7002322B7002324B70007
:105690002326B70013070701E366D7FE631406004D
:1056A00067800000B306C34093962600970200006F
:1056B000B38656006780C6002307B700A306B7006D
:1056C0002306B700A305B7002305B700A304B7005E
:1056D0002304B700A303B7002303B700A302B70056
:1056E0002302B700A301B7002301B700A300B7004E
:1056F0002300B7006780000093F5F50F93968500AF
:10570000B3E5D50093960501B3E5D5006FF0DFF65C
:105710009396270097020000B386560093820000FC
:10572000E78006FA93800200938707FF3307F7406C
:105730003306F600E378C3F66FF0DFF3B3C7A500D6
:1057400093F73700B308C50063940706930730004A
:1057500063F0C7069377350013070500639A0706C1
:1057600013F6C8FFB306E6409307000263CED708DE
:1057700093860500930707006378C70203A8060015
:10578000938747009386460023AE07FFE3E8C7FEF2
:105790009307F6FFB387E74093F7C7FF9387470068
:1057A0003307F700B385F5006368170167800000D1
:1057B000130705006378150583C705001307170055
:1057C00093851500A30FF7FEE398E8FE67800000BD
:1057D00083C605001307170093773700A30FD7FE82
:1057E00093851500E38E07F683C60500130717009F
:1057F00093773700A30FD7FE93851500E39A07FC34
:105800006FF01FF667800000130101FF232681005F
:105810001304000283A3050083A2450083AF850023
:1058200003AFC50083AE050103AE450103A38501A7
:1058300003A8C50183A6050213074702B307E64084
:10584000232E77FC232057FE2322F7FF2324E7FF94
:105850002326D7FF2328C7FF232A67FE232C07FF11
:10586000232ED7FE93854502E346F4FA938605007E
:10587000930707006378C70203A8060093874700D1
:105880009386460023AE07FFE3E8C7FE9307F6FFC3
:10589000B387E74093F7C7FF938747003307F700C5
:1058A000B385F500636817010324C10013010101EA
:1058B0006780000083C70500130717009385150054
:1058C000A30FF7FEE382E8FE83C705001307170066
:1058D00093851500A30FF7FEE39EE8FC6FF0DFFC55
:1058E0009377350013070500639C0704B7867F7F15
:1058F0009386F6F79305F0FF03260700130747008A
:10590000B377D600B387D700B3E7C700B3E7D700B4
:10591000E384B7FE8346C7FFB307A740638406044A
:105920008346D7FF638C06020345E7FF3335A000AB
:105930003305F5001305E5FF67800000E38806FAEC
:10594000834707001307170093763700E39807FE95
:105950003307A7401305F7FF678000001385D7FFC3
:10596000678000001385C7FF6780000083A701F6EA
:10597000638C070403A747001308F0016340E8089D
:105980001318270063060502338307012324C30885
:1059900083A88718130610003316E600B3E8C80082
:1059A00023A417192324D310930620006306D502DD
:1059B0001307170023A2E700B387070123A4B7004A
:1059C00013050000678000001388810C23A001F7F5
:1059D0009387810C6FF01FFA83A6C718130717006F
:1059E00023A2E700B3E6C60023A6D718B3870701B2
:1059F00023A4B70013050000678000001305F0FF23
:105A000067800000130101FD232C410123202103A5
:105A100003A901F6232611026308090A232E310186
:105A2000232A5101232861012326710123248102A5
:105A30002322910223248101130B0500938B05007F
:105A40009309F0FF930A1000832449001384F4FFA4
:105A5000634E040493942400B304990063900B08EC
:105A60008327490083A644009387F7FF638C870A46
:105A700023A20400638606028327891833978A00CD
:105A8000032C4900B377F70063960706E78006000A
:105A90000327490083A701F663108709639E270740
:105AA0001304F4FF9384C4FFE31A34FB032481023C
:105AB000832441028329C101832A4101032B01016F
:105AC000832BC100032C81008320C1020329010222
:105AD000032A8101130101036780000083A744109A
:105AE000E38077F91304F4FF9384C4FFE31834FFD1
:105AF0006FF0DFFB8327C91883A544083377F700CD
:105B00006316070213050B00E78006000327490010
:105B100083A701F6E30487F9E38A07F813890700EE
:105B20006FF09FF2232289006FF0DFF413850500E8
:105B3000E78006006FF0DFF5130101FE2326310137
:105B4000B7390180232C8100232A910023282101C9
:105B500023244101232E1100138A05001309050097
:105B600093898991EFE09F9603A78900B7170000FA
:105B70009387F7FE832447003717000093F4C4FF90
:105B80003384F400330444411354C4001304F4FF79
:105B90001314C400634EE4009305000013050900CC
:105BA000EFF05F9083A78900B38797006308F50241
:105BB00013050900EFE0DF918320C1010324810177
:105BC00083244101032901018329C100032A8100A3
:105BD000130500001301010267800000B305804037
:105BE00013050900EFF01F8C9307F0FF6308F5041D
:105BF000938781F603A7070083A68900B3848440B6
:105C000093E41400330787401305090023A296008C
:105C100023A0E700EFE0DF8B8320C1010324810193
:105C200083244101032901018329C100032A810042
:105C300013051000130101026780000093050000A6
:105C400013050900EFF01F8603A789009306F000F3
:105C5000B307E540E3DEF6F483A6C1F393E717004C
:105C60002322F7003305D54023A4A1F66FF05FF49B
:105C700063820518130101FF232481002322910070
:105C8000138405009304050023261100EFE01F8410
:105C90000325C4FF130784FFB73501809377E5FF21
:105CA0003306F700938585918326460003A8850077
:105CB00093F6C6FF6302C81A2322D6001375150097
:105CC0003308D6006310050A032384FF0328480025
:105CD0003735018033076740832887001305059215
:105CE000B3876700137818006382A8140323C700E2
:105CF00023A66800232413016306081A93E61700FD
:105D00002322D7002320F6009306F01F63ECF6064B
:105D100093F687FF9386860003A54500B386D500DA
:105D200003A6060013D8570093071000B397070186
:105D3000B3E7A700138586FF2326A7002324C70007
:105D400023A2F50023A0E6002326E6000324810019
:105D50008320C10013850400832441001301010145
:105D60006FE00FF70325480013751500630605085B
:105D700093E61700232ED4FE2320F6009306F01F8F
:105D8000E3F8F6F893D69700130640006360D61246
:105D900093D6670013859603138686031315350083
:105DA0003385A50083260500130585FF6318D500FC
:105DB0006F00401583A686006308D50003A6460041
:105DC0001376C6FFE3E8C7FE03A5C6002326A70097
:105DD0002324D700032481002324E5008320C1006D
:105DE000138504008324410023A6E600130101016A
:105DF0006FE00FEE6780000037350180B387D70072
:105E00001305059283268600638CA60C0328C60022
:105E100013E517003306F70023A606012324D80054
:105E20002322A7002320F6006FF01FEE631C081248
:105E3000832586000326C600B386F60093E7160086
:105E400023A6C5002324B6002322F7003307D7007A
:105E50002320D7006FF09FEF13751500B386D7008E
:105E600063100502032584FF3307A7408327C7007B
:105E700003268700B386A6002326F60023A4C700C6
:105E800013E6160083A701F42322C70023A4E5002C
:105E9000E3EEF6EA83A541F513850400EFF0DFC9D0
:105EA0006FF0DFEAB387D7006FF0DFF5130640012C
:105EB0006370D602130640056364D60693D6C70006
:105EC0001385F6061386E606131535006FF05FEDB1
:105ED0001385C6051386B605131535006FF05FEC04
:105EE00023AAE50023A8E50093E617002326A700D0
:105EF0002324A7002322D7003307F7002320F7002D
:105F00006FF0DFE403A84500135626409307100006
:105F1000B397C700B3E7070123A2F5006FF01FEBAB
:105F200013064015636CD60093D6F70013858607D9
:105F300013867607131535006FF09FE6130640555C
:105F4000636CD60093D627011385D6071386C60740
:105F5000131535006FF0DFE41305803F1306E007EB
:105F60006FF01FE493E617002322D7002320F600EA
:105F70006FF0DFDD130101ED2326111223229112B0
:105F8000232A511123267111938A050093040600D8
:105F90002324D100930B0500EF30507E83270500AA
:105FA000138507002322F102EFF09F932320A10223
:105FB00063880B0083A74B03639407006F10407343
:105FC0008397CA00139727016346070203A74A066F
:105FD00037260000B7E6FFFFB3E7C7009386F6FF5A
:105FE0009397070193D707413377D7002396FA0099
:105FF00023A2EA0613F787006302072E03A70A010C
:10600000630E072C93F7A7011307A000638AE72EFE
:10601000B72701802328611123248111130B010B61
:106020009387C725372C018023248112232C41110B
:10603000232EB10F23202113232E3111232291115E
:106040002320A111232E6107232201082320010808
:10605000232A0100232C0100232E010013040B002E
:106060002324010223280102232201002326F10018
:10607000130A0001130C0C3D23207101938D0400C1
:1060800083C70D00638C071E93840D001307500215
:106090006386E72A83C7140093841400E39A07FEFB
:1060A0003389B441638CB41D032741088327010859
:1060B0002320B401330727019387170023222401EB
:1060C0002322E1082320F108130770001304840041
:1060D000634EF7260327410083C7040033072701D7
:1060E0002322E100638C071893841400A30F01049A
:1060F0009309F0FF930B000013090000930680053D
:1061000003CD0400938D140093070DFE63E6F6049F
:106110000327C10093972700B387E70083A70700F1
:1061200067800700930B000093070DFD1306900096
:1061300003CD0D0013972B00B30B7701939B1B002E
:10614000B38B770193070DFD938D1D00E372F6FE6F
:1061500093070DFEE3FEF6FA63020D122304A10974
:10616000A30F01041307100093041000930C81087F
:10617000130F09009309000023280100930F00006A
:1061800093724F080329410863960200B387EB40DE
:10619000E342F0448347F105638A0702832701083D
:1061A0009306F1052320D40013091900930610006B
:1061B000938717002322D400232221092320F108EA
:1061C000930670001304840063C0F61A638A0F02FA
:1061D00083270108930601062320D4001309290010
:1061E00093062000938717002322D400232221093D
:1061F0002320F1089306700013048400E3CEF64ECA
:1062000093070008E38AF208B3899940E34E3019F6
:1062100093770F106394077483270108330999005B
:10622000232094019387170023229400232221091D
:106230002320F1089306700063CCF6201304840039
:10624000137F4F0063060F00B384EB40E342904E90
:1062500013830B0063D4EB00130307008327410073
:10626000B38767002322F100E31A092283C70D00D8
:106270002320010813040B00E39807E0832741085B
:10628000832B0100638407006F10407583D7CA0019
:10629000032481120329011293F707048329C111F2
:1062A000032A8111032B0111032C8110832C41102F
:1062B000032D0110832DC10F638407006F10901D03
:1062C0008320C1120325410083244112832A4111F6
:1062D000832BC110130101136780000093850A000E
:1062E00013850B00EFE05FE1630405006F10901A67
:1062F0008397CA001307A00093F7A701E39AE7D09A
:106300008397EA00E3C607D0832681008320C11269
:106310001386040093850A0083244112832A4111C5
:1063200013850B00832BC110130101136F1010385C
:106330001369090193840D006FF09FDC3389B44128
:10634000E394B4D783C704006FF0DFD903250100BD
:106350001306C10793850A00EF105054E31805F2A5
:1063600013040B006FF01FD7032501001306C107AC
:1063700093850A00232EE102232CE103232A5102F4
:106380002326F103EF109051E31205F00329410891
:106390000327C103032F810383224103832FC102FB
:1063A00013040B006FF09FE283270108B7260180DA
:1063B000938686252320D400130919009306100024
:1063C000938717002322D400232221092320F108D8
:1063D000930670001304840063D4F6006F108010DD
:1063E000630406006F1080458326410193771F00E8
:1063F000B3E7D700E38607E483274102832601023F
:106400002320F40083270108B38526012322D4002A
:10641000938717002322B1082320F1089306700008
:1064200063D4F6006F108064130484008326410156
:1064300093871700232094013389B6002322D400C8
:10644000232221092320F10893067000E3D8F6DE09
:10645000032501001306C10793850A002326E102E4
:106460002328E101EF109043E31205E203294108DC
:10647000032F01010327C10213040B006FF05FDC3F
:1064800093778900E39C07608327810093877700D7
:1064900093F787FF03A7070093878700232CE1006A
:1064A00003A7C7FF2324F100232EE100832CC101A1
:1064B00003A781EE8326810183A7C1EE93941C007C
:1064C00093D4140013850600938504001306070077
:1064D00093860700EF90D017630405006F10000447
:1064E0008326810103A781EE83A7C1EE13850600F1
:1064F000938504001306070093860700EF80D006FB
:106500006344A0006F1080010327810193850C0074
:10651000130600001305070093060000EF80D00467
:10652000635405006F1040438346F10593077004E0
:1065300063D4A7016F108041B72C0180938C8C210C
:1065400023280100137FF9F713073000930430006C
:10655000930900006384060013071700937F2F0040
:10656000E3800FC213072700930F20006FF05FC175
:10657000832681009377090103A7060093864600CE
:106580002324D1006392071293760904930707002E
:10659000E390064E634E07108346F10563C4090479
:1065A000137FF9F7631E070213071000639E09208B
:1065B000E314073C93741900930C0B0063820404EA
:1065C00093070003A307F10A930CF10A1387040051
:1065D00063CC340323280100E39006F86FF01FF822
:1065E00013090F0013079000E364F76C9387070308
:1065F000A307F10A130F090093041000930CF10A8A
:1066000013870400E3D834FD138709002328010011
:106610006FF09FFC8327810083AB070093874700BF
:106620002324F100E3D80BD0B30B70411369490068
:1066300093840D006FF0DFAC03CD0D009307A00233
:10664000938D1D006314FD006F10807D93070DFD79
:1066500093059000130700001306900093090000B3
:10666000E3E4F5AA03CD0D0093192700B389E900EF
:10667000939919003387F90093070DFD938D1D0041
:10668000E372F6FE93090700E35007A89309F0FFB1
:106690006FF09FA7832781001369090103A70700F3
:1066A000938747002324F10093070700E35607EE82
:1066B000B307E0409306D002130710006F00000AF2
:1066C0001369090893840D006FF09FA313690904EF
:1066D00093840D006FF0DFA203278100A30F010454
:1066E0009304100083270700130747002324E100C9
:1066F0002304F10813071000930C81086FF05FA7C3
:106700009307B002A30FF10493840D006FF05F9F15
:106710001369190093840D006FF09F9E8347F10564
:10672000E39A07C093070002A30FF10493840D00BE
:106730006FF01F9D1369890093840D006FF05F9CBB
:106740000327810013690901832707001307470006
:106750002324E1001307100093060000A30FD104C7
:1067600063C80900137FF9F7E38207E413090F00F8
:1067700013061000E308C7E6130620006306C706E9
:10678000930C0B0013F7770013070703A38FECFE9E
:1067900093D7370013860C00938CFCFFE39407FE1D
:1067A0009377190063840706930700036300F706D5
:1067B0001306E6FFA38FFCFEB304CB40130F0900C2
:1067C000930C06006FF0DFE3930710006314F700EB
:1067D0006F10C03F9307200013090F006304F700F8
:1067E0006F1000219307000003268102930C0B0019
:1067F00013F7F7003307E6000347070093D7470076
:10680000938CFCFF2380EC00E39407FEB3049B41D0
:10681000130F09006FF0DFDE032781001369090100
:1068200083270700130747002324E1001307000014
:106830006FF09FF2832681001377090183A706007A
:10684000938646002324D100E31607F0137709044A
:10685000E30207F09397070193D70701130710008E
:106860006FF09FEF83278100A30F010483AC070023
:1068700013884700E3800C322324010163D409000C
:106880006F104007138609009305000013850C0064
:10689000EF30805103288100631405006F10803AA7
:1068A000B30495418346F10513C7F4FF1357F7412D
:1068B000232401012328010033F7E400130F09000A
:1068C00093090000E39A06C86FF05FC98326810030
:1068D00037870000130707832310E106138746005C
:1068E0002324E100372701801307C7232324E10273
:1068F00083A706001369290013072000130D8007E2
:106900006FF09FE5832681001377090183A70600B6
:10691000938646002324D100E31A07F01377090475
:10692000E30607F09397070193D7070113070000C9
:106930006FF09FE293770901E384071483278100B6
:106940000327410083A7070023A0E70083278100D6
:10695000938747002324F1006FF08FF293075006CE
:1069600063DAA735832681018327C101130600005E
:10697000138506009385070093060000232AE10291
:106980002326E103EF808025032FC1020327410363
:106990006316056683270108B7260180938686253E
:1069A0002320D400130919009306100093871700C1
:1069B0002322D400232221092320F108930670000A
:1069C00013048400E3C0F64C83274106832641016B
:1069D000E3D8D708832741028326010213048400E9
:1069E000232CF4FE832701083309D900232ED4FE7B
:1069F00093871700232221092320F10893067000B2
:106A0000E3CCF60E832741019384F7FFE35A90828B
:106A1000930600018327010863C496006F10003DB0
:106A2000B72601809386063D2326E102032D01004F
:106A3000130704009309000113840400930C7000F1
:106A40002328E101938406006F00C000130404FFB3
:106A5000E3D6894A13090901938717002320970079
:106A600023223701232221092320F108130787005D
:106A7000E3DEFCFC1306C10793850A0013050D0035
:106A8000EF10C061E3140580032941088327010842
:106A900013070B006FF09FFBB387EB406356F0F6D4
:106AA000930600010326010863C4F6006F10C01DA1
:106AB000B72601809386063D232A9102930509009B
:106AC0009308000113090700930F700013070400D7
:106AD0002326E10313840700938406006F00C0009F
:106AE000130404FF63DA8804938505011306160076
:106AF00023209700232217012322B1082320C10855
:106B000013078700E3DECFFC032501001306C1074E
:106B100093850A00EF108058631A05F69308000168
:106B2000130404FF832541080326010813070B0003
:106B3000930F7000E3CA88FA93860400032FC10202
:106B4000832441039307040013040700130709007B
:106B5000138905003309F900130616002322F400F7
:106B60002320D400232221092320C1089307700089
:106B70001304840063DAC7E8032501001306C10784
:106B800093850A00232AE1022326E103EF10005136
:106B9000631E05EE0329410803274103032FC102A9
:106BA00013040B006FF04FE6B7260180832701081E
:106BB0009386063D635A3A099306090093087000CC
:106BC000130907002326E1031307040013840900B7
:106BD00093090C006F00C000130404FF63588A047B
:106BE00093860601938717002320870123224701FC
:106BF0002322D1082320F10813078700E3DEF8FCE5
:106C0000032501001306C10793850A00EF10004910
:106C1000631E05E6130404FF832641088327010849
:106C200013070B0093087000E34C8AFA032FC1028C
:106C300013860900930904001304070013070900D1
:106C4000138906009306060033093901938717005C
:106C50002320D40023223401232221092320F108F8
:106C6000930670001304840063D4F6DA0325010050
:106C70001306C10793850A00232AE1022326E103B4
:106C8000EF10C041631405E00329410803274103C5
:106C9000032FC10213040B006FF08FD703250100EF
:106CA0001306C10793850A00EF10403F630005DC1F
:106CB0006FF0CFDD83240108832641019307100084
:106CC000232094011309190093841400930984006C
:106CD00063DAD74A930710002322F4002322210904
:106CE000232091089307700063CC977483270102D7
:106CF00083264102938414003309F90023A2F9008A
:106D000023A0D90023222109232091089307700092
:106D10009389890063C297768327C1018326810105
:106D200013060000938507008327410113850600A1
:106D3000930600002326E1022328E1011384F7FFD4
:106D4000EF70D069032F01010327C10263040548D6
:106D5000938C1C00938414003309890023A09901AB
:106D600023A2890023222109232091089307700080
:106D700093898900E3C29714832601039307C10610
:106D8000938414003389260123A0F90023A2D9009B
:106D9000232221092320910893077000138489007E
:106DA00063D097CA032501001306C10793850A0023
:106DB0002326E1022328E101EF10402E631805CCC1
:106DC000032941080327C102032F010113040B000B
:106DD0006FF00FC79306000103260108E3D6F6689B
:106DE000B72601809386063C232E91029305090065
:106DF00093080001130907009303700013070400B0
:106E00002326F103232A5102232CE10313840700D4
:106E1000938406006F00C000130404FF63DA880443
:106E200093850501130616002320970023221701DE
:106E30002322B1082320C10813078700E3DEC3FC27
:106E4000032501001306C10793850A00EF100025F2
:106E5000631E05C293080001130404FF8325410843
:106E60000326010813070B0093037000E3CA88FA96
:106E700093860400832FC10283224103032F8103E1
:106E80008324C103930704001304070013070900B8
:106E9000138905003309F900130616002322F400B4
:106EA0002320D400232221092320C1089307700046
:106EB0001304840063D0C7AE032501001306C10785
:106EC00093850A00232EE102232CE103232A510299
:106ED0002326F103EF10801C631A05BA0329410829
:106EE0000327C103032F810383224103832FC102A0
:106EF00013040B006FF00FAA032501001306C1074E
:106F000093850A00232CE102232AE1032326510260
:106F1000EF10C018631C05B603294108032781033D
:106F2000032F41038322C10213040B006FF04FAD06
:106F30009306000183270108E3D29654B726018007
:106F40009386063C138D040093090001930C700096
:106F50002328E100938406006F00C000130D0DFF8D
:106F600063D6A9051309090193871700232094000C
:106F700023223401232221092320F1081304840051
:106F8000E3DEFCFC032501001306C10793850A001C
:106F9000EF10C010631C05AE130D0DFF032941084F
:106FA0008327010813040B00E3CEA9FB032701018B
:106FB0009386040093040D0033099900938717000A
:106FC0002320D40023229400232221092320F10826
:106FD0009306700063DEF6A6032501001306C107C1
:106FE00093850A002328E100EF10400B631005AAE7
:106FF00003294108032701016FF08FA503264106ED
:107000006354C0BA83274101832601019389070095
:1070100063C8F62C6356300383270108330939010E
:10702000232094019387170023223401232221096E
:107030002320F1089306700013048400E3CEF61AAF
:1070400093C7F9FF93D7F741B3F9F90083270101FB
:10705000B389374163403037832641068327410196
:1070600063D6F62883274102032601021304840015
:10707000232CF4FE832701083309C900232EC4FE04
:1070800093871700232221092320F108130670009B
:10709000E342F6308327410103260101B386D7403E
:1070A000B389C74063D4360193890600635A30031D
:1070B000832701010326010833093901B38CFC0041
:1070C00013061600232094012322340123222109D0
:1070D0002320C1089307700013048400E3C0C73263
:1070E00013C6F9FF1356F641B3F7C900B384F6404F
:1070F000635890949306000183270108E3D8964EC5
:10710000B72601809386063D2326E102032D010068
:10711000130704009309000113840400930C70000A
:107120002328E101938406006F00C000130404FFCC
:1071300063D6895C13090901938717002320970000
:1071400023223701232221092320F1081307870076
:10715000E3DEFCFC1306C10793850A0013050D004E
:10716000EF00D073631405920329410883270108B7
:1071700013070B006FF09FFB93040000930C0B00B0
:107180006FF00FC893761F00E39606B42322F40035
:10719000232221092320910893077000E3DE97BC86
:1071A000032501001306C10793850A002326E10287
:1071B0002328E101EF00906E631A058C0329410832
:1071C000832401080327C102032F010193090B0047
:1071D0006FF09FBA8326410193071000E3DED7B812
:1071E00093071001E3DED73EB72601809386063D64
:1071F00093870900930C000193090700130D700099
:10720000130709002328E101138906006F00C0005D
:10721000130404FF63DA8C701307070193841400CE
:1072200023A0270123A297012322E108232091080C
:1072300093878700E35E9DFC032501001306C107C9
:1072400093850A00EF009065630405006FF00F84DA
:10725000032741088324010893070B006FF05FFBAD
:1072600093771F00639407006FE09FFD6FF08FF628
:107270001317070113570741930707006FF00FC358
:10728000937F0904638C0FEA832781000327410061
:1072900083A707002390E7006FF04FEB03278100DF
:1072A00013050104832707009304470003A7070081
:1072B0002320E10403A747002322E10403A787005A
:1072C0002324E10483A7C7002326F104EF80905D07
:1072D000232CA100232EB100232491006FF00F9DD9
:1072E00093890600E34A30D36FF09FD593771F0050
:1072F000E38207DA6FF01FD7032501001306C107E9
:1073000093850A002326E1022328E101EF001059AA
:10731000630405006FE09FF7032941080327C102BA
:10732000032F010113040B006FF0CFEDB72701808D
:10733000938787222324F102832681001377090192
:1073400083A70600938646002324D100631A070012
:1073500013770904630607009397070193D7070182
:107360009376190013072000638806BE638607BE64
:10737000930600032300D106A300A1071369290087
:107380006FF08FBDB72701809387C7232324F102B5
:107390006FF09FFA930760009384090063E83769F0
:1073A000B72C01801387040023240101938C0C2542
:1073B0006FE01FDC9306000183270108E3DC36251C
:1073C000B7260180930507009386063D1307040046
:1073D0001306090013840900130D000193047000C3
:1073E0002326E10313890600938905006F00C0007E
:1073F000130404FF635A8D56130606019387170082
:10740000232027012322A7012322C1082320F108DA
:1074100013078700E3DEF4FC032501001306C10710
:1074200093850A00EF009047630405006FE01FE6B4
:10743000032641088327010813070B006FF05FFB49
:10744000032501001306C10793850A002326E102E4
:107450002328E101EF009044630405006FE01FE37F
:1074600003294108832401080327C102032F0101D6
:1074700093090B006FF09F87032501001306C107D6
:1074800093850A002326E1022328E101EF00104141
:10749000630405006FE09FDF03294108832401088E
:1074A0000327C102032F010193090B006FF0DF8650
:1074B000930C0B001306A0001305900033F7C702CE
:1074C000938CFCFF93850700130707032380EC00D0
:1074D000B3D7C702E364B5FEB3049B41130F0900A1
:1074E0006FF00F92032501001306C10793850A0070
:1074F0002326E1022328E101EF00503A630405004E
:107500006FE0DFD803264106032941080327C102A3
:10751000032F010113040B006FE09FEC032881018E
:107520008327C1011306080013050800938607008E
:1075300093850700EF80D011E31205021377FDFD5C
:107540009307F0FF2326E102136F09106388F96E99
:10755000930770046302F7688327C1019302000058
:107560009384070063C0074E9307600613870900E2
:10757000930630006310FD4E032681011308810637
:107580009307410613050600930505000325010036
:107590009308410713860400232A5102232AE1019C
:1075A0002328E100EF209071032701019307600673
:1075B000032F410183224103930C05003308E500AA
:1075C000631CFD0083C60C00930700036380F6561E
:1075D000832741063308F80083278101938504003F
:1075E000130600001385070093060000232A5102AA
:1075F000232A01012328E101EF70405E032F0101DE
:107600000328410183224103630605428327410782
:1076100063FE07019306000313871700232AE10680
:107620002380D70083274107E3E807FF03274106AC
:107630002328E100B3879741232AF1008327C10261
:10764000130770046384E714930760066312FD1840
:107650000327010193771900B3E737016356E07EF2
:10766000639C077283240101130D600613870400D5
:10767000638802509307D002A30FF104930900001E
:107680006FE09FED032501001306C10793850A00F3
:107690002326E1022328E101EF00502063040500C6
:1076A0006FE0DFBE032941080327C102032F010158
:1076B00013040B006FF04FB1032501001306C1073F
:1076C00093850A002326E1022328E101EF00101D23
:1076D000630405006FE09FBB032941088324010870
:1076E000032F01010327C10293090B006FF0CFE8BC
:1076F00013850B00EFD0CF8E6FE09F8C9386040034
:10770000032F010193040400130407000327C1029F
:1077100033099900938717002320D4006FE0DFB06E
:1077200063CC07688324C101930200009309100011
:1077300003278101930741069308410713050700BA
:10774000930505000325010013088106138709002E
:107750009306200013860400232A51002328E10108
:10776000EF20D05593771900032F010183224101A7
:10777000930C050063900750832741062328F100EE
:1077800083274107B387A740232AF100032701017C
:107790009307D0FF634CF70263CAE90283274101D4
:1077A00003270101634CF750937F190083270101E0
:1077B00063960F5C13C7F7FF1357F74133F7E700E2
:1077C00093840700130D70066FF09FEA130DEDFF11
:1077D000032701012306A1079307B0029308F7FFCF
:1077E0002322110763CC0832A306F1069307900009
:1077F00063C0172D9387080313070003A307F1063F
:10780000930740002307E1062328F10203274101E3
:107810008326010393071000B304D70063D2E7481F
:107820008327010223280100B384F40013C7F4FF67
:107830001357F74133F7E4006FF09FE383274102CA
:107840008326010213048400232CF4FE83270108FD
:10785000B3852601232ED4FE938717002322B10877
:107860002320F1089306700063C2F62063440600EB
:107870006FE0DFBB930600FFB304C0406356D660E1
:10788000B72601809386063D2328E1009309000175
:107890001307040013097000130D0F001384060072
:1078A0006F00C000938404FF63D49944938505015D
:1078B0009387170023208700232237012322B10852
:1078C0002320F10813078700E35EF9FC032501007C
:1078D0001306C10793850A00EF00407C630405008E
:1078E0006FE0DF9A832541088327010813070B0007
:1078F0006FF05FFB13850C00EFD09FFE8346F10510
:107900001347F5FF1357F74123280100930405009F
:107910003377E500130F0900930900006384060024
:107920006FE09FC36FE09FC3032F0101930609001F
:107930001309070013870900938907003309890099
:107940009384140023A0D9006FF08FC1B72C01805D
:10795000938CCC216FE0DFBE9307D002A30FF1041C
:107960009306D0026FE09FBC032FC10293850900EC
:107970009306090093090400130906001304070085
:107980001387050033093901938717002320D4009A
:1079900023223401232221092320F10893067000B9
:1079A0001304840063DAF6EA032501001306C10715
:1079B00093850A00232AE1022326E103EF00006EEB
:1079C000630405006FE09F8C0329410803274103EE
:1079D000032FC10213040B006FF00FE81306C10759
:1079E00093850A0013850B00EF00406B6FE01F8A40
:1079F000930700006FE0DFD8032501001306C107DD
:107A000093850A00232AE1022326E103EF0000699F
:107A1000630405006FE09F870329410803274103A2
:107A2000032FC10213040B006FF08FE19304600079
:107A30006FF01F97832741062328F1009307080062
:107A40006FF05FBFB7040080B3C4F4009302D002AC
:107A50006FF09FB10327C10293075004E31AF7CCDC
:107A600013871900930620006FF01FB10325010052
:107A70001306C10793850A002326E1022328E101AA
:107A8000EF00C061630405006FE05F8003264106DC
:107A900083254108832701080327C102032F010121
:107AA00013040B00634406006FE05F986FF09FDCE7
:107AB0001305B107930605001306A000130830064E
:107AC00033E7C80293870600938508009386F6FF84
:107AD00013070703A38FE7FEB3C8C802E342B8FE4B
:107AE000938808031387E7FFA38F16FF6378A738EF
:107AF0009306E10603460700130717009386160056
:107B0000A38FC6FEE318A7FE1307010FB307F740C4
:107B10009387F7F82328F1026FF05FCF93071000E7
:107B2000B388E7409307D0026FF01FCC8326810112
:107B300093850400130600001385060093060000D9
:107B4000232C5102232A0103232AE1002328E101E7
:107B5000EF70C008032F01010327410103284103EF
:107B60008322810363140526832741063308F80026
:107B70002328F100B3079841232AF1006FF05FAD8D
:107B80008346F10593090000638406006FE0DF9CE3
:107B90006FE0DF9C032501001306C10793850A00EF
:107BA000232AE1022326E103EF00404F630405008E
:107BB0006FE0CFED832641060329410803274103E7
:107BC000032FC10213040B006FF0CFCC13090F0079
:107BD000930700006FE09FA18327C101E38209B4EE
:107BE0009384070093020000E3D407B4B704008035
:107BF000B3C4F4009302D0026FF09FB303250100D9
:107C00001306C10793850A002326E1022328E10118
:107C1000EF00C048630405006FE04FE7832641068C
:107C200083274101032941080327C102032F0101D2
:107C300013040B00B386D7406FF08FCA930960001E
:107C40006FF09F918346F1052328010013870900F7
:107C500093840900130F0900930900006384060050
:107C60006FE09F8F6FE09F8FB72601809386063C61
:107C70006FF04FA2330835016FF01F96B7260180D1
:107C80009386063C6FF04FB3B72601809386063D7E
:107C90006FE05FEC9307F0FF2322F1006FE04FE20B
:107CA000937719002328F100E39C07B613C7F4FF6C
:107CB0001357F74133F7E4006FF09F9B832741018F
:107CC00003270102B384E700832701016348F00022
:107CD000832701013388F4409304180013C7F4FF8D
:107CE0001357F74133F7E400130D70066FF05F98F8
:107CF000930604001304070003270101130F0D006E
:107D0000B3859500938717002320D4002322940085
:107D10002322B1082320F1089306700063C4F60003
:107D20006FE08FF0032501001306C10793850A0059
:107D30002326E1022328E101EF0040366304050019
:107D40006FE0CFD483254108832701080327C102B0
:107D5000032F010113040B006FE04FED8327C101D6
:107D600063C2070A8346F1059307700463C6A70937
:107D7000B72C0180938C0C226FE08FFC032701024B
:107D8000130D7006B384E70013C7F4FF1357F741D0
:107D900033F7E4006FF0DF8D832701023388E900B9
:107DA000130D6006B304F80013C7F4FF1357F7412F
:107DB00033F7E4006FF0DF8BB7040080B3C4F40046
:107DC0009302D002930910006FF09F969307100062
:107DD000B387E7402322F1063308F8006FF0CFFFA6
:107DE000B72601809386063D6FF05FB5B726018008
:107DF0009386063D6FF0DF91B72C0180938C4C2267
:107E00006FE00FF49307D002A30FF1049306D002A2
:107E10006FF09FF5B72601809386063D6FF09FB601
:107E20008327810083A907009387470063C809005F
:107E30002324F10093840D006FE08FAC9309F0FFD1
:107E40002324F1006FF01FFF639A0700130710004F
:107E5000130D6006930410006FF09F8183270102C9
:107E6000130D600613881700B304380113C7F4FF1D
:107E70001357F74133F7E4006FF08FFF93072000AB
:107E80002328F1026FF09F98B72601809386063D64
:107E90006FF01FE79307050003A541F49306060062
:107EA00013860500938507006FE0CF8C130101B89E
:107EB0008397C50003D7E500232C81461384050072
:107EC000B70501009385D5FF032E44060323C401A3
:107ED0008328440213170701B3F7B700B3E7E7009D
:107EE00013080040232AF10093058100930701073E
:107EF000232A914623282147232E114613090500E2
:107F00002326C10723226102232611032324F10023
:107F1000232CF10023280101232E0101232001023B
:107F2000EFE04F8593040500635C05028357410130
:107F300093F70704638807008357C40093E7070497
:107F40002316F4008320C1470324814703290147F6
:107F50001385040083244147130101486780000012
:107F60009305810013050900EF108044E30005FC30
:107F70009304F0FF6FF09FFB83A74506130101FDFB
:107F8000232861012326110213972701130B0600F2
:107F90006358070E8327860023202103232E3101F7
:107FA000232A51012326710113890500832B060022
:107FB00093090500930AF0FF6388070A23248102CE
:107FC00023229102232C41012324810103AC4B0085
:107FD00003A40B00135A2C0063060A069304000046
:107FE0006F00C00013044400630C9A04832504004E
:107FF0001306090013850900EF10905093841400B4
:10800000E31255FF03248102832441020329010264
:108010008329C101032A8101832A4101832BC100E5
:10802000032C81001305F0FF8320C10223240B00E1
:1080300023220B00032B01011301010367800000C1
:1080400083278B00137CCCFFB38787412324FB005D
:10805000938B8B00E39C07F6032481028324410267
:10806000032A8101032C8100032901028329C10114
:10807000832A4101832BC100130500006FF0DFFA52
:10808000EF10C0408320C10223240B0023220B00E9
:10809000032B010113010103678000000327860001
:1080A000630407006FF05FED232206001305000054
:1080B00067800000130101F22326310D232C810B70
:1080C0002326B10B232E110C2320A1009389050038
:1080D000930D0600138C06006306050083274503F5
:1080E000E38E07588397C900139727016346070259
:1080F00003A7490637260000B7E6FFFFB3E7C7002E
:108100009386F6FF9397070193D707413377D700FC
:108110002396F90023A2E90613F7870063080712E4
:1081200003A709016304071293F7A7011307A0002F
:10813000638EE712B72701802328210D232E710BB0
:10814000130901069387073EB72B0180232C810C6E
:10815000232A910C2324410D2322510D2320610D4C
:10816000232A910B2328A10B23262103232A010272
:1081700023280102130709002326010023220100FE
:108180002328F10013040001938B4B5583C70D0086
:108190006386071093840D00930650026386D72EE2
:1081A00083C7140093841400E39A07FE338AB44112
:1081B0006386B40F83264103832701032320B7017D
:1081C000B306DA009387170023224701232AD1023E
:1081D0002328F10213067000130787006350F6028C
:1081E000E382062E032501001306C10293850900D0
:1081F000EFF09FD86318050A130709008326410092
:1082000083C70400B38646012322D1006388070890
:1082100093871400A30301029306F0FF9304000068
:10822000930C00001305800503C60700938D17000B
:10823000930706FE6368F50E8325010193972700D7
:10824000B387B70083A707006780070003250100F5
:1082500093850900EFC05FEAE31E054C8397C900D0
:108260001307A00093F7A701E396E7EC8397E900D3
:10827000E3C207EC032501008320C10D93060C0027
:1082800013860D00032C810B832DC10A93850900F1
:108290008329C10C1301010E6F00D04E83274103C7
:1082A000E39C074283D7C9000324810D8324410D39
:1082B00093F707040329010D032A810C832A410C3B
:1082C000032B010C832BC10B832C410B032D010BC2
:1082D000E39207468320C10D032541008329C10C89
:1082E000032C810B832DC10A1301010E678000004E
:1082F00093040000930706FD1308900003C60D00C9
:1083000093952400B385950093951500B384B70029
:10831000930706FD938D1D00E372F8FE930706FE9A
:10832000E37CF5F0E30C06F6230CC102A303010283
:10833000130A1000130B1000930A81039306000028
:10834000130F00000326010393FF4C08832741030A
:1083500093051600138E050063960F00338D44417C
:10836000E340A00383457102638A0502130671028C
:10837000938717002320C700130610002322C7008D
:10838000232AF1022328C103130670006342C67931
:1083900013060E0013078700130E1E0063000F065E
:1083A00013068102938727002320C70013062000AD
:1083B0002322C700232AF1022328C10313067000D9
:1083C0006358C67BE3860710032501001306C1022C
:1083D00093850900232AD1002324F101EFF0DFB9AE
:1083E000E31205EC032601038327410383264101A1
:1083F000832F810013070900130E16009305000850
:108400006382BF54338D66416348A063B307FB00AA
:108410002320570123226701232AF1022328C103C5
:108420009306700063D4C6516388070603250100D4
:108430001306C10293850900EFF01FB4E31405E6AB
:10844000832741031307090013F34C00630603005D
:10845000338B4441634E600563D4440193040A00A6
:1084600003274100330797002322E100639E07663C
:1084700023280102130709006FF05FD193EC0C0170
:1084800093870D006FF05FDA338AB441E394B4D37D
:1084900083C704006FF09FD72328010213F34C0019
:1084A0006300037C338B4441635C607B13070900EA
:1084B0009306000103260103E3D86625372E0180C9
:1084C000130E4E54130D0001930A70006F008001CB
:1084D000930526001307870013860600130B0BFF76
:1084E000635C6D0593870701930616002320C7017F
:1084F0002322A701232AF1022328D102E3DADAFC9E
:10850000638A0742032501001306C102938509000F
:108510002324C101EFF05FA6E31605D8032601036B
:10852000130B0BFF83274103032E81001307090060
:1085300093051600E3486DFBB38767012320C7014D
:1085400023226701232AF1022328B10213077000B6
:10855000E354B7F063860770032501001306C102D8
:1085600093850900EFF05FA1E31E05D28327410345
:108570006FF09FEE93F70C0103260C00130C4C00D8
:10858000639A071093F50C0493070600E392050025
:10859000634006040345710263C8060493FCFCF7BC
:1085A00063140604E39A0616130A0000130B000076
:1085B000930A090063040500130A1A0013FF2C0034
:1085C000E3020FD8130A2A00130F20006FF09FD781
:1085D0009307D002A303F102B307C04063C40600AF
:1085E00093FCFCF71305D002130690006364F67445
:1085F0009387070393F7F70FA30FF104138A06007D
:108600006344D000130A1000130B1000930AF10505
:10861000E31405FA6FF09FFA83240C00130C4C004E
:10862000E3D004E6B304904093EC4C0093870D0034
:108630006FF09FBF03C60D009307A00293881D0033
:10864000E300F610930706FD9306900093050000E3
:1086500013089000E3E4F60A03C608009396250089
:10866000B386B60093961600B385D700930706FD30
:1086700093881800E372F8FE9386050063C00574C2
:10868000938D08006FF0DFBA03260C0093EC0C0109
:10869000130C4C00930706006FF09FEF93EC0C084F
:1086A00093870D006FF05FB89307B002A303F10248
:1086B00093870D006FF05FB793EC1C0093870D005C
:1086C0006FF09FB683477102E39C07DA93070002BD
:1086D000A303F10293870D006FF01FB583270C00F1
:1086E000A3030102130C4C00230CF102130A100027
:1086F000130B1000930A81036FF05FC483270C00F3
:1087000013EB0C01130C4C00A30301021306100021
:10871000930C0B0013050000E3C806EC937CFBF7F9
:108720006392075663920674631E065E137B1B00FA
:1087300063020B6493070003A30FF104130A0B00F9
:10874000930AF1056FF09FE783270C0013EB0C01F0
:10875000130C4C00A303010213060000930C0B0042
:10876000E3DE06FA930A090013F677001306060300
:10877000A38FCAFE93D7370093850A00938AFAFF26
:10878000E39407FE93F71C00638A07169307000320
:108790006306F6169385E5FFA38FFAFE330BB94007
:1087A000138A060063C66661938A05006FF01FE1B5
:1087B00013F60C0183270C00130C4C00631A0600FF
:1087C00013F60C04630606009397070193D707017D
:1087D000138B0C006FF01FF893F70C0163900702E6
:1087E00013F30C04630C030083270C008326410061
:1087F000130C4C002390D7006FF05F9983270C0077
:1088000083264100130C4C0023A0D7006FF01F9863
:1088100093EC0C0493870D006FF01FA113F60C016D
:1088200083270C00130C4C00631A060013F60C048B
:10883000630606009397070193D70701138B0C007B
:108840006FF09FEC832A0C00A3030102130C4C0071
:10885000638A0A6263CA06561386060093050000FF
:1088600013850A00232AE1002324D100EF10C0530E
:108870008326810003274101138B06006304050052
:10888000330B554183477102134AFBFF135AFA41D8
:10889000337A4B0193060000130F0000E39E07D0CC
:1088A0006FF05FAA37860000130606832314C10207
:1088B000372601801306C62383270C0093EC2C0077
:1088C000130C4C002326C100A3030102138B0C00E0
:1088D00013062000E3D406E4930A09008325C100AF
:1088E00013F6F700938AFAFF3386C50003460600A5
:1088F00093D747002380CA00E39207FE330B594108
:10890000138A0600E3DC66CB130A0B006FF01FCB63
:10891000130710002328E10293070B0023205107BF
:1089200023226107232A6103130709001307870025
:108930006FF09FB1930510001306000013070900A4
:108940006FF0DFB9338D4441E35EA0AB93050001C6
:1089500063D8A55DB7250180938545552324B100D3
:10896000130E0001130F70006F0080011305260025
:108970001307870013860500130D0DFF6352AE0722
:108980000325810093870701930516002320A70084
:108990002322C701232AF1022328B102E358BFFC96
:1089A00063800716032501001306C10293850900A1
:1089B000232AD100EFF04FDCE316058E03260103D6
:1089C000130E0001130D0DFF832741038326410180
:1089D0001307090013051600130F7000E342AEFBE6
:1089E00003268100B387A7012322A7012320C70004
:1089F000232AF1022328A102130670006352A6382D
:108A00006388074A032501001306C1029385090004
:108A10002324D100EFF04FD6E3160588832681008A
:108A20000326010383274103338D664113070900A1
:108A3000130E1600E35CA09D6354A4472324710128
:108A4000930E70006F008001130E2600130787003D
:108A500013860500130D0DFF635AA40593870701C4
:108A6000930516002320770123228700232AF10291
:108A70002328B102E3DABEFC638007060325010068
:108A80001306C10293850900EFF00FCFE31C0580A8
:108A900003260103130D0DFF83274103130709006C
:108AA000130E1600930E7000E34AA4FB8326810088
:108AB000B387A7012322A7012320D700232AF1028D
:108AC0002328C1039306700063C8C61D13078700DF
:108AD000130E1E006FF09F93130E1000130600007C
:108AE000130709006FF01FF7032501001306C102E9
:108AF00093850900EFF04FC8E30C05966FF08FFAED
:108B00001305100013060000130709006FF0DFE6DD
:108B100063820704032501001306C102938509003F
:108B2000232CD100232AF1012324E101EFF0CFC44B
:108B3000631A05F603260103832741038326810177
:108B4000832F4101032F810013070900130E160024
:108B50006FF0DF8463060F24930781022320F10660
:108B6000930720002322F106130E100013070900BB
:108B700013060E0013078700130E1E006FF01F88E8
:108B8000130500016354A537372E0180130E4E5490
:108B9000930E0001930270006F00C00113052600C0
:108BA0001307870013860500130D0DFF63DCAE0766
:108BB00093051600938707012320C7012322D701BD
:108BC000232AF1022328B102E3DAB2FC6382070808
:108BD000032501001306C10293850900232EC1015C
:108BE000232CD100232AF1012324E101EFF0CFB897
:108BF000631A05EA03260103930E0001130D0DFF0E
:108C000083274103032EC10183268101832F410164
:108C1000032F81001307090013051600930270004B
:108C2000E3C8AEF9B387A7012320C7012322A70118
:108C3000232AF1022328A102130670006342A60A28
:108C400013078700130E1500130605006FF08FF150
:108C50001306000013051000130709006FF0DFF47E
:108C600063D4440193040A0083274100B38797002B
:108C70002322F1006FF0CFFF13F3FCF7936C230076
:108C80001306200093051000630EB62C93052000F8
:108C9000E31AB6AC6FF05FC4E38C07C6032501008E
:108CA0001306C10293850900EFF00FAD631C05DECA
:108CB000032E01038327410313070900130E1E002F
:108CC0006FF0CFF423280102130709006FF00FD3D0
:108CD000130E100013060000130709006FF00FF2C7
:108CE00063820716032501001306C102938509005C
:108CF000232CD100232AF1012324E101EFF0CFA797
:108D0000631205DA032601038327410383268101C9
:108D1000832F4101032F810013070900130E160052
:108D20006FF04FE4130A0000130B0000930A0900D0
:108D30006FF0DF88930A09009305A000930E90005E
:108D400033F6B702938AFAFF138E07001306060361
:108D50002380CA00B3D7B702E3E4CEFF330B5941F7
:108D6000138A0600E3D86685130A0B00E316058410
:108D70006FF0DF84130A0000930A09006FF01F846C
:108D800013078700130E1500130605006FF08FE719
:108D90001316060113560641930706006FF04FFFA6
:108DA00013060000130E1000130709006FF00FE503
:108DB000130A0B00938A05006FF05F809306F0FFA3
:108DC000938D08006FF0CFC613850A002324E100BD
:108DD000EFC01FB103278100130B05006FF09FAA9E
:108DE000B7270180938787222326F10093F50C0192
:108DF00083270C00130C4C00639A050093F50C04B8
:108E0000638605009397070193D7070193F51C002C
:108E1000E38C05AAE38A07AA930500032304B102A1
:108E2000A304C102A3030102E3D806E493EC2C00DF
:108E30006FF09FAAB72701809387C7232326F100ED
:108E40006FF0DFFA034771026300070893077102AE
:108E50002320F106930710002322F106130E1000C1
:108E6000130709006FF0CFD293051000E310B6E2AC
:108E700013050000930700036FF00FF8EFB05F9643
:108E80006FF04FA693076000138B060063EAD702CA
:108E900037280180130A0B00930A08256FF00FCAC8
:108EA000B7260180938646552324D1006FF01FC05A
:108EB000130E100013060000130709006FF08FD483
:108EC000130B60006FF0DFFC13060000130E1000A0
:108ED000130709006FF08FCC032501001306C102B0
:108EE00093850900EFF04F896FF0CFBB372E0180DB
:108EF00013850500130E4E546FF0DFD2938D0800DA
:108F0000930600006FF0CFB2372E01809305160054
:108F1000130E4E546FF04FE2930700036FF0CFED46
:108F2000372601801306465513050E002324C10081
:108F30006FF01FAB9307F0FF2322F1006FF08FB9A2
:108F400083260C00130C4C0063C80600938D0800A8
:108F500093870D006FF04FAD9306F0FF938D0800DF
:108F60006FF01FFF130500006FF00FE89307050077
:108F700003A541F4930606001386050093850700B8
:108F80006FF04F93130101B88397C50003D7E50035
:108F9000232C814613840500B70501009385D5FF76
:108FA000032E44060323C401832844021317070138
:108FB000B3F7B700B3E7E70013080040232AF10036
:108FC0009305810093070107232A9146232821470F
:108FD000232E1146130905002326C107232261020F
:108FE000232611032324F100232CF100232801015F
:108FF000232E010123200102EFF0CF8B9304050003
:10900000635C05028357410193F7070463880700F7
:109010008357C40093E707042316F4008320C14755
:109020000324814703290147138504008324414712
:1090300013010148678000009305810013050900B2
:10904000EF000037E30005FC9304F0FF6FF09FFB97
:10905000130101FF2326110023202101638805024B
:10906000232481002322910013840500930405002A
:109070006306050083274503638C070C8317C40030
:109080006392070203248100832441008320C100EE
:109090001309000013050900032901001301010150
:1090A000678000009305040013850400EF00800B27
:1090B0008327C40213090500638A07008325C401BE
:1090C00013850400E7800700634405068357C40046
:1090D00093F707086396070683250403638C05004E
:1090E000930704046386F50013850400EFC05FB89E
:1090F00023280402832544046388050013850400A3
:10910000EFC01FB723220404EFB0CFEF23160400F3
:10911000EFB08FEF8320C10003248100832441003E
:1091200013050900032901001301010167800000F4
:109130008357C4001309F0FF93F70708E38E07F87D
:109140008325040113850400EFC09FB26FF0DFF8A0
:10915000EFB00FE96FF09FF29305050003A541F40E
:109160006FF01FEF0397C500130101FE232C810050
:1091700023263101232E11009377870013840500E5
:109180009309050063900712B717000093870780C3
:1091900083A64500B367F7002396F5006352D01805
:1091A000032884026304080E232A910093163701D2
:1091B00083A4090023A009008325C40163CE0616F9
:1091C000130600009306100013850900E70008004D
:1091D0009307F0FF130605006304F51A8317C40014
:1091E000032884028325C40193F74700638E070098
:1091F00003274400832704033306E6406386070001
:109200008327C4033306F640930600001385090044
:10921000E70008009307F0FF6314F51283A6090026
:109220009307D0010317C40063EAD716B70740209D
:1092300093871700B3D7D70093F7170063800716FB
:1092400003260401B7F7FFFF9387F77FB377F70093
:109250002316F400232204002320C40093173701AF
:1092600063D40700638206108325040323A09900BA
:1092700063840510930704046386F50013850900D1
:10928000EFC01F9F8324410123280402130500001F
:109290008320C101032481018329C100130101023C
:1092A000678000002328210103A905016302090842
:1092B000232A910083A405001377370023A02501FA
:1092C000B3842441930700006314070083A745017A
:1092D0002324F400634890006F0040053309A9007F
:1092E00063569004832744028325C40193860400B7
:1092F0001306090013850900E7800700B384A44022
:10930000E34EA0FC0317C4000329010113670704FF
:10931000832441012316E4001305F0FF6FF05FF78B
:1093200083A6C503E34ED0E66FF05FF683244101C8
:10933000032901016FF09FF5032604056FF0DFEAB2
:109340000317C40083260401B7F7FFFF9387F77F55
:10935000B377F7002316F400232204002320D4005F
:1093600093173701E3D207F0832504032328A404CD
:1093700023A09900E39005F0832441016FF01FF1D1
:1093800083A70900E38C07E41307D001638CE7008F
:10939000130760016388E7000317C400136707041D
:1093A0006FF01FF723A09900832441016FF01FEE97
:1093B000130101FE232C8100232E1100130405004C
:1093C0006306050083274503638A07028397C50068
:1093D000639C07008320C101032481011305000061
:1093E00013010102678000001305040003248101BA
:1093F0008320C101130101026FF0DFD62326B100E3
:10940000EFB00FBE8325C1006FF05FFC630005065F
:109410009305050003A541F4630605008327450372
:10942000638C07008397C50063960700130500004F
:10943000678000006FF01FD3130101FE2326B100E7
:109440002324A100232E1100EFB08FB98325C10082
:10945000032581008397C500639407028320C1011F
:10946000130500001301010267800000B79500801A
:10947000138601C39385053B138501C46FB00FC8E4
:109480008320C101130101026FF0DFCD8327860025
:109490006384072C8396C500130101FD23248102F8
:1094A000232C4101232861012326110293F7860012
:1094B000130B0600130A050013840500638E0708CA
:1094C00083A70501638A0708232291022320210331
:1094D000232E3101232A510193F7260083240B0008
:1094E0006384070A832744028325C401B70A0080E6
:1094F0009309000013090000938A0AC0138609002B
:1095000013050A00630209049306090063F42A01A3
:1095100093860A00E78007006350A04683278B00EC
:10952000B389A9003309A940B387A7402324FB00CE
:109530006386071A832744028325C4011386090022
:1095400013050A00E31209FC83A9040003A94400DF
:10955000938484006FF09FFA9305040013050A00BA
:10956000EFB09FB9631C051C8316C400232291022F
:1095700023202103232E3101232A510193F72600B2
:1095800083240B00E39007F6232671012324810135
:1095900093F716006396071C8327040003278400B3
:1095A000B70A008023229101930B00009309000069
:1095B000938AFAFF13850700130C070063820910D2
:1095C00013F6062063080628930C070063E6E932C9
:1095D00013F70648630A070803264401832504019C
:1095E000131716003307C7003389B740135CF70120
:1095F000330CEC0093071900135C1C40B387370150
:1096000013060C006376FC00138C0700138607001A
:1096100093F60640638E06309305060013050A0094
:10962000EFA0CFEF930C0500630C053483250401F4
:1096300013060900EFC08F908357C40093F7F7B764
:1096400093E707082316F40033852C01B3072C4158
:1096500023289401232A84012320A400138C0900C9
:109660002324F400938C090013860C0093850B00CF
:10967000EF00D01D0327840083270400138909000D
:1096800033078741B38797012324E4002320F400A4
:109690009309000083278B00B38B2B01B3872741ED
:1096A0002324FB006386070283270400032784002A
:1096B0008316C40013850700130C0700E39209F01A
:1096C00083AB040083A94400938484006FF09FEE71
:1096D000832BC100032C8100832C41008320C10215
:1096E0000324810283244102032901028329C10149
:1096F000832A4101032A8101032B01011305000084
:1097000013010103678000009305040013050A009C
:10971000EFF01FCA630E050A8317C400832BC10034
:10972000032C810083244102032901028329C10102
:10973000832A410193E707042316F4008320C10222
:1097400003248102032A8101032B01011305F0FF89
:10975000130101036780000013050000678000000B
:10976000930A000013050000130C00009309000089
:1097700063820908630A050893870A00938B09002E
:1097800063F43701938B070003250400832704014A
:10979000032984008326440163F6A7003309D90016
:1097A0006344790963C0DB16832744028325C4011F
:1097B00013060C0013050A00E780070013090500D3
:1097C000E35CA0F4B38A2A4113051000E38E0AF289
:1097D00083278B00330C2C01B3892941B3872741A0
:1097E0002324FB00E39607F8832BC100032C8100A0
:1097F0006FF0DFEE83A94400938704009384840014
:10980000E38A09FE03AC0700138609009305A00054
:1098100013050C00EF004059630A051413051500E9
:10982000B30A85416FF05FF593050C00130609003C
:10983000EF00D001832704009305040013050A00FC
:10984000B38727012320F400EFF09FB6E30C05F661
:109850006FF09FEC8326040163E2F60403264401C3
:1098600063EEC9029387090063F43A0193870A0003
:10987000B3E6C702032744028325C40113860B0005
:1098800013050A00B386D740E70007001309050057
:10989000635AA004B38929416FF0DFDF1309070081
:1098A00063F4E90013890900138507001306090012
:1098B00093850B00EF008079032784008327040041
:1098C00033072741B38727012324E4002320F40032
:1098D000E31207FC9305040013050A00EFF05FADE7
:1098E000E30A05FA8317C400832BC100032C81000F
:1098F000832C41006FF01FE3138C0900938C090047
:109900006FF09FD613860B0093050C00EF000074D8
:10991000032784008327040013890B003307774152
:10992000B38777012324E4002320F4006FF09FE93C
:1099300013050A00EF300041930C0500E31605D033
:109940008325040113050A00EFC08FB28317C400FA
:109950001307C000832BC100032C8100832C41001E
:109960002320EA0093F7F7F76FF0DFDB9387190006
:10997000938A07006FF09FE08317C4006FF09FDAAF
:109980001307C0008317C400832BC100032C810080
:10999000832C41002320EA006FF0DFD88397C500B5
:1099A000130101F8232C8106232E110613F727003B
:1099B00013840500630407029387350423A0F50090
:1099C00023A8F5009307100023AAF5008320C10700
:1099D0000324810713010108678000008395E500D7
:1099E000232A910623282107232631072324410710
:1099F0009304050063C6050813068100EF000059B3
:109A0000634E05068327C10037F90000B71900002F
:109A10003379F900B7E7FFFF3309F900133919006B
:109A2000130A00409389098093050A0013850400F6
:109A3000EFA0CFAE8317C4006308050693E70708BD
:109A40002320A4002328A4002316F400232A440181
:109A50006310090AB3E737018320C1072316F40016
:109A60000324810783244107032901078329C106B1
:109A7000032A810613010108678000008317C400D0
:109A800093F7070813090000638E0704130A000404
:109A900093050A0013850400EFA04FA88317C400A4
:109AA00093090000E31C05F813F70720631E070461
:109AB00093F7C7FF93E72700130734042316F40036
:109AC0009307100083244107032901078329C10656
:109AD000032A81062320E4002328E400232AF4003B
:109AE0006FF0DFEE130A0040930900006FF0DFF320
:109AF0008315E40013850400EF00804F6310050216
:109B00008317C4006FF01FF5832441070329010761
:109B10008329C106032A81066FF05FEB8357C400D7
:109B200093F7C7FF93E717009397070193D7074170
:109B30006FF05FF2130101F92324810613840500FD
:109B40008395E50023229106232021072326110671
:109B5000930406001389060063CA050413068100F6
:109B6000EF00C042634405040327C100B7F70000BB
:109B70008320C106B3F7E70037E7FFFFB387E700AD
:109B80000324810693B717002320F9001307004030
:109B900023A0E400371500008324410603290106B1
:109BA0001305058013010107678000008357C40077
:109BB00093F70708638807028320C1060324810600
:109BC000930700002320F9001307000423A0E400FA
:109BD0000329010683244106130500001301010730
:109BE000678000008320C106032481062320F9003A
:109BF0001307004023A0E400032901068324410643
:109C0000130500001301010767800000130101FE26
:109C1000232C8100232A910023282101232E1100C7
:109C2000130905009384050013040600EF00002CBF
:109C300093071000631CF5009387F4FF1307E00FF0
:109C40006366F700230691006F0040029306C40587
:109C5000138604009305C10013050900EF30006965
:109C60009307F0FF6304F508630C05028327840063
:109C70008345C1009387F7FF2324F40063DA0700CC
:109C80000327840163CCE7029307A0006388F502F1
:109C900083270400138717002320E4002380B700E4
:109CA0008320C101032481010329010113850400DC
:109CB00083244101130101026780000013060400A0
:109CC00013050900EFB00FA99307F0FFE31AF5FCA5
:109CD0001305F0FF8320C101032481018324410186
:109CE0000329010113010102678000008357C400AA
:109CF0001305F0FF93E707042316F4006FF09FFDB0
:109D00008317C600139727016340070203274606FF
:109D1000B7260000B3E7D700B72600003367D700A7
:109D20002316F6002322E6066FF05FEE130101FE14
:109D3000232C810003A441F4232E11001386050077
:109D4000930505006306040083274403638007042A
:109D50008317C600139727016340070203274606AF
:109D6000B7260000B3E7D700B72600003367D70057
:109D70002316F6002322E6061305040003248101BE
:109D80008320C101130101026FF05FE82324A100C9
:109D9000130504002326C100EFA09FA40326C100E1
:109DA000832581006FF0DFFA9377350093F6F50F86
:109DB000638A07029307F6FF630E06021306F0FF9D
:109DC0006F0080011305150013773500630E07003F
:109DD0009387F7FF6380C70203470500E314D7FEAC
:109DE0006780000093070600130730006368F700E0
:109DF00063900706130500006780000093F5F50FD8
:109E000013978500B305B70013970501B708FFFE48
:109E100037888080B385E5009388F8EF1308080839
:109E2000130330006F0000019387C7FF130545003F
:109E3000E370F3FC0327050033C7E5003306170181
:109E40001347F7FF3377E60033770701E30E07FC8C
:109E5000B307F5006F00C00013051500E38CA7F8E9
:109E600003470500E31AD7FE67800000130101FFD6
:109E70002326110023229100630E0602B7250180DC
:109E800093858556130506002324810013040600DC
:109E9000EF00802CB72401806312050203248100A7
:109EA000138544568320C10083244100130101011E
:109EB00067800000B72401806FF09FFE93854456B1
:109EC00013050400EF004029E30A05FCB7150180E3
:109ED0009385458513050400EF000028E30005FC89
:109EE00003248100130500006FF0DFFB03C581E848
:109EF00067800000130101FF232611002322910037
:109F0000638E05022324810013840500B725018098
:109F10009385855613050400EF000024B7240180C3
:109F20006312050203248100138544568320C10077
:109F3000832441001301010167800000B7240180E0
:109F40006FF09FFE9385445613050400EF00C02078
:109F5000E30A05FCB71501809385458513050400C8
:109F6000EF00801FE30005FC0324810013050000BF
:109F70006FF0DFFB1305050F67800000138501E517
:109F800067800000138501E567800000130101FF71
:109F90001387050023248100232291001304050068
:109FA00093050600130507002326110023AE01F4D4
:109FB000EF601F839307F0FF630CF5008320C1005F
:109FC0000324810083244100130101016780000004
:109FD00083A7C1F5E38407FE8320C1002320F4009A
:109FE00003248100832441001301010167800000E4
:109FF000130101FF23248100232291001304050093
:10A00000138505002326110023AE01F4EF605F8362
:10A010009307F0FF630CF5008320C1000324810047
:10A0200083244100130101016780000083A7C1F56B
:10A03000E38407FE8320C1002320F4000324810071
:10A0400083244100130101016780000063F6A5022B
:10A050003387C5006372E502B307C50063060604D3
:10A060008346F7FF9387F7FF1307F7FF2380D70097
:10A07000E318F5FE678000009307F00063E8C7026D
:10A08000930705009306F6FF6302060C93861600FD
:10A09000B386D70003C70500938717009385150083
:10A0A000A38FE7FEE398D7FE67800000B367B50093
:10A0B00093F7370063960708930806FF93F808FFA5
:10A0C00093880801B306150113870500930705005F
:10A0D00003280700130707019387070123A807FF39
:10A0E000032847FF23AA07FF032887FF23AC07FFA6
:10A0F0000328C7FF23AE07FFE39CD7FC1378C600F5
:10A10000B38515011377F600630408041308C7FF2D
:10A110001378C8FF13084800B387060113870500AA
:10A1200083280700938646001307470023AE16FFD7
:10A13000E398F6FE13763600B38505016FF09FF4C1
:10A140009306F6FF930705006FF05FF46780000049
:10A15000130607006FF01FF33367B5009303F0FF9A
:10A160001377370063100710B7877F7F9387F7F760
:10A170000326050083A60500B372F6003363F600DC
:10A18000B382F200B3E26200639272106316D608E3
:10A190000326450083A64500B372F6003363F6003C
:10A1A000B382F200B3E26200639E720C6316D606BD
:10A1B0000326850083A68500B372F6003363F6009C
:10A1C000B382F200B3E262006398720C6316D604A5
:10A1D0000326C50083A6C500B372F6003363F600FC
:10A1E000B382F200B3E262006392720C6316D6028D
:10A1F0000326050183A60501B372F6003363F6005A
:10A20000B382F200B3E26200639C720A1305450157
:10A2100093854501E30ED6F41317060193970601C3
:10A22000631EF7001357060193D706013305F74065
:10A230009375F50F639005026780000013570701BF
:10A2400093D707013305F7409375F50F6394050025
:10A25000678000001377F70F93F7F70F3305F74088
:10A26000678000000346050083C60500130515003E
:10A27000938515006314D600E31606FE3305D64019
:10A28000678000001305450093854500E31CD6FC5C
:10A290001305000067800000130585009385850085
:10A2A000E312D6FC13050000678000001305C5000B
:10A2B0009385C500E318D6FA1305000067800000F7
:10A2C0001305050193850501E31ED6F8130500006B
:10A2D00067800000130101FE232A910083270501F6
:10A2E00083A40501232E110063C0971C9384F4FFFF
:10A2F00013932400232C810013844501232631016C
:10A3000023244101B3096400130A450183A709000E
:10A3100033036A000327030023282101232251016C
:10A32000938717003359F702930A0500636AF70A07
:10A33000370501009308040013080A00930E00007B
:10A34000930600001305F5FF03A70800032E08007D
:10A35000130848003376A70013570701B377AE0000
:10A36000135E0E0193884800330626033307270344
:10A370003306D601B37EA600B387D7411356060134
:10A38000B387D70093D60741B3F7A7003307C700B9
:10A390003376A700B386C640B386C601139606017E
:10A3A000B3E7C700232EF8FE935E070193D606415C
:10A3B000E3FC19F983270300639407021303C3FF27
:10A3C00063686A006F0080019384F4FF63786A0019
:10A3D000832703001303C3FFE38807FE23A89A0023
:10A3E00013850A00EF20401C634C05083705010067
:10A3F00093050A00130700001305F5FF83A6050067
:10A400000326040093854500B3F7A6003378A60021
:10A41000B3870741B387E70013D7074113560601F7
:10A4200093D606013307C7403307D70093160701B9
:10A43000B3F7A700B3E7D7001304440023AEF5FE3B
:10A4400013570741E3FC89FA93972400B307FA00F6
:10A4500003A70700631407029387C7FF6368FA0026
:10A460006F0080019384F4FF6378FA0003A707006C
:10A470009387C7FFE30807FE23A89A001309190072
:10A48000032481018320C1018329C100032A8100A3
:10A49000832A410083244101130509000329010196
:10A4A00013010102678000008320C1018324410160
:10A4B00013050000130101026780000003238503D8
:10A4C000130101F4232C810A232A910A2328210B4A
:10A4D0002322510B2326B109232E110A2326310BE7
:10A4E000232EE100232AF100232811012326B102A3
:10A4F0002324C10013040500938D05009304060076
:10A50000938A060013090800630203020327C503A8
:10A510009307100093050300B397E7002322E3009D
:10A520002324F300EF10006C232C04029389040011
:10A530009306000063DC04009394140093D7140086
:10A540002324F10093890700930610003707F07F5A
:10A550002320D900B3F6E9006388E66083248100F4
:10A5600013850D0013060000938504009306000078
:10A570002320B10323229102EF404066631A0504B1
:10A5800003274101930710002320F700032701014F
:10A5900063080700B7270180938797252320F700DA
:10A5A000B7290180938989258320C10B0324810B5E
:10A5B0008324410B0329010B832A410A832DC108FF
:10A5C000138509008329C10A1301010C678000006B
:10A5D00013860400130781079306C10793850D00B6
:10A5E000130504002324410B2320610B232E710942
:10A5F000232C8109232A91092328A10913D9490170
:10A60000EF20403E930405006312095A832B810713
:10A610000329C1079307000233892B01130729433C
:10A62000E3D0E73293070004B387E74013052941DD
:10A63000B397F90033D5AD0033E5A700EF50501ABA
:10A64000B70710FE9306100013070500B387B70085
:10A650001309F9FF2324D10403A601EF83A641EFD8
:10A660001305070093850700EF40106E03A681EFE6
:10A6700083A6C1EFEF40C07F03A601F083A641F09F
:10A68000EF308050130A0500130509009389050077
:10A69000EF50900903A681F083A6C1F0EF40407D02
:10A6A000130605009386050013050A00938509002B
:10A6B000EF30804D130B050093890500EF50807E2D
:10A6C000130A05009385090013050B00130600000B
:10A6D00093060000EF4040696350050213050A002D
:10A6E000EF50900413060B0093860900EF40004FD3
:10A6F0003335A000330AAA4033892B419307600108
:10A70000130BF9FFE3E8471D3727018093173A0041
:10A7100013078761B387E70003A6070083A64700F6
:10A720000325010283254102EF400064E35A051E20
:10A73000130AFAFF232E0102232C0100634C0B485D
:10A7400063540A4A8327810123244103B387474185
:10A75000232CF100B3074041232CF1029307900012
:10A76000130A000063EC574993075000E3D0571FCA
:10A77000938ACAFF9307300013090000E388FA6246
:10A78000E3D0575F93074000E390FA52930710001D
:10A790002328F1020326C101E352C0602326C1042D
:10A7A000130C060093067001130710009307400076
:10A7B00063C4C6006F10802F9397170093864701DC
:10A7C0009305070013071700E378D6FE232EB40283
:10A7D00013050400EF10C03593090500631405004C
:10A7E0006F10002B232CA4029307E00063E6874F31
:10A7F0006304094E83268102E35AD05E93F7F60084
:10A8000037270180130787619397370093DC464011
:10A81000B387E70093F60C0103A8070003A74700DE
:10A82000E3880652B727018003A6877283A6C77202
:10A8300003250102832541022328E1042320010589
:10A84000EF301041032801040327010593FCFC00AD
:10A8500013030500138D050013093000638C0C04ED
:10A86000B72B018023208104938B8B701304090084
:10A87000930507001309030093F71C00638E07007C
:10A8800003A60B0083A64B00130508001304140055
:10A89000EF40005E1308050093DC1C40938B8B0097
:10A8A000E39C0CFC130309001309040003240104B6
:10A8B000138705009306070013060800130503001D
:10A8C00093050D00EF30D03813070500938705007E
:10A8D0008326C1036388060203A601F183A641F122
:10A8E00013050700938507002328E1042320F104C2
:10A8F000EF408047832701040327010563540500C7
:10A900006F100001130509002320F1062320E10444
:10A91000EF50806103270104832701061306070017
:10A92000938607002328E1042320F104EF404054DC
:10A9300003A601F283A641F2EF300025B706C0FC62
:10A940008327010403270105930C0500B38BB60090
:10A95000630E0C3283268102232081072324D10633
:10A9600013050700938507002328E1042320F10441
:10A97000EF50405383270106372601801309050055
:10A980009386F7FF9396360093078661B386D700C8
:10A9900003A846002326F10683A70600232E0105FF
:10A9A00023229107232CF104EF50005803270105BF
:10A9B000832701041306050093860500130507008D
:10A9C00093850700EF40503803270103138D1900CA
:10A9D000130309032320A105930C05001373F30F40
:10A9E000E304075A03A501F3032681058326C10565
:10A9F0002320B10483A541F323286104EF305025BF
:10AA00000326410693860B00EF401034832801048F
:10AA10000323010513860C00938608002380690038
:10AA200013090500938B0500EF40002483280104DF
:10AA30006354A0006F00507883A701F103A841F18F
:10AA4000232C41052328F104232A010503A8C1F181
:10AA500083A781F123226107232681072320F104A4
:10AA600093070000032C010623220105138B070026
:10AA700023205107138A08006F000009130B1B00E5
:10AA800063448B016F005078032601048326410440
:10AA90001305090093850B00EF40803D0326010458
:10AAA0008326410413090500938B050013850C00D0
:10AAB00093050A00EF40C03B938C0500930A050004
:10AAC000EF50403E130A0500EF5000461306050004
:10AAD0009386050013850A0093850C00EF40D0266D
:10AAE00093070A031306090093860B002300FD0059
:10AAF000130D1D00930C0500138A0500EF40C026BE
:10AB0000635405006F00506B032501058325410543
:10AB100013860C0093060A00EF4010231306090069
:10AB200093860B00EF404024E35A05F48327810607
:10AB3000930B0D00138C1700130690036F00800019
:10AB4000E386796583C6FBFF138D0B00938BFBFFB8
:10AB5000E388C6FE9386160093F6F60F2380DB008B
:10AB6000930D0C006F00004D832641013727000034
:10AB70009397C9001307F77093D7C70023A0E60087
:10AB8000B3E7B7016380070A83270101B729018072
:10AB90009389C957E38A07A0B72701809387F7579E
:10ABA000032701012320F7006FF01FA08327410234
:10ABB000B706F03F832B81079397C70093D7C70051
:10ABC00003270102B3E7D700130919C023240104A6
:10ABD0006FF09FA893071000B3872741232CF10043
:10ABE000130B0000E3400AB623244103232C010287
:10ABF00093079000330B4B01E3F857B7930710000E
:10AC000013091000930A00002328F102130CF0FF2F
:10AC1000232E0100232E0402232681059305000024
:10AC20006FF01FBB83270101B72901809389095762
:10AC3000E38C0796B7270180938787576FF05FF6FD
:10AC4000130509002320F1062320E104EF50C02D55
:10AC500003270104832701061306070093860700D4
:10AC60002328E1042320F104EF40802003A601F211
:10AC700083A641F2EF2050718327010403270105C9
:10AC8000B706C0FC930C0500B38BB60003A681F297
:10AC900083A6C1F21305070093850700EF40D00A91
:10ACA00013860C0093860B00130D05001389050015
:10ACB000EF30907BE342A04EB7070080B3C7770127
:10ACC00013860C0013050D009386070093050900F9
:10ACD000EF408009634805068327C10763CE071844
:10ACE000832681021307E0006348D7188327810277
:10ACF000372701801307876193973700B387E700F1
:10AD000003AA070083AA47008327C10163D8070469
:10AD10006346800563180C0203A681F283A6C1F284
:10AD200013050A0093850A00EF40801413060500FE
:10AD3000938605000325010283254102EF40C002EE
:10AD4000E34CA044138D09002320010213090000E5
:10AD50008327C10193CDF7FF6F00406993871900E6
:10AD60002320F104032B01020329410213060A00E8
:10AD700093860A0013050B0093050900EF30406D20
:10AD8000EF504012130D0500EF50001A13060A0091
:10AD900093860A00EF40C00D130605009386050058
:10ADA00013050B0093050900EF40007A93070D038C
:10ADB0002380F90013061000832B010413070500FC
:10ADC00093860500E30CCC0C83A781F103A8C1F1A5
:10ADD000930D10002324F100232601016F000006CB
:10ADE00013060A0093860A0013050B009305090059
:10ADF000EF300066EF50000B130D0500EF50C0124E
:10AE000013060A0093860A00EF4080069386050029
:10AE1000130605009305090013050B00EF40C072EF
:10AE2000938B1B0093070D03938D1D00A38FFBFED7
:10AE30001307050093860500E302BC070326810083
:10AE4000938506008326C10013050700EF404002EA
:10AE50001306000093060000130B0500138905007C
:10AE6000EF30D057E31E05F683278102138D0B00C8
:10AE7000938D17006F00001C03270103631607263C
:10AE8000832B8103832C81012328010213090000F5
:10AE900063820C026350600393870C0063449B67DA
:10AEA00003278101B38CFC40330BFB403307F74091
:10AEB000232CE10083278103638207028327010398
:10AEC00063840700E39C0B0603268103938504003B
:10AED00013050400EF10403F930405009305100094
:10AEE00013050400EF1000102320A102631C0A5078
:10AEF0009307100063DC5755B387670193F7F70199
:10AF00006380071E130700023307F74093064000D3
:10AF100063D4E6581307C001B307F7400327810144
:10AF2000B38CFC00330BFB003307F700232CE1004C
:10AF3000832781016340F014635C60018325010273
:10AF400013060B0013050400EF10004D2320A1028F
:10AF50008327C103639C0712635480458327010341
:10AF60006390072683278102938D1700832A0102AD
:10AF7000130A10006F00000293850400930600007E
:10AF80001306A00013050400EF0010489304050009
:10AF9000130A1A0093850A0013850400EFF08FB39B
:10AFA000930B0503B3874901A38F77FFE3468AFD1F
:10AFB000130A100063448055338A4901930A000044
:10AFC000938504001306100013050400EF10C0441D
:10AFD0008325010293040500EF10005D635EA04E1F
:10AFE000930690036F008000638A495F8347FAFFEE
:10AFF000130D0A00130AFAFFE388D7FE93871700A0
:10B000002300FA008325010213050400EF00903DA0
:10B0100063020902638A0A0063882A0193850A0091
:10B0200013050400EF00103C93050900130504000C
:10B03000EF00503B9385040013050400EF00903AA5
:10B040008327410123000D0023A0B70183270101BD
:10B050006384070023A0A701032A810A032B010AA6
:10B06000832BC109032C8109832C4109032D01097C
:10B070006FF08FD393850400138607001305040037
:10B08000EF108039930405006FF01FEB8325010258
:10B0900013850400EF104051E35005EC8327810233
:10B0A00093850400930600001306A0001305040016
:10B0B000138BF7FFEF00503583270103930405003E
:10B0C000639E070C032CC104E35A8015832D810273
:10B0D0006FF0DFE993071000232EF1026FF0CFE548
:10B0E0009307C0016FF09FE3130710006354574D9F
:10B0F00083278103930BFCFF63CA7741B38B7741AE
:10B1000083278101B38C8741E3500C0E9305100017
:10B1100013050400EF00106D130905006FF05FD7F1
:10B12000232E0102232C0100E34020AD93071000E1
:10B13000B3872741232CF100130B00006FF0DFAA27
:10B14000B387E7403395FD006FF04FCF9307300092
:10B1500013091000638CFA4463C657E39307200079
:10B16000E38CFA14232E0402930500001305040057
:10B17000EF00101C93090500E30C05109307100065
:10B180002328F1029307F0FF232CA4022326F104C5
:10B19000130CF0FF232E01006FF01FB4930509007C
:10B1A000930600001306A00013050400EF00D0254D
:10B1B000032CC10413090500E3568009232461030D
:10B1C000635C90019305090013860C0013050400CD
:10B1D000EF10802413090500130B0900631E0A50A9
:10B1E0008327C102138DF9FF938C0900232C3101B1
:10B1F0008329010293F71700330D8D012324F100F9
:10B20000232EB1019385090013850400EFF08F8C84
:10B21000130C05009305090013850400EF10C038D6
:10B22000130A050013060B0093850900130504009B
:10B23000EF10003D0327C500930B0C03930D050091
:10B24000631C07089305050013850400EF10C03543
:10B250001307050093850D0013050400930D0700E7
:10B26000EF005018B3E65D01639A060E8327810054
:10B27000638A077463420A7623807C01138A1C0068
:10B2800063049D6793850400930600001306A000E5
:10B2900013050400EF005017930405009306000007
:10B2A0001306A0009305090013050400630E690945
:10B2B000EF00901593050B0013090500930600009D
:10B2C0001306A00013050400EF001014130B050073
:10B2D000930C0A006FF01FF393050500130504009B
:10B2E00083298101832DC101EF00D00F634A0A0039
:10B2F00013F71D00336A5A0133674701631E0706BF
:10B30000938504001306100013050400EF10C0100D
:10B310008325010293040500EF1000296358A0243F
:10B3200013079003638CEB24930B1C038327810288
:10B33000930A0900138D1C0023807C01938D170054
:10B3400013090B006FF01FCCEF00100C1309050060
:10B35000130B0500930C0A006FF0DFEA63440A72D6
:10B3600083278100336A5A0133EA4701630C0A706C
:10B37000E354B0F183298101130790036380EB202C
:10B380000327810293871B00930A0900138D1C0079
:10B39000930D17002380FC0013090B006FF09FC66C
:10B3A00093072000E3DC57BB138D0900E3120C9ACE
:10B3B00083250102930600001306500013050400C4
:10B3C000EF009004930505002320A10213850400DB
:10B3D000EF10801DE35EA096930710032380F90011
:10B3E00083278102138D1900938D17008325010295
:10B3F00013050400938D1D00EF00C07EE31609C203
:10B400006FF05FC39305050013060A0013050400DF
:10B41000EF00906B930710002320A10263DE571109
:10B42000130A0000032701028327070193873700CF
:10B4300093972700B307F70003A54700EF001025F7
:10B4400093070002B387A7406FF01FAB8327C102A9
:10B4500063900704832781009397C700639A0702CC
:10B46000832681009307000013D746011377F77FE7
:10B47000630C070083278101130B1B0093871700C0
:10B48000232CF10093071000631C0A54138A070051
:10B49000930710006FF05FA6E30CD7A81307C00353
:10B4A000B307F7406FF09FA793071000930A50006F
:10B4B0002328F1028327C10103278102B387E70014
:10B4C000138C17002326F10413060C00634C80AD87
:10B4D000130610006FF00FAD6316050093F71B0005
:10B4E000E39007B0930600038347FAFF130D0A00A9
:10B4F000130AFAFFE38AD7FE6FF0DFB0130A0C00DD
:10B500006FF09FAB93070B006FF09F998327810328
:10B5100003278101232C7103B387FB40330AFA0010
:10B52000B3078701930C0700330B8B01232CF10029
:10B53000930B00006FF09FBD8327C102E39207EEDB
:10B54000832781009397C700E39C07EC6FF05FF1BE
:10B5500003230102032D4102130920006FF00FB0F5
:10B56000930A2000232801026FF0CFA2E31005DC2C
:10B5700013F71B00E31607DA6FF05FDB9307900306
:10B580002380FC0083278102930A0900138A1C0090
:10B59000938D170013090B006FF09FA49307100001
:10B5A000130C1000232EF1006FF0CFE623280102C8
:10B5B0006FF05FF0032781046304073003278101E4
:10B5C00093873743330BFB00B307F700832B8103CB
:10B5D000930C0700232CF1006FF05FB39307100367
:10B5E0002380F900938D1D006FF0DFA18327810276
:10B5F00063880730B30BF04093F7FB0037270180D7
:10B600001307876193973700B387E70003A6070006
:10B6100083A64700032501028325410293DB4B40AB
:10B62000EF301005138D050063880B4213092000CD
:10B63000B72C018023208104938C8C7013040900A3
:10B6400013070500130600001309050093F61B00FD
:10B650006380060203A60C0083A64C0013050700B6
:10B6600013041400EF30D000130705001306100078
:10B6700093DB1B40938C8C00E39A0BFC13050900B1
:10B68000938705001309040003240104631206A430
:10B690001307050093070D006FF08FA39385060035
:10B6A0001306070013050700EF20004E83278102D1
:10B6B00013060A0093860A00938D1700130B0500EA
:10B6C00013890500138C0D00EF30005A6346A0C6A5
:10B6D00013050B009305090013060A0093860A0060
:10B6E000EF30C04F63160500137D1D0063160DC4B7
:10B6F000138D0B006FF01F94832549001305040080
:10B70000EF000043130A0500630005360326090114
:10B710009305C9001305C50013062600131626005D
:10B72000EFA0CF811306100093050A001305040053
:10B73000EF00904E130B05006FF09FAA93050900D0
:10B7400013860B0013050400EF0010381386040065
:10B75000930505001309050013050400EF0090137D
:10B7600093070500938504001305040093840700E4
:10B77000EF00404783278103B3877741232CF102F1
:10B78000638E07F46FF04FF4032681058326C1050D
:10B79000032541062328B10493850B002328610269
:10B7A000EF30006D03230103832701069306100089
:10B7B000238069002324A10483280105138905003F
:10B7C000B38BF900638CD72683A781F103A8C1F15D
:10B7D000232891042328F102232A01032320810630
:10B7E00013850C009385080003260103832641037B
:10B7F000130D1D00EF30C06713840500930405008E
:10B80000EF40406A930C0500EF40007213060500FC
:10B81000938605001385040093050400938C0C03A4
:10B82000EF309052A30F9DFFE390ABFD8324010501
:10B8300003240106930C05009388050003A601F379
:10B8400083A641F3032581049305090023281103EE
:10B85000EF2080338328010313860C0093860800B1
:10B86000EF308050634C05180326810403A501F3D3
:10B8700083A541F393060900EF30104D832801039F
:10B8800013860C0093860800EF30003E634CA01036
:10B890008327C10763C607DE032781029307E00001
:10B8A00063C0E7DE832781020327C1069397370031
:10B8B000B307F70003AA070083AA47006FF08FCAF7
:10B8C000032781078326810193076003B387E7403D
:10B8D000330BFB00B387F600832B8103938C0600A8
:10B8E000232CF1006FF09F8283278102930A0900C5
:10B8F00083298101938D170013090B006FF04FEC22
:10B900000327010283274102130920006FE05FFC37
:10B9100063080CB2032DC1046350A0BD93850700DA
:10B920008327810283A6C1F103A681F19387F7FFE4
:10B93000130507002324F106EF3080531307050099
:10B94000130519002328E1042320B104EF40C05D52
:10B9500003270105832701041306070093860700C8
:10B96000EF30005103A601F283A641F2EF20C0217F
:10B97000B706C0FC8327010403270105930C0500CB
:10B98000B38BB6002320A1076FE09FFD9306100341
:10B99000130C1C006FF08F9C232001021309000080
:10B9A0006FF09FA31306000383C7FBFF138D0B00EB
:10B9B000938BFBFFE38AC7FE83278106938D1700D5
:10B9C0006FF04FE71307900383298101E388EBBAF7
:10B9D000E34C40956FF09F95832981016FF01F958F
:10B9E000138A07006FF01FA4938C0700B3878701A9
:10B9F000330B8B01232CF1006FF04FF1832781066D
:10BA0000138C17006FF04F93032A8105032B410617
:10BA1000032CC106832A01066FF00FAC93072000A8
:10BA200063C85701832D8102032CC1046FF00FD42A
:10BA3000032CC104232461036FF01F97832B01049F
:10BA40006FF0DFDF93072000E3C457FF032CC1042E
:10BA5000232461036FF0CFF61307050093870500D9
:10BA6000130920006FE0DFE6B7260180372501804B
:10BA700093860658130600009305F02E13054559CA
:10BA8000EF10D01683298101E34CB0876FF01F8A35
:10BA9000B7260180372501809386065813060000DB
:10BAA0009305F01A13054559EF105014232E040284
:10BAB000930500006FE0DFD1232801026FE09FCDE6
:10BAC00083A741E4678007006380050263020604E0
:10BAD000638806048347060023A0F500034506009B
:10BAE0003335A00067800000130101FF9305C100FA
:10BAF00063040602638A06028347060023A0F5005A
:10BB0000034506003335A0001301010167800000E2
:10BB10001305000067800000130500006FF0DFFED2
:10BB20001305E0FF678000001305E0FF6FF0DFFD05
:10BB300083274504130101FF232481002322910060
:10BB4000232611001304050093840500638C07026B
:10BB500013972400B387E70003A5070063040504D7
:10BB60000327050023A0E70023280500232605005E
:10BB70008320C100032481008324410013010101BB
:10BB8000678000001306100293054000EF10900C30
:10BB90002322A40493070500E31C05FA1305000003
:10BBA0006FF01FFD232021011309100033199900A4
:10BBB0001306590013162600930510001305040000
:10BBC000EF105009630A0500232425012322950064
:10BBD000032901006FF05FF903290100130500003C
:10BBE0006FF01FF96380050203A745008327450412
:10BBF00013172700B387E70003A7070023A0E5007A
:10BC000023A0B70067800000130101FE232A9100E2
:10BC100083A4050137030100232C8100232821017F
:10BC200023263101232E11001389050093090500F5
:10BC30001384060013884501930800001303F3FFE3
:10BC400083270800130848009388180033F767001B
:10BC50003307C70293D60701B386C602B30787002E
:10BC600013D70701B3F76700B386E6001397060101
:10BC7000B307F700232EF8FE13D40601E3C298FCA5
:10BC8000630204028327890063DEF4029387440081
:10BC900093972700B307F90023A287009384140029
:10BCA000232899008320C1010324810183244101B9
:10BCB0008329C100130509000329010113010102B1
:10BCC0006780000083254900138509002324410172
:10BCD00093851500EFF0DFE5130A0500630E0504F8
:10BCE000032609019305C9001305C50013062600A4
:10BCF00013162600EF909FA40327490083A7490449
:10BD000013172700B387E70003A707002320E900E4
:10BD100023A027019387440013090A009397270063
:10BD2000B307F900032A81009384140023A287003B
:10BD3000232899006FF01FF7B7260180372501806F
:10BD400093860658130600009305A00B1305C55CE7
:10BD5000EF10C069130101FE232C8100232A9100FA
:10BD60002328210123263101232441019389060040
:10BD70009307900093868600232E1100B3C6F60227
:10BD80001309050013840500130A06009304070035
:10BD900063DA370D9307100093050000939717009F
:10BDA00093851500E3CCD7FE13050900EFF05FD8AB
:10BDB00093050500630C050A930710002328F5007E
:10BDC000232A95009307900063D847092322510145
:10BDD000930A940093840A003304440183C6040048
:10BDE0001306A00013050900938606FDEFF0DFE1BE
:10BDF0009384140093050500E39284FE13048AFFE4
:10BE000033848A00832A410063563A03B389494147
:10BE1000B3093401834604001306A000130509008A
:10BE2000938606FDEFF05FDE130414009305050012
:10BE3000E31234FF8320C1010324810183244101E3
:10BE4000032901018329C100032A8100138505000C
:10BE500013010102678000001304A400130A90007C
:10BE60006FF09FFA930500006FF01FF4B726018072
:10BE70003725018093860658130600009305300D80
:10BE80001305C55C23225101EF10405693070500AE
:10BE9000370701001305000063F6E70093970701D9
:10BEA000130500013707000163F6E700130585005D
:10BEB000939787003707001063F6E70013054500E6
:10BEC000939747003707004063EAE70093C7F7FFFF
:10BED00093D7F7013305F50067800000939727009B
:10BEE00063CA070013971700634A0700130500028F
:10BEF00067800000130525006780000013053500EA
:10BF000067800000832705001307050093F677007C
:10BF10006384060293F6170013050000639E06046F
:10BF200093F627006388060A93D717002320F700AB
:10BF300013051000678000009396070193D6060151
:10BF400013050000638E060693F6F70F638006065E
:10BF500093F6F7006382060493F6370063840602C3
:10BF600093F61700639C060093D71700130515007E
:10BF70006396070013050002678000002320F70086
:10BF80006780000093D7270093F61700130525005C
:10BF9000E39606FE6FF05FFD93D7470093F63700F8
:10BFA00013054500E39E06FA6FF0DFFD93D7870087
:10BFB00093F6F70013058500E39006FA6FF0DFFDB6
:10BFC00093D7070193F6F70F13050001E39206F8E4
:10BFD0006FF0DFFD93D727002320F7001305200023
:10BFE0006780000083274504130101FF232481009B
:10BFF00023229100232611001304050093840500D9
:10C00000638C070203A547006302050603270500AA
:10C0100023A2E7008320C1000324810093071000BE
:10C02000232A9500232605002328F50083244100B8
:10C030001301010167800000130610029305400000
:10C04000EF1040412322A40493070500E31C05FAE6
:10C05000B726018037250180938606581306000015
:10C06000930550141305C55CEF1040381306C0014A
:10C070009305100013050400EF10C03DE30A05FC12
:10C08000930710002322F500930720002324F500D6
:10C090006FF05FF8130101FE2328210123263101EF
:10C0A00003A9050183290601232A910023244101C4
:10C0B000232E1100232C8100138A0500930406000F
:10C0C000634C390113870900938405009309090023
:10C0D000130A06001309070083A7840083A5440000
:10C0E00033842901B3A78700B385F500EFF05FA47F
:10C0F000630E051A1303450193182400B3081301B6
:10C10000930703006378130123A007009387470078
:10C11000E3EC17FF13084A01131E2900938E440114
:10C1200093952900330EC801B385BE006376C8130A
:10C1300093875401130F400063F0F516B706010012
:10C140009386F6FF6F00800193DF0F0163980F085D
:10C1500013084800130343006370C811832F0800BD
:10C16000B3F3DF00E38203FE93020300938F0E001C
:10C170009304000083A70F0003A6020093824200ED
:10C1800033F7D7003307770293D707013379D60007
:10C1900013560601938F4F00B387770233072701A9
:10C1A00033079700935407013377D700B387C7004D
:10C1B000B3879700139607013367E60023AEE2FECC
:10C1C00093D40701E3E8BFFAB307E30123A0970084
:10C1D000832F080093DF0F01E38C0FF60327030082
:10C1E0009302030013860E009304070093030000DC
:10C1F0008327060093D904013377D700B3F7D7001C
:10C20000B387F70383A442009382420013064600DB
:10C2100033F9D400B3877700B387370193930701CD
:10C2200033E7E30023AEE2FE0357E6FF93D70701AF
:10C230003307F703330727013307F7009353070149
:10C24000E368B6FAB307E30123A0E7001308480048
:10C2500013034300E364C8F1634880006F0080016A
:10C260001304F4FF6308040083A7C8FF9388C8FF82
:10C27000E38807FE8320C101232885000324810170
:10C2800083244101032901018329C100032A81007C
:10C290001301010267800000B38795409387B7FEC2
:10C2A00093F7C7FF138F47006FF05FE9B726018050
:10C2B0003725018093860658130600009305201643
:10C2C0001305C55CEF108012130101FE232C8100C1
:10C2D0002328210123263101232E110093773600D4
:10C2E000130406009309050013890500639C070ADF
:10C2F00013542440630A0406232A910083A40904EA
:10C300006386040C9377140063900702135414405F
:10C31000630A040403A504006306050693040500EC
:10C3200093771400E38407FE138604009305090045
:10C3300013850900EFF01FD66300090203274900A7
:10C3400083A7490413172700B387E70003A7070053
:10C350002320E90023A027011354144013090500EA
:10C36000E31A04FA832441018320C10103248101DB
:10C370008329C100130509000329010113010102EA
:10C38000678000001386040093850400138509006C
:10C39000EFF05FD023A0A400232005009304050044
:10C3A0006FF01FF89387F7FF372701801307876027
:10C3B00093972700B307F70003A607009306000032
:10C3C000EFF09F84130905006FF09FF293051000B2
:10C3D00013850900EFF0CFF5930405006300050213
:10C3E00093071027232AF500930710002328F50050
:10C3F00023A0A904232005006FF0DFF0B7260180F9
:10C4000037250180938606581306000093055014C3
:10C410001305C55CEF00907D130101FE232251013D
:10C4200083AA050183A7850023263101935956402D
:10C43000B38A5901232C8100232A9100232821014A
:10C4400023244101232E110013891A00938405002F
:10C450001304060083A54500130A050063D82701CD
:10C460009397170093851500E3CC27FF13050A0067
:10C47000EFF00FEC630C0510130845016354300313
:10C4800093895900939929003307350193070800D0
:10C490009387470023AE07FEE39CE7FE9389C9FE1E
:10C4A0003308380183A80401938744011376F4010B
:10C4B00093982800B38817016304060A93050002C5
:10C4C000B385C540130308009306000003A70700C7
:10C4D00013034300938747003317C7003367D70020
:10C4E000232EE3FE83A6C7FFB3D6B600E3E017FF13
:10C4F000938754011307400063EAF800B38798401C
:10C500009387B7FE93F7C7FF138747003308E80008
:10C510002320D8006394060013890A0003A744006F
:10C5200083274A048320C10113172700B387E7003C
:10C5300003A70700232825010324810123A0E40089
:10C5400023A0970003290101832441018329C1000D
:10C55000032A8100832A4100130101026780000041
:10C5600003A707009387470013084800232EE8FE1F
:10C57000E3F417FB03A7070093874700130848005D
:10C58000232EE8FEE3EE17FD6FF01FF9B7260180BA
:10C590003725018093860658130600009305E01D99
:10C5A0001305C55CEF0090640327050183A705010F
:10C5B000130805003305F7406312F704939727002B
:10C5C00013084801938545013307F800B387F50048
:10C5D0006F0080006374E8020326C7FF83A6C7FFCD
:10C5E0001307C7FF9387C7FFE306D6FE13051000A6
:10C5F0006376D6001305F0FF6780000067800000B7
:10C6000003A7050183270601130101FF23248100ED
:10C6100023229100232611002320210113840500E9
:10C6200093040600B306F740631EF718939627009D
:10C630001386450113874401B307D6003307D7009B
:10C640006F008000637CF61883A5C7FF8326C7FFB1
:10C650009387C7FF1307C7FFE386D5FE13091000B2
:10C6600063EAD500938704001309000093040400D3
:10C670001384070083A54400EFF08FCB6306051AEF
:10C6800083A8040183220401938F4401139328009B
:10C69000130844019392220093054501370E0100CF
:10C6A0002326250133836F00B3025800138F050042
:10C6B000938E0F0093060000130EFEFF03A70E00DB
:10C6C00003260800130F4F00B377C701B373C601E9
:10C6D000B3877740B387D700135707011356060176
:10C6E00093D607413307C7403307D7009316070196
:10C6F000B3F7C701B3E7D70013084800232EFFFEA6
:10C70000938E4E0093560741E36A58FA130754017B
:10C71000338482401304B4FEB3B2E20013CF12009C
:10C7200013542400130740006384020AB38FEF0000
:10C730003388E500B70E0100130E080013860F00C2
:10C74000938EFEFF63F46F0C83270600130E4E00DA
:10C750001306460033F7D7013307D70093D50701F7
:10C76000135707413307B700B387D700B3F7D70193
:10C7700093160701B3E7D700232EFEFE9356074119
:10C78000E36466FC1303F3FF3303F3411373C3FF46
:10C7900033076800639A07008327C7FF9388F8FF71
:10C7A0001307C7FFE38A07FE8320C100032481002B
:10C7B00023281501832441000329010013010101ED
:10C7C0006780000013091000E3DE06E86FF09FEABF
:10C7D00013071400131727006FF05FF5930500008F
:10C7E000EFF00FB5630005068320C100032481002C
:10C7F000930710002328F500232A05008324410015
:10C8000003290100130101016780000013070000E4
:10C8100063160F003387E5006FF0DFF7131724006E
:10C820003387E5006FF01FF7B726018037250180B9
:10C830009386065813060000930550241305C55C23
:10C84000EF00D03AB726018037250180938606583D
:10C8500013060000930570231305C55CEF00103923
:10C86000B707F07FB3F5B700B707C0FCB385F50095
:10C87000930700006356B00013850700678000002F
:10C88000B305B04093D545419307300163CCB70061
:10C89000B7070800B3D5B74093070000138507001A
:10C8A000678000009385C5FE1307E0019307100021
:10C8B0006346B700B7070080B3D7B7009305000001
:10C8C0001385070067800000130101FE232A9100F1
:10C8D00083240501232C8100130445019394240033
:10C8E000B30494002328210103A9C4FF23263101A6
:10C8F000232441011305090093890500232E11000B
:10C90000EFF0CFD813070002B307A74023A0F90028
:10C910009307A000138AC4FF63DCA708130655FF22
:10C920006370440583A784FF630C0604B306C74005
:10C9300033D7D7003319C9003369E900938584FFE1
:10C940003707F03F3367E900B397C700637EB4024F
:10C9500003A644FFB356D600B3E7D7006F00C0026A
:10C960009307B000630CF5003319C9003707F03F97
:10C970003367E900930700006F0000019307000090
:10C980003707F03F3367E9008320C10103248101A9
:10C9900083244101032901018329C100032A810065
:10C9A000138507009305070013010102678000004B
:10C9B0009306B000B386A640B707F03F3357D900BF
:10C9C0003367F700930700006376440183A784FF71
:10C9D000B3D7D700130555013319A900B367F90080
:10C9E0006FF09FFA130101FD232A5101938A05007C
:10C9F0009305100023229102232E3101232C4101A3
:10CA000023261102232481022320210393040600FC
:10CA1000138A060093090700EFF08F916302051057
:10CA20003707100013D944019307F7FF1379F97FF3
:10CA300013040500B3F7970063040900B3E7E700A8
:10CA40002326F10063920A061305C100EFF08FCB95
:10CA50000327C1009304100023289400232AE40034
:10CA600093070502630809081309D9BC3309F900C3
:10CA70009304500323202A013385F44023A0A90006
:10CA80008320C10213050400032481028324410290
:10CA9000032901028329C101032A8101832A41015B
:10CAA0001301010367800000130581002324510155
:10CAB000EFF04FC50327C10093070500630E05047F
:10CAC0000326810093060002B386A640B316D70062
:10CAD0003357A700B3E6C6002326E100B334E000D5
:10CAE00093841400232AD400232CE40023289400E8
:10CAF000E31C09F6139724003307E400032507011C
:10CB00009387E7BC2320FA00EFF04FB893945400CA
:10CB10003385A4406FF09FF6832681006FF01FFCE1
:10CB2000B72601803725018093860658130600003A
:10CB30009305F0301305C55CEF00500B130101FDA8
:10CB40002320210313890500930581002326110268
:10CB50002324810223229102232E3101930905000F
:10CB6000EFF09FD693040500138405001305090018
:10CB70009305C100EFF05FD50327090183A70901E1
:10CB80008326C100B387E7400327810093975700AE
:10CB90003307D740B387E70013070500635EF00251
:10CBA000939747013384870093860500138504001B
:10CBB0009305040013060700EF1090098320C102BB
:10CBC0000324810283244102032901028329C10134
:10CBD000130101036780000093974701B385F54077
:10CBE0006FF09FFC130101FF232021012326110078
:10CBF000930770011309050063DAA70483A701F105
:10CC000083A541F1232481002322910003A481F113
:10CC100083A4C1F113850700130604009386040062
:10CC2000EF2000251309F9FF93070500E31409FE1F
:10CC3000032481008320C1008324410003290100D3
:10CC40001385070013010101678000003727018069
:10CC5000131935001307876033072701832707015E
:10CC60008320C100832547010329010013850700A4
:10CC70001301010167800000832606019385F5FFFB
:10CC800093D555409385150093074601939626004A
:10CC900093952500B386D700B305B50063F8D70296
:10CCA0001307050003A807009387470013074700F1
:10CCB000232E07FFE3E8D7FEB387C6409387B7FE6E
:10CCC00093F7C7FF938747003305F5006378B500F6
:10CCD00013054500232E05FEE36CB5FE67800000BA
:10CCE0000327050113D65540930645016352C70239
:10CCF00013172700B387E60063F2F60403A7C7FF04
:10CD00009387C7FFE30A07FE130510006780000042
:10CD100093172600B387F600E350E6FE93F5F5017E
:10CD2000E38C05FC03A60700130510003357B6007B
:10CD30003317B700E302E6FC67800000130500002C
:10CD400067800000130101FD2322910223261102B6
:10CD5000930406006388051E2324810223202103F7
:10CD600013840500232E3101232A5101232C410174
:10CD700013090500EF708FF50327C4FF9387B400F4
:10CD800093066001930A84FF9379C7FF63F2F6105C
:10CD900013FA87FF63C2071063609A1063D24913C6
:10CDA000B737018023248101138C879103268C00DF
:10CDB000B3863A0183A746006308D61C13F6E7FF43
:10CDC0003386C6000326460013761600631A06143F
:10CDD00093F7C7FF3386F9006358460D13771700A2
:10CDE000631C070223267101832B84FF2328610122
:10CDF000B38B7A4103A74B001377C7FFB387E700D4
:10CE0000338B3701635C4B33338BE90063584B2919
:10CE1000032B0101832BC100938504001305090036
:10CE2000EF60DFEF93040500630805408327C4FF2C
:10CE3000130785FF93F7E7FFB387FA006386E724BC
:10CE40001386C9FF9307400263E4C72E130730011E
:10CE5000636AC720930705001307040083260700B1
:10CE600023A0D7008326470023A2D70003278700EB
:10CE700023A4E7009305040013050900EF805FDF9A
:10CE800013050900EF70CFE4032C81006F00C0068A
:10CE9000130A0001E3749AF09307C0002320F900FD
:10CEA000930400006F00400583A7C60003A7860017
:10CEB000032C8100930906002326F70023A4E70032
:10CEC00083A74A00B38649411306F00093F7170081
:10CED00033873A016362D608B3E7370123A2FA0029
:10CEE0008327470093E717002322F7001305090063
:10CEF000EF700FDE93040400032481028320C1023B
:10CF0000032901028329C101032A8101832A4101E6
:10CF1000138504008324410213010103678000008C
:10CF200013771700E31A07EE23267101832B84FF82
:10CF300023286101B38B7A4103A74B001377C7FF06
:10CF40006FF09FEC8320C102832441029305060009
:10CF5000130101036F609FDCB3E7470123A2FA00CE
:10CF6000B3854A0193E6160023A2D5008327470024
:10CF7000938585001305090093E717002322F70026
:10CF8000EF801FCF6FF09FF693F7C7FFB38637018F
:10CF900013060A0163D0C62613771700E31E07E6BF
:10CFA00023267101832B84FF23286101B38B7A41EF
:10CFB00003A74B001377C7FFB387E700338B370115
:10CFC000E344CBE483A7CB0003A78B001386C9FF00
:10CFD000930640022326F70023A4E70093848B00E6
:10CFE00063E4C62813073001938704006372C70205
:10CFF000032704009307B00123A4EB000327440098
:10D0000023A6EB0063EAC7261304840093870B0171
:10D010000327040023A0E7000327440023A2E7001E
:10D020000327840023A4E70033874B01330B4B41D4
:10D030002324EC0093671B002322F70083A74B00F7
:10D040001305090093F71700B3E7470123A2FB007C
:10D05000EF700FC8032B0101832BC100032C81004B
:10D060006FF09FE9832604001307B0012320D50049
:10D07000832644002322D500636EC714130784005F
:10D08000930785006FF09FDD8327C5FF032C810088
:10D0900093F7C7FFB389F9006FF09FE283A7CB0036
:10D0A00003A78B001386C9FF930640022326F700CF
:10D0B00023A4E70093848B0063E6C61013073001B6
:10D0C00093870400637CC702032704009307B00121
:10D0D00023A4EB000327440023A6EB0063F8C71446
:10D0E0008327840023A8FB008327C40023AAFB0016
:10D0F000630CD60A1304040193878B0103270400F1
:10D1000023A0E7000327440023A2E70003278400AD
:10D1100023A4E70093090B00938A0B00032B010162
:10D12000832BC100032C8100138404006FF05FD9AE
:10D1300093050400EFC09FF16FF0DFD383A7C60013
:10D1400003A786001386C9FF930640022326F70033
:10D1500023A4E70003A78B0083A7CB0093848B0055
:10D160002326F70023A4E70063EEC604130730016B
:10D1700093870400E374C7F8032704009307B00102
:10D1800023A4EB000327440023A6EB0063F0C70AA7
:10D19000032784009307400223A8EB000327C40061
:10D1A00023AAEB00E318F6F40327040193870B028C
:10D1B0001304840123ACEB000327C4FF23AEEB0070
:10D1C0006FF0DFF39305040013850400EFC01FE840
:10D1D0006FF05FF4032784002324E5000327C400D5
:10D1E0002326E5006304F6061307040193070501EF
:10D1F0006FF0DFC6B38A4A01B386464123245C013F
:10D2000093E7160023A2FA008327C4FF1305090041
:10D210009304040093F71700B3E74701232EF4FEAD
:10D22000EF700FAB032C81006FF01FCD130484004F
:10D2300093870B016FF09FEC13050900EF704FA966
:10D2400093040000032C81006FF01FCB83260401A0
:10D2500013078401930785012328D5008326440101
:10D26000232AD5006FF09FBF9305040013850400A7
:10D27000EFC0DFDD6FF05FDB8327840023A8FB00B6
:10D280008327C40023AAFB006308D600130404010B
:10D2900093878B016FF0DFD70327040193870B027D
:10D2A0001304840123ACEB000327C4FF23AEEB007F
:10D2B0006FF01FD683A701E467800700638405022F
:10D2C0009307F00F63E8C7002380C5001305100023
:10D2D000678000009307A0082320F5001305F0FFE6
:10D2E000678000001305000067800000130101FE45
:10D2F000232C8100232A9100232E110083A701E40F
:10D30000130405009384060063820502E78007008A
:10D310009307F0FF6306F5028320C1010324810116
:10D3200083244101130101026780000013060000FD
:10D3300093054100E78007009307F0FFE31EF5FC2B
:10D3400023A004009307A0088320C1012320F40038
:10D35000032481018324410113010102678000003D
:10D36000130101FE232C8100232A9100232E11009A
:10D3700083A441F483A701E413040600630A0502B1
:10D380001386050093060400930505001385040029
:10D39000E78007009307F0FF630AF5028320C101CD
:10D3A00003248101832441011301010267800000ED
:10D3B0009306060093054100130600001385040040
:10D3C000E78007009307F0FFE31AF5FC2320040031
:10D3D0008320C101032481019307A00823A0F40046
:10D3E00083244101130101026780000003A741F477
:10D3F000130101FF9387060013080600232611007E
:10D400008328C700930605001387050013860700CD
:10D4100063000802B737018093874783B7350180DF
:10D420009385458413850800EF00C014EF00C019F0
:10D430003718018093074885130848856FF01FFE51
:10D44000130101FF930606001306000023261100B6
:10D45000EFF0DFF9B3B7C502130101FF2326110076
:10D4600023248100B385C5026390070AEF601F8BF8
:10D47000130405006300050A0326C5FF13074002D5
:10D480001376C6FF1306C6FF6368C7049306300110
:10D490009307050063F2C60223200500232205003E
:10D4A0009307B00163F8C704232405002326050071
:10D4B00093070501630CE60623A0070023A20700DB
:10D4C00023A407008320C100130504000324810066
:10D4D000130101016780000093050000EF804F9861
:10D4E0008320C100130504000324810013010101FE
:10D4F000678000009307850023A0070023A2070090
:10D5000023A407006FF01FFCEF00800B9307C000FF
:10D510002320F500130400008320C100130504003C
:10D520000324810013010101678000002328050006
:10D5300093078501232A05006FF01FF8130101FCF2
:10D540001303C1022326D10293060300232E1100E8
:10D550002328E102232AF102232C0103232E1103A5
:10D5600023266100EFA01FB58320C1011301010430
:10D5700067800000130E0500130101FC03A541F4B0
:10D58000130381022324C1022326D102138605003E
:10D590009306030093050E00232E11002328E102B9
:10D5A000232AF102232C0103232E110323266100D9
:10D5B000EFA05FB08320C101130101046780000068
:10D5C00003A541F467800000130101FF130560000B
:10D5D00023261100EF00802A13051000EF304F9D25
:10D5E000832785116386070013050000678000000C
:10D5F000130101FF93050008232481002326110055
:10D6000013040500EF608FF1232CA41063040502BE
:10D61000930705082320050013054500E31CF5FECC
:10D62000130500008320C1000324810013010101C0
:10D63000678000001305F0FF6FF0DFFE130101FEAD
:10D64000232A9100232E11009307F0019304050073
:10D6500063ECB70283278511232C81001384050016
:10D66000638C070213142400B3878700032481010D
:10D6700003A5070023A0C7008320C1018324410123
:10D680001301010267800000930760012320F50069
:10D690001305F0FF6FF05FFE930500082326C1001D
:10D6A000EF60CFE723ACA4100326C1009307050069
:10D6B0001307050093060508630A050023200700E9
:10D6C00013074700E31CD7FE6FF0DFF90324810145
:10D6D0001305F0FF6FF05FFA130101FF23229100A1
:10D6E000232611009307F0019304050063E0B70AB5
:10D6F0008327851123248100138405006384070494
:10D7000013972500B387E70003A70700630C070200
:10D7100093061000630CD7009306F0FF6308D7044C
:10D7200023A0070013850500E700070003248100FC
:10D73000130500008320C10083244100130101016F
:10D740006780000013850400EF00C0431306040047
:10D75000032481008320C100930505001385040084
:10D7600083244100130101016F00803B03248100E9
:10D770008320C100930760012320F500832441002A
:10D780001305100013010101678000009307600179
:10D790002320F5001305F0FF6FF0DFF99307F00188
:10D7A00063EAB70C83278511130101FF232481004D
:10D7B0002322910023261100138405009304050001
:10D7C0006380070813172400B387E70003A7070047
:10D7D000630C07029306F0FF6300D7069306100060
:10D7E0006300D7041305040023A00700E700070027
:10D7F000130500008320C10003248100832441001D
:10D8000013010101678000008320C100032481000F
:10D8100083244100130510001301010167800000FB
:10D820008320C100032481008324410013053000BC
:10D830001301010167800000130520006FF09FFBBA
:10D8400093050008EF608FCD23ACA410930705006B
:10D85000630E050013070500930605082320070043
:10D8600013074700E31CD7FE6FF0DFF51305F0FF49
:10D870006FF05FF81305F0FF67800000130101FFF0
:10D8800023229100232611009307F00183A441F481
:10D8900063EEA70883A784112324810013040500E5
:10D8A0006382070413172500B387E70003A7070067
:10D8B000630A070293061000630AD7009306F0FF7D
:10D8C0006306D70423A00700E700070003248100B4
:10D8D000130500008320C1008324410013010101CE
:10D8E0006780000013850400EF00C02913060400C0
:10D8F000032481008320C1009305050013850400E3
:10D9000083244100130101016F0080210324810061
:10D910008320C1009307600123A0F40013051000C9
:10D920008324410013010101678000009307600117
:10D9300023A0F4001305F0FF6FF0DFF9130101FFDE
:10D9400023202101232611009307F00103A941F4AC
:10D9500063E2A70423248100130405000325891131
:10D960002322910093840500630E05021314240002
:10D97000B307850003A507000324810023A09700B7
:10D98000832441008320C100032901001301010108
:10D9900067800000930760012320F9001305F0FF62
:10D9A0006FF05FFE9305000813050900EF600FB7E5
:10D9B000232CA9109307050013070508630A050027
:10D9C00023A0070093874700E31CF7FE6FF01FFAC0
:10D9D00003248100832441001305F0FF6FF09FFAB8
:10D9E000130101FF2324810003A441F42326110025
:10D9F00083278411638C0700130500008320C10076
:10DA000003248100130101016780000093050008D1
:10DA100013050400EF608FB0232CA410630C0500E5
:10DA2000930705082320050013054500E31CF5FEB8
:10DA30006FF09FFC1305F0FF6FF05FFC130101FF17
:10DA400023229100232611009307F00183A441F4BF
:10DA500063E4A70C83A78411232481001304050029
:10DA60006382070813172400B387E70003A70700A2
:10DA7000630C07029306F0FF6300D70693061000BD
:10DA80006300D7041305040023A00700E700070084
:10DA900003248100130500008320C100832441007A
:10DAA0001301010167800000032481008320C1006D
:10DAB0008324410013051000130101016780000059
:10DAC000032481008320C10083244100130530001A
:10DAD0001301010167800000032481001305200069
:10DAE0006FF09FFB9305000813850400EF600FA300
:10DAF00023ACA41093070500630E0500130705006F
:10DB0000930605082320070013074700E39CE6FE61
:10DB10006FF05FF5032481001305F0FF6FF0DFF76E
:10DB2000130101FF138705002324810023229100A4
:10DB300013040500930506001305070023261100B2
:10DB400023AE01F4EF20DFD09307F0FF630CF50064
:10DB50008320C100032481008324410013010101BB
:10DB60006780000083A7C1F5E38407FE8320C1001E
:10DB70002320F400032481008324410013010101C8
:10DB8000678000006F20DFC9B7071000130101FE96
:10DB9000938EF7FF33F8BE00B3F7DE0013D34601D0
:10DBA0002328210113D9450193973700232C8100A5
:10DBB0001318380013D4F5011357D5019358D60123
:10DBC0001379F97F1373F37F232E1100232A910019
:10DBD0002326310193D6F601B3E8F8003367070135
:10DBE00093153500131F3600B30769406304D41E34
:10DBF0006352F016630603289306F07F6306D9424A
:10DC0000930680031306100063CEF602B706800069
:10DC1000B3E8D8009306F00163CEF65293060002F3
:10DC2000B386F6403396D8003355FF00B316DF00B5
:10DC30003366A600B336D000B3D8F8003366D600FA
:10DC4000330717413386C540B3B5C50093040600BA
:10DC5000B309B7409397890063DA0732B7078000AA
:10DC60009387F7FFB3F9F9006388092C138509003E
:10DC7000EF201001930785FF930600023387F640DB
:10DC800033D7E400B399F90033673701B394F40054
:10DC900063C8274BB387274193871700B386F640A5
:10DCA0003396D400B3D9F4003336C000336636015E
:10DCB000B316D700B3E4C600B359F7001309000048
:10DCC00093F774006380070293F7F4001307400092
:10DCD000638AE7009387440033B69700B389C9008D
:10DCE000938407009397890063DA076E93071900FE
:10DCF0001307F07F130E04006386E72A370780FFBF
:10DD00001307F7FF33F7E90093F7F77F1318D701ED
:10DD100013D63400131797003368C8001357C70091
:10DD20008320C1010324810193974701B3E7E700F2
:10DD30001317FE01B3E7E700832441010329010122
:10DD40008329C10013050800938507001301010210
:10DD500067800000638C0714B30723416312093CFA
:10DD60003365B7006304054C1385F7FF6302056054
:10DD70001308F07F6386075793078003130610008C
:10DD800063CCA702930705001306F001634CF65617
:10DD9000130500023305F5403316A70033D8F5000C
:10DDA0003395A500336606013335A0003357F700DD
:10DDB0003366A600B388E8403306CF403337CF0040
:10DDC00093040600B389E840130903001384060096
:10DDD0006FF05FE86350F01E63100314B3E6E801D0
:10DDE000638C06269386F7FF638006481306F07F50
:10DDF000638CC722930780039309100063CCD7027A
:10DE0000938706009306F00163C0F64A930600026A
:10DE1000B386F640B399D8003356FF00B316DF003F
:10DE2000B3E9C900B336D000B3D8F800B3E9D900DC
:10DE300033071701B385B900B3B9350193840500E1
:10DE4000B389E9009397890063D207141309190075
:10DE50009307F07F630CF936B70780FF9387F7FFCE
:10DE600013F61400B3F7F90013D714003367C70093
:10DE70001396F701B364E60093D917006FF05FE4DF
:10DE8000B3E6E801638A061C9386F7FF63800640C9
:10DE90001306F07F638AC7189307800313061000E8
:10DEA000E3C2D7DA938706006FF0DFD613081900B4
:10DEB0001378E87F631C08223363B70033E8E80176
:10DEC00063100938630E034663060840B389E541D1
:10DED00033B53501330617413306A64013158600C6
:10DEE000635E0550B305BF403387E840333FBF0052
:10DEF0003307E7411316870093840500635E0652DB
:10DF0000B70780FF9387F7FF3377F700138E06007C
:10DF1000930710006FF09FDF9306F07F6306D91020
:10DF20009306800393091000E3C6F6F0B70680005D
:10DF3000B3E8D8006FF01FED13850400EF204054C4
:10DF4000930785019306F001E3D8F6D2130785FF06
:10DF50003397E40063C627233389274193071900C9
:10DF600063D6F648130919FE93060002B35427013D
:10DF7000638CD70093060004B387F6403317F7008D
:10DF80003337E000B3E4E4001309000093F77400B2
:10DF9000E39C07D29307090013D6340013870900C6
:10DFA0006F00000C9307F07F1307000013080000B8
:10DFB0006FF01FD7638A070CB30723416302091E62
:10DFC0009306F07F6308D332930680039309100011
:10DFD00063CEF602B70680003367D7009306F001E0
:10DFE00063C8F63C93060002B386F640B319D70027
:10DFF00033D6F500B396D500B3E9C900B336D000E7
:10E000003357F700B3E9D900B388E8003387E90153
:10E01000B339370193040700B389190113090300C9
:10E020006FF05FE2631008021316350013563600D6
:10E030001318D7013368C800135737003367070137
:10E0400063060718130E00009307F07F37070800D8
:10E05000130800006FF0DFCC13163500135636009E
:10E060001318D7019306F07F3368C80013573700A1
:10E07000E386D7FC1317C7001357C70093F7F77F42
:10E08000130E04006FF0DFC99306190013F8E67F42
:10E0900063180814B366B700631C0928638206304E
:10E0A000B3E6E80163880622B387E501B3B5B7009C
:10E0B000330717013307B70013D8370093178700CA
:10E0C000130E040063DE0734B70780FF9387F7FF62
:10E0D0003377F7009317D7011357370033E8070159
:10E0E0003377D701930710006FF09FC33388E54162
:10E0F000B3B70501B3091741B389F9409397890074
:10E100009304080063C6071033683801E31E08B49F
:10E11000130E000093070000130700006FF05FC0AC
:10E120001305F07F630EA31A130580031306100076
:10E13000E344F5C8370680003367C7006FF0DFC4DB
:10E14000B70980FF9389F9FF3309F940B3793701A3
:10E150006FF01FB7938607FE13060002B3D6D800F0
:10E16000638AC70013060004B307F640B397F800AC
:10E17000336FFF003336E0013366D6006FF09FAC9B
:10E18000B70680FF9386F6FFB307F9403377D700D1
:10E190001318D70133683801135737006FF09FED1C
:10E1A000B366B7006386061E9386F7FF638E060A82
:10E1B0001305F07F6380A714930780039309100071
:10E1C000E3C6D7E4938706006FF05FE1130E040007
:10E1D0009307F07F13070000130800006FF05FB48F
:10E1E0009307F07FE384F6FE338FE501B335BF007C
:10E1F000B3071701B387B7001396F701135F1F002A
:10E20000B364E60193D91700138906006FF05FAB82
:10E210003306BF40B387E8403337CF00930406008E
:10E22000B389E740138406006FF01FA4131636006D
:10E230001356360013840600138708006FF05FE260
:10E24000E31203DE6306081C13D7380013163600EA
:10E250009398D80133671701135636003367C70008
:10E26000138406006FF0DFDD338FE501B30817017B
:10E27000B335BF00B389B8009397890093040F00AA
:10E2800063D4070E130920006FF01FBD338FE541E3
:10E29000B3081741B3B5E50193040F00B389B84043
:10E2A000130910006FF01F9B938607FE13060002F0
:10E2B000B3D6D800638AC70013060004B307F6403C
:10E2C000B397F800336FFF00B339E001B3E9D90029
:10E2D0006FF05FB613163500935936006FF05FEBA1
:10E2E00013163600135636001384060013870800F1
:10E2F0006FF01FD41316360013563600138708002C
:10E300006FF01FD3138507FE130600023355A700D5
:10E31000638AC70013060004B307F640B317F7007B
:10E32000B3E5F5003336B0003366A6006FF0DFA822
:10E33000E38206FC33EFE801E3160FD06FF0DFCE87
:10E34000E30808DC131836009397D80113583800F7
:10E3500013D738003368F8003377D701138E0600DF
:10E36000930700006FF0DF9B930710006FF0DFC290
:10E37000B305BF40B388E8403337BF00938405003E
:10E38000B389E84013840600130910006FF09F8CD6
:10E390001316360013563600138708006FF05FCC53
:10E3A0001316360093593600138708006FF05FDEAE
:10E3B000938607FE13060002B356D700638AC70090
:10E3C00013060004B307F640B317F700B3E5F500F2
:10E3D000B339B000B3E9D9006FF05FC313D634008E
:10E3E00093070900138709006FF09FC79306000287
:10E3F000B386F640130600006FF05F8B33E8C90068
:10E40000E30808D093D93900130706006FF05FD8EE
:10E41000130E00009307F07F370708006FF05F903E
:10E420009317D7011357370033E807013377D70124
:10E43000930700006FF0DF8E1318D70193D53500D6
:10E440003368B80013573700138406006FF09FC27B
:10E45000130101FD232E310193D9450123248102AB
:10E460002322910223202103232C41012326710121
:10E470009394C50023261102232A51012328610108
:10E480002324810193F9F97F13040500930B0600FF
:10E490001389060093D4C40013DAF501638A0918BE
:10E4A0009307F07F6388F908939434009357D5015C
:10E4B000B3E7970037078000B3EAE700131B350086
:10E4C000938919C093040000130C0000935749016D
:10E4D0001314C90093F7F77F1354C4001359F901BB
:10E4E000638207081307F07F638AE7181314340068
:10E4F00013D7DB0133678700938717C03704800089
:10E500003364870093983B00B389F94013060000F9
:10E510001307F000B3462A0163649724B7370180DC
:10E520009394240093874787B384F40003A70400DF
:10E5300067000700B3EAA400639E0A1C93574901D1
:10E540001314C90093F7F77F130B000093048000A6
:10E550009309F07F130C20001354C4001359F901E0
:10E56000E39207F8B36874016382081C630A044AE3
:10E5700013050400EF10D07093070500930655FFB4
:10E580001307D001938887FF3307D7403314140152
:10E5900033D7EB0033648700B3981B01B38737018F
:10E5A0009389373F130600006FF09FF63307F7405B
:10E5B00013068003635AE64E93070000130600001B
:10E5C000130700008320C1020324810293974701AF
:10E5D000B3E7C7009396F601B3E7D700832441025F
:10E5E000032901028329C101032A8101832A4101F0
:10E5F000032B0101832BC100032C810013050700AD
:10E600009385070013010103678000009307F07FE3
:10E6100013060000130700006FF0DFFA93060000F6
:10E620009307F07F37060800130700006FF09FF98B
:10E63000B3EAA400638C0A106388044013850400C5
:10E64000EF10106413070500930655FF9307D001E0
:10E65000130B87FFB387D740B3946401B357F4001B
:10E66000B3EA9700331B64019309D0C0B389E94032
:10E6700093040000130C00006FF05FE5B3687401B1
:10E6800093891980639C080A93E424001304000012
:10E69000130620006FF0DFE713090A0013840A0055
:10E6A00093080B00930720006308FC4E930730008B
:10E6B000E306FCF69307100093060900E30EFCEE58
:10E6C0009387F93F6356F02A13F778006316074AD9
:10E6D00013177400635A0700B70700FF9387F7FF0B
:10E6E0003374F400938709401307E07FE340F7F2A7
:10E6F00093D838001317D401131694003367170109
:10E700001356C60093F7F77F6FF0DFEB130C06008C
:10E710006FF05FF9938A0400130B05009304C000A7
:10E720009309F07F130C30006FF05FDA93E414006C
:10E7300013040000130610006FF09FDD93E4340013
:10E7400093880B00130630006FF09FDC130B000062
:10E750009304400093090000130C10006FF01FD7C2
:10E760006364542B63808A2A13030B009389F9FF97
:10E7700093870A00130B0000131784001355070139
:10E7800033D4A70213D688013366E60013180601B6
:10E79000135808019395880013570301B3F7A70294
:10E7A000B308880293970701B367F70063FA17016C
:10E7B000B307F6001307F4FF63F0C72E1304070036
:10E7C000B3871741B3D8A7021317030113570701E3
:10E7D000B3F7A702B30F1803939707013367F70046
:10E7E000637AF7013307E6009387F8FF637EC72853
:10E7F0009388070013140401B70201003364140165
:10E800001383F2FFB3786400935E040113DE050105
:10E8100033F36500330F13033307F741B3081E03C7
:10E8200093570F01B38F6E02B388F801B3871701B6
:10E83000B38ECE0363F4F701B38E5E00B70F010011
:10E84000938FFFFF93D80701B3F7F7019397070161
:10E85000337FFF01B388D801B387E701636E1717D1
:10E86000630A1717B307FB4033071741333BFB001D
:10E87000330767416300E62EB358A70293DE070112
:10E880003377A702330F18031317070133E7EE009E
:10E89000637EE7013307E600938EF8FF636AC72EB5
:10E8A0006378E72F9388E8FF3307C7003307E74112
:10E8B000B35EA7029397070193D707013377A702A7
:10E8C0003308D80313170701B3E7E70063FE070116
:10E8D000B307F6001387FEFF63E8C72A63F6072B2A
:10E8E000938EEEFFB387C70093980801B3E8D80171
:10E8F0001395080113DF080113550501B30E6502D6
:10E90000B38707413305AE0213D70E0133036F02FD
:10E91000330565003307A700330EEE036376670007
:10E9200037050100330EAE00370801001308F8FF69
:10E93000135507013377070113170701B3FE0E01C3
:10E940003305C5013307D70163F2A712B307F600F9
:10E950001383F8FF1388070063E4C71C63E8A72448
:10E960006386A7269308030093E818006FF05FD52D
:10E9700013071000E39C07C29389E941B39738015C
:10E98000B337F000B3193401B3E73701B3D8E80067
:10E99000B3E8F80093F778003354E400638007028B
:10E9A00093F7F80013074000638AE7009387480055
:10E9B000B3B817013304140193880700931584003A
:10E9C000930710001306000013070000E3CC05BEF8
:10E9D0006F004013E378FBE8B30EBB0033BF6E015A
:10E9E000B30FCF003307F701138B0E00930FF4FF23
:10E9F0006374E60863621715638EE81213840F00D0
:10EA00006FF05FE6E3621BD713571B001393FA0105
:10EA100093D71A003363E300131BFB016FF0DFD5BC
:10EA200013850B00EF10D025930655011307C00185
:10EA300093070502E356D7B4130585FF930800003A
:10EA40003394AB006FF09FB5EF1090239306550100
:10EA50009307C00113070502E3DAD7BE930785FFCA
:10EA6000B31AF400130B00006FF01FC0E39EA7EE73
:10EA7000E30807C46FF09FEDE312E6F8E30C0FF62E
:10EA800013840F006FF01FDEE374F7D79388E8FF5D
:10EA90003307C7006FF01FD6E3F217D31304E4FF68
:10EAA000B387C7006FF0DFD11306F001E356E6EC41
:10EAB000130610FEB307F64013060002B357F40026
:10EAC0006308C7009389E943B3193401B3E83801F7
:10EAD000B3381001B3E8F80013F77800130600000C
:10EAE0006308070293F7F8001307400013040000BF
:10EAF000638AE70093874800B3B8170133341001E5
:10EB000093880700131694001317D4011356C600F8
:10EB100093D8380033E7E800930700006FF09FAA0E
:10EB200093080300E312A8E4E30CB7B893E81800D5
:10EB30006FF01FB9E3F4FEECB38ED50133BFBE0016
:10EB4000330FCF001304E4FF138B0E003307E701EC
:10EB50006FF05FD1130720C09387F93F9308F0FF50
:10EB6000E3C8E9E013874800B33817013304140100
:10EB7000930807006FF0DFB513F7F80013064000A5
:10EB8000E308C7B46FF01FFE930E07006FF0DFD5E8
:10EB900093880E006FF09FD1930609009307F07FD2
:10EBA00013060000130700006FF0DFA11393150098
:10EBB0003338B3003308C800338807019388E8FF6F
:10EBC00093050300E302A8F66FF01FDAE3E0E5FE29
:10EBD00093080300E31CB7F46FF09FAE13D7450111
:10EBE000B70710009387F7FF13D846011377F77F15
:10EBF0001303F07F33FEB70093080500B3F7D70087
:10EC000093D5F5011378F87F93D6F601130510001C
:10EC1000630C670063086800631407016306FE0263
:10EC20006780000067800000E31CE8FEB367FE0019
:10EC3000B3E7C700B3E71701E39407FEB385D540F8
:10EC40003335B00067800000E39CC8FC638AD500C0
:10EC5000E31807FC336E1E013335C00167800000E6
:10EC6000130500006780000093D84501B707100026
:10EC70009387F7FF13D7460193F8F87F130EF07FC1
:10EC800033F3B70013080500930E0500B3F7D70060
:10EC900093D5F501130F06001375F77F93D6F60190
:10ECA0006388C8056304C503639A080633680301D3
:10ECB0006310050633E6C700630C06086312080AF2
:10ECC00013051000638206086780000033E6C70062
:10ECD000631406086396080033630301E30203FE2E
:10ECE0006380D50663920506130510006780000057
:10ECF0003363030163120306E31615FFB3E7C7008E
:10ED0000639C0704E390D5FE1305000067800000B4
:10ED1000E30808FAE398D5FC6F008002E30405FCE1
:10ED2000E392D5FCE34015FD63CCA800E3EC67FA61
:10ED30006318F300E368DFFB13050000E3F6EEF968
:10ED400013051000E39205F81305F0FF678000003B
:10ED5000E31A08F8678000001305E0FF67800000F1
:10ED6000E386D5FC6FF01FF893D84501B707100074
:10ED70009387F7FF13D7460193F8F87F1303F07FCB
:10ED800033FEB70013080500930E0500B3F7D70054
:10ED900093D5F501130F06001375F77F93D6F6018F
:10EDA000638A6804630465026398080633680E0189
:10EDB000631E050833E6C7006304060A6316080AE3
:10EDC00013051000638006086780000033E6C70063
:10EDD00013052000E31A06FE63960800336E0E0149
:10EDE000E3000EFE638CD504639E0504130510003A
:10EDF00067800000336E0E0163100E06E31615FFE8
:10EE0000B3E7C70013052000E39007FCE39ED5FCA1
:10EE10001305000067800000E30805FCE396D5FCBD
:10EE2000E34415FD63CCA800E3E0C7FD6318FE00D2
:10EE3000E36CDFFB13050000E3F8EEF913051000A7
:10EE4000E39405F81305F0FF67800000E30A08F675
:10EE5000E39CD5F86FF09FFE13052000678000004B
:10EE6000E31408F867800000E380D5FC6FF0DFF75B
:10EE7000130101FD93D7450123248102232291022E
:10EE800023202103232E3101232A51019394C5000D
:10EE900023261102232C410123286101232671011D
:10EEA0002324810193F7F77F13040500930A0600DA
:10EEB0009389060093D4C40013D9F50163840742F3
:10EEC0001307F07F6386E70A939634001357D50142
:10EED0003367D700B7068000B364D700131A350034
:10EEE000138C17C0130B0000930B000093D749013C
:10EEF0001397C90093F7F77F138F0A001354C700C5
:10EF000093D9F9016380070A1307F07F638EE71432
:10EF10001317340093D5DA01B3E5E500938717C0E2
:10EF20003707800033E4E500139F3A00B388870178
:10EF3000130300001307A00013851800634C670B30
:10EF4000B3453901930720001388050063C6671590
:10EF5000130BFBFF1307100063606717630AF33C92
:10EF600093040400130A0F00930B03006F00C00901
:10EF700033EAA40063180A3C93D749011397C900E8
:10EF800093F7F77F93040000130B8000130CF07FBE
:10EF9000930B2000138F0A001354C70093D9F90173
:10EFA000E39407F6B36754016382073C6300044AA5
:10EFB00013050400EF10C04C93080500130755FF1C
:10EFC0009307D001138F88FFB387E740B3D7FA00C8
:10EFD0003317E40133E4E700339FEA01B3081C412F
:10EFE0009388D8C01307A0001303000013851800EE
:10EFF000E35867F59305090093072000638AFB3205
:10F0000093073000638CFB489307100013880500BA
:10F01000639AFB4693070000930600001307000065
:10F020008320C1020324810293974701B3E7D700ED
:10F030009316F801B3E7D7008324410203290102A4
:10F040008329C101032A8101832A4101032B010184
:10F05000832BC100032C8100130507009385070053
:10F060001301010367800000336754019308FC7F9C
:10F07000630A073037170000334839011307078048
:10F08000136B3B009306A000930508003305EC00CA
:10F0900063C066391303300013061000331666018F
:10F0A00013770653E31A07F4937706246394073C17
:10F0B000137686086312062EB70F0100938EFFFFAA
:10F0C000B377DA0193560A01B37EDF01135E0F01B5
:10F0D0003387D7033383D603935507013306FE02E4
:10F0E00033066600B385C500338FC60363F465003D
:10F0F000330FFF01B70301001386F3FF33F3C5009D
:10F10000935F04013377C7003374C4001313030102
:10F11000B38287023303E30093D505013387860268
:10F1200013D60201B387FF02B387E7003306F60068
:10F13000B387F6036374E600B387770037090100ED
:10F140009309F9FF3377360193D30401B3F6340101
:10F15000B3F2320113170701B384DE0233075700FD
:10F16000135606013306F600B385E500B302DE024E
:10F1700093D70401B38ED303B382D201B387570070
:10F18000330E7E0263F4D701330E2E01B70901005E
:10F19000938EF9FFB3F2D70193D70701B387C70165
:10F1A000B3FED401939202013309D402B382D20197
:10F1B00033848302135E0901B386DF02B3868600BF
:10F1C000330EDE00B38E7F0263748E00B38E3E0179
:10F1D000B70F0100938FFFFFB376FE0193960601F0
:10F1E0003379F901B385E501B38626013386C6007C
:10F1F00033B7E5003307E600338F5500B307F70058
:10F20000B335BF00B385B700B336D6003336C70079
:10F21000B3E6C60033B7E700135E0E01B3B7F500DF
:10F22000B386C6013367F70093179F003307D700F3
:10F23000B3E767003307D701B337F00013567F01F8
:10F240001317970093D67501B3E7C7009395950000
:10F2500033EAB70093177700B364D70063D007028F
:10F2600013571A0093771A009396F401B367F700C7
:10F2700033EAD70093D41400930805001386F83FAF
:10F280006356C01293777A00638007029377FA007F
:10F2900013074000638AE70013074A00B3374701AA
:10F2A000B384F400130A07009397740063DA07002D
:10F2B000B70700FF9387F7FFB3F4F4001386084005
:10F2C0009307E07F63C4C71C93573A001397D40198
:10F2D000939694003367F70093D6C6009377F67F32
:10F2E0006FF01FD433EAA40063080A06638E041289
:10F2F00013850400EF10C01813060500930655FF90
:10F300001307D001930786FF3307D7403357E40034
:10F31000B396F400B364D700331AF4009307D0C057
:10F32000338CC740130B0000930B00006FF01FBC21
:10F33000138805009307F07F930600001307000071
:10F340006FF01FCE130A0500130BC000130CF07FE3
:10F35000930B30006FF09FB993040000130B400033
:10F36000130C0000930B10006FF05FB8136B1B00C1
:10F3700093080C0013040000130F00001303100087
:10F380006FF05FBB136B2B0013040000130F000022
:10F39000130320006FF01FBA93040400130A0F0038
:10F3A000930B0300938509006FF01FC5130710002E
:10F3B000631006109388E84133161A013336C000F3
:10F3C000B3981401B357EA00336616013366F600AA
:10F3D00093777600B3D5E400638007029377F60055
:10F3E00013074000638AE7009307460033B6C7005F
:10F3F000B385C50013860700139585009307100099
:10F400009306000013070000E34C05C06F00C01016
:10F410001307F0006310EB1213080000B706080092
:10F42000130700006FF0DFBFEF1080059306550152
:10F430009307C00113060502E3D4D7EC130585FF3B
:10F44000130A0000B314A4006FF05FED13850A00E7
:10F45000EF100003130755019307C001930805023D
:10F46000E3D0E7B6130585FF130F00003394AA001D
:10F470006FF0DFB6130800009307F07FB7060800AF
:10F480006FF01FBA930805006FF05FDF9307F07FFE
:10F4900093060000130700006FF09FB813080000E8
:10F4A0009307F07FB7060800130700006FF05FB7FF
:10F4B0003307C74093078003E3CEE7B49307F00117
:10F4C000E3DAE7EE930710FEB387C7409306000226
:10F4D000B3D7F4006308D7009388E843B3981401C6
:10F4E000336A1A01333640013366F600137776002B
:10F4F00093060000630807029377F60013074000A5
:10F5000093050000638AE7009307460033B6C700FF
:10F51000B335C00013860700939695001397D50165
:10F5200093D6C600135636003367E60093070000F3
:10F530006FF01FAF93040400138A0A00930B30008E
:10F54000938509006FF05FABB70710009387F7FF53
:10F55000130101FEB3F8B70033F8D70093D7460183
:10F5600093983800232C81002326310113D4F50110
:10F5700093D945011357D501131838009355D60177
:10F58000232E1100232A91002328210113FFF77F46
:10F590001303F07F3367170193F9F97F130E04000B
:10F5A0009318350093D6F601B3E50501931E360096
:10F5B000630C6F2093C61600B387E9416302D4162B
:10F5C000E35AF000630A0F246384693C93068003C6
:10F5D0001305100063CEF602B7068000B3E5D50030
:10F5E0009306F00163C4F64E93060002B386F6401C
:10F5F0003395D50033D6FE00B396DE003365C500E3
:10F60000B336D000B3D7F5003365D5003307F740E4
:10F610003385A84033B6A800930405003309C740DA
:10F620009317890063D80734B70780009387F7FFE3
:10F630003379F9006306092E13050900EF005064C1
:10F64000930785FF930600023387F64033D7E40023
:10F650003319F90033672701B394F40063C4373FCB
:10F66000B387374193871700B386F6403396D400AB
:10F6700033D9F4003336C0003366C900B316D7005F
:10F68000B3E4C6003359F7009309000093F7740000
:10F690006380070293F7F40013074000638AE700D2
:10F6A0009387440033B597003309A900938407007A
:10F6B0009317890063D0076C938719001307F07FB5
:10F6C0006386E724370780FF1307F7FF3377E900E6
:10F6D00093F7F77F1318D70113D53400131797004A
:10F6E0003368A8001357C700137E14008320C1019C
:10F6F0000324810193974701B3E7E7001317FE0145
:10F70000B3E7E70083244101032901018329C100F4
:10F7100013050800938507001301010267800000AC
:10F720006352F07063160F1CB3E6D501638E062694
:10F730009386F7FF63880646638C672493078003EC
:10F740001309100063CCD702938706009306F001DB
:10F7500063CAF64893060002B386F6403399D50093
:10F7600033D6FE00B396DE003369C900B336D0004D
:10F77000B3D7F5003369D9003307F7003306190111
:10F7800033392601930406003309E90093178900F1
:10F7900063D2071E938919009307F07F6388F916D7
:10F7A000B70780FF9387F7FF13F51400B377F900CD
:10F7B00013D714003367A7001395F701B364E5006E
:10F7C00013D917006FF09FEC33E8D501138319802C
:10F7D00063080806630AD4066304030E638E0926D1
:10F7E00013153600135535001384060013870500E2
:10F7F0001318D7013368A800135737003367070180
:10F8000063060710130E00009307F07F3707080008
:10F81000130800006FF09FEDB3E6D501638606186C
:10F820009386F7FF6382063A638467169307800323
:10F8300013051000E3CED7DC938706006FF05FDA84
:10F8400093C61600E31AD4F8630803186390092CD2
:10F850009307F07FB3661701638806489386F7FF26
:10F86000638206341305F07F6382A72A930780031F
:10F870001309100063CAD7029307F00163C6D74C7F
:10F8800093070002B387D7403319F70033D6D80067
:10F89000B397F8003369C900B337F000B356D70007
:10F8A0003369F900B385D5003307D901333927010E
:10F8B000930407003309B90093090F006FF01FED9F
:10F8C0009387190093F7E77F6394071433E8D50112
:10F8D000B36717016394092A638E07386310083CE5
:10F8E0001315350013593500930700006F004011C0
:10F8F0006380690A9306800313091000E3C0F6E8E9
:10F90000B7068000B3E5D5006FF05FE4137E140006
:10F910009307F07F13070000130800006FF01FDD4E
:10F9200013850400EF00D035930785019306F0019D
:10F93000E3DAF6D0130785FF3397E40063CE371B75
:10F94000B38937419387190063DEF642938919FE24
:10F9500093060002B3543701638CD700930600046A
:10F96000B387F6403317F7003337E000B3E4E40021
:10F970009309000093F77400E39E07D09387090072
:10F9800013D53400130709006F008002E31C08E65A
:10F99000131535001318D701135535003368A80027
:10F9A000135737006FF09FE51315350013553500D9
:10F9B0001318D7019306F07F3368A8001357370058
:10F9C000E38ED7E21317C7001357C70093F7F77FEB
:10F9D000137E14006FF09FD19386190093F7E67F92
:10F9E000639E0712B3671701639A09246386073081
:10F9F000B3E7D501639A0730131535001359350065
:10FA00001318D70133682801135737006FF09FFB95
:10FA10003388D841B3B708013309B7403309F940F7
:10FA2000931789009304080063C207123368280102
:10FA3000E31208C0130E0000930700001307000034
:10FA40006FF0DFCA370980FF1309F9FFB389F94066
:10FA5000337927016FF09FC39307F07F3365170158
:10FA6000630405101388F7FF6302081E1305F07F77
:10FA7000E388A7D6930780031384060013051000BC
:10FA800063CA07039307F00163C4071993070002D1
:10FA9000B38707413315F700B3D60801B397F800D1
:10FAA0003365D500B337F000335807013365F500EF
:10FAB000B38505413385AE4033B7AE0093040500EE
:10FAC0003389E54093090F006FF09FB5938607FED9
:10FAD00013060002B3D6D500638AC70013060004DC
:10FAE000B307F640B397F500B3EEFE003335D0010F
:10FAF0003365D5006FF0DFB1B70680FF9386F6FF60
:10FB0000B387F9403377D7006FF09FEF13153600B6
:10FB100013553500138705006FF09FCD9307F07FD5
:10FB2000E386F6DEB38ED80133B61E01B307B70005
:10FB3000B387C7001395F70193DE1E00B364D501A8
:10FB400013D91700938906006FF05FB433861E4106
:10FB5000B387E54033B7CE00930406003389E7400E
:10FB6000138406006FF01FAD1316360013553600D0
:10FB700013840600138705006FF09FE3E39807E006
:10FB80006306082213D73500131636009395D50166
:10FB90003367B700135636003367C7001384060077
:10FBA0006FF01FC6B38ED801B305B70033B61E0180
:10FBB0003389C5009317890093840E0063D8070A20
:10FBC000930920006FF0DFBDB38ED841B305B74075
:10FBD00033B6D80193840E003389C54093091000D1
:10FBE0006FF01FA4938607FE13060002B3D6D5005C
:10FBF000638AC70013060004B307F640B397F50005
:10FC0000B3EEFE003339D0013369D9006FF01FB76E
:10FC1000930708FE93060002B357F700630AD80063
:10FC200093060004B38606413317D700B3E8E80013
:10FC3000333510013365F5006FF0DFE7E38807EC3B
:10FC4000B3EED501E3900EBC6FF09FD433861E4116
:10FC5000B385E54033B7CE00930406003389E54011
:10FC600013840600930910006FF09F9B9307100008
:10FC70006FF01FD1E30008DC1316360093573600EF
:10FC80001398D501139795003368F8001357C700F0
:10FC9000138E0600930700006FF05FA53389D841EB
:10FCA000B3B728013306B7403306F64093178600F2
:10FCB00063D2070E33861E413387E540B3BECE00C4
:10FCC0003307D741931787009304060063DE0712BA
:10FCD000B70780FF9387F7FF3377F7001384060099
:10FCE000930710006FF01F9F131636001355360050
:10FCF000138705006FF0DFCB13163600135936005B
:10FD0000138705006FF0DFCFB386D801B307B700C4
:10FD100033B61601B387C7001397870013D8360090
:10FD2000635E0708370780FF1307F7FFB3F7E700A5
:10FD30001397D701939797003368070113D7C7002C
:10FD4000930710006FF09F9A938706FE1306000238
:10FD5000B357F700638AC60013060004B306D64003
:10FD60003317D700B3E8E800333910013369F900DD
:10FD70006FF09FB313D53400938709001307090070
:10FD80006FF01FC393060002B386F640130600000F
:10FD90006FF09F8E3368C900E30E08C8135939000D
:10FDA00093070000130706006FF09FC5130E0000B5
:10FDB0009307F07F370708006FF05F931397D70121
:10FDC000939797003368070113D7C7009307000084
:10FDD0006FF0DF91E38607AE33083F4193070800D9
:10FDE000E38E09C69307800363CA0701B707800043
:10FDF0003367F700138406006FF0DFC81384060032
:10FE0000130510006FF01FCB1318D70113563600DF
:10FE10003368C800135737009307000013840600A7
:10FE20006FF05FBAE38A07BAB3063F4163960900F1
:10FE3000938706006FF01FA2930780031309100039
:10FE4000E3C4D7A6B70780003367F7006FF0DFA2DF
:10FE500013D74501B70710009387F7FF1347F7FF44
:10FE600013D84601B3F5B700B3F7D700931657017F
:10FE70001378F87F638006021307F07F13050000F4
:10FE80006304E80067800000B3E7C7003335F00083
:10FE900067800000B3E5A50013051000E38E05FCA4
:10FEA0006780000093D74501B70610001387F6FF5F
:10FEB00093F7F77F1306E03F3377B70093D5F5014B
:10FEC000635EF6001306D041635EF60037050080DE
:10FED0001305F5FF3385A5006780000013050000BA
:10FEE00067800000130630433306F6401308F00124
:10FEF0003367D7006350C80293063041B387F6409A
:10FF00003357F7003305E040E39C05FC1305070079
:10FF1000678000009387D7BE3317F7003355C500BD
:10FF20003367A7006FF01FFE130101FF23261100A6
:10FF30002324810023229100630A05041357F5410D
:10FF4000B344A700B384E44093070500138504007D
:10FF500013D4F701EF00C0529307E041B387A740E5
:10FF60001307A00093F7F77F6340A7061307B000BD
:10FF70003307A74033D7E400130555011317C70013
:10FF8000B394A4001357C7006F004001130400008E
:10FF900093070000130700009304000093974701A4
:10FFA0001314F401B3E7E7008320C100B3E787002F
:10FFB00003248100138504009385070083244100F6
:10FFC0001301010167800000130555FF3397A4005A
:10FFD0001317C7001357C700930400006FF01FFCEE
:10FFE000130101FF232481002326110013040500BF
:10FFF000630C0504EF00C0489307E041B387A740B6
:02000004800179
:100000001307A00093F7F77F6344A7061307B00018
:100010003307A740130555013357E4003314A400F8
:100020008320C100130504001317C70003248100B7
:100030001357C70093974701B3E7E700938507007D
:1000400013010101678000008320C1001305040033
:1000500093070000032481001307000093974701D2
:10006000B3E7E700938507001301010167800000F3
:10007000130555FF3317A400130400008320C100AB
:10008000130504001317C700032481001357C7008A
:1000900093974701B3E7E700938507001301010138
:1000A000678000008325C50083278500032805009D
:1000B0008326450013960501130101FE13971500D1
:1000C000135606012324F1002326B100232CF1004E
:1000D000232001012322D10023280101232AD1005A
:1000E000232EC1001357170193D5F5019308010181
:1000F0009307C1011315360003A6C7FF9387C7FFF7
:100100009356D601B3E6A60023A2D700E394F8FEE7
:1001100093061700131838001396160123280101BF
:100120001356260163020604B7C6FFFF93860640F6
:100130003307D7009306E07F63D4E6109307F07F80
:100140001306000093060000939747019395F5016D
:10015000B3E7C700B3E7B700138506009385070030
:1001600013010102678000000326410183288101F9
:100170000325C101B3661601B3E6A600B3E6060186
:1001800063140704638206149306500013060000EC
:1001900093D736009316D601B3E6F60013169600F1
:1001A0009377F77F1356C600939747019395F50110
:1001B000B3E7C700B3E7B7001385060093850700D0
:1001C00013010102678000006384061293D7C801FF
:1001D00013154500B3E7A700B7068000B3F6D700B4
:1001E0006382061C370780FF9356C6019398480028
:1001F0001307F7FF33F6E700B3E61601B707400031
:100200003366F60093F686FF9307000013D7360097
:100210009316D601131696001356C60093974701FE
:100220009395F501B3E7C700B3E6E600B3E7B7007F
:100230001385060093850700130101026780000003
:10024000635CE00C83274101032581010326C10182
:1002500093964700B3E6060193D7C70113184500EC
:10026000131646001355C501B336D000B3E7070196
:100270003366A600B3E6F60093F7760063800702C4
:1002800093F7F60013054000638AA70093874600A2
:10029000B3B6D7003306D60093860700B7078000B1
:1002A000B377F600E38607EE130717009307F07F96
:1002B000E306F7E8B70780FF9387F7FF3376F6008A
:1002C0009377F77F6FF09FF4930700001306000009
:1002D000939747019395F501B3E7C700B3E7B700DC
:1002E0001385060093850700130101026780000053
:1002F0009307F07F13060000939747019395F5014C
:10030000B3E7C700B3E7B70013850600938507007E
:1003100013010102678000009306C0FC634CD708FC
:100320009306D003B386E6400327C10113DE56408F
:10033000B70E0800B3EEEE0013152E00232ED101E8
:1003400093F6F6013388A80013860800130700000F
:10035000032306001306460033676700E31AC8FE4E
:10036000130630003306C641639A060403280800CA
:10037000938616009387470023AE07FF634ED6008F
:100380003388A70003280800938616009387470048
:1003900023AE07FFE356D6FE93074000B387C7415D
:1003A0006F004008930500009307F07F37060800B0
:1003B0006FF09FD9130700006FF01FDD13080502CF
:1003C00033082800032808FF130F0002330FDF4013
:1003D0003318E80133670701630E06081318260077
:1003E000B30FF8003386A800032506000323460058
:1003F000938747003355D5003313E3013365650018
:1004000023AEA7FE13064600E390FFFE93074000CD
:10041000B387C7411306080233062600B3DEDE00A9
:100420002328D6FF93064000B386F6409396260015
:100430009397270013068000B388F80063EAC6008C
:1004400023A0080023A20800938686FF93888800D3
:100450009307400063E4F60023A00800832701010E
:100460003337E00003264101B366F70013070000AD
:100470006FF09FE093071000130800006FF09FF9E2
:10048000B7070100637AF502133705101337170019
:1004900013173700B72701803355E50093874711BD
:1004A000B387A70003C5070093060002B386E640A2
:1004B0003385A64067800000B70700016374F5022A
:1004C00013070001B72701803355E50093874711D3
:1004D000B387A70003C50700930600013385A64034
:1004E0006780000013078001B72701803355E500BE
:1004F00093874711B387A70003C5070093068000C1
:080500003385A640678000006E
:10050800696C6C6567616C20696E7374727563746D
:10051800696F6E20657863657074696F6E206861B5
:100528006E646C657220656E74657265640A006538
:1005380063616C6C20657863657074696F6E2068A0
:10054800616E646C657220656E74657265640A001C
:1005580065627265616B20657863657074696F6E3A
:100568002068616E646C657220656E74657265647E
:100578000A00756E6B6E6F776E20657863657074B0
:10058800696F6E2068616E646C657220656E746553
:100598007265640A006E6F20657863657074696FB0
:1005A8006E2068616E646C657220696E7374616C2C
:1005B8006C65640A00000000556E696D706C656DAD
:1005C800656E7465642073797374656D2063616CFE
:1005D8006C2063616C6C6564210A0000E004FFFF15
:1005E800E004FFFF5C04FFFF5C04FFFF5C04FFFF07
:1005F8005C04FFFF5C04FFFF5C04FFFFE004FFFFF7
:10060800D004FFFF5C04FFFF5C04FFFF5C04FFFFF6
:100618005C04FFFFD004FFFFD004FFFFA805FFFF25
:100628005C04FFFF5C04FFFF5C04FFFF5C04FFFF4A
:100638005C04FFFF5C04FFFF5C04FFFF5C04FFFF3A
:100648005C04FFFF5C04FFFF5C04FFFF5C04FFFF2A
:100658005C04FFFF5C04FFFFE004FFFF5805FFFF99
:100668005C04FFFF5C04FFFF5C04FFFF5C04FFFF0A
:100678005C04FFFF5C04FFFF5C04FFFF5C04FFFFFA
:100688005C04FFFF5C04FFFF5C04FFFF5C04FFFFEA
:100698008C05FFFF5C04FFFF5C04FFFF5C04FFFFA9
:1006A8005C04FFFF5C04FFFF5C04FFFF5C04FFFFCA
:1006B8005C04FFFF5C04FFFF5C04FFFF5C04FFFFBA
:1006C8005C04FFFF5C04FFFF5C04FFFF5C04FFFFAA
:1006D8005C04FFFF5C04FFFF5C04FFFF5C04FFFF9A
:1006E8005C04FFFF5C04FFFF5C04FFFF5C04FFFF8A
:1006F8005C04FFFF5C04FFFF5C04FFFF5C04FFFF7A
:100708005C04FFFF5C04FFFF5C04FFFF5C04FFFF69
:100718005C04FFFF5C04FFFF5C04FFFF5C04FFFF59
:100728009C05FFFF8803FFFF2C04FFFF3804FFFF31
:100738001403FFFF1403FFFF1403FFFF1403FFFF5D
:100748001403FFFF1403FFFF9803FFFF1403FFFFC9
:100758001403FFFF1403FFFF1403FFFF1004FFFF40
:100768009803FFFF46465420616C6C6F63206661F6
:10077800696C65640D0000004646542072756E6E03
:10078800696E67202825642072756E73292E2E2EB7
:100798000D0A00004646542066696E6973686564F0
:1007A8000D0000006B6973735F666674206176657F
:1007B80072616765206F7665722025642072756E98
:1007C800733A20257520696E737472756374696F46
:1007D8006E732C202575206379636C65730D0A0090
:1007E8004641494C203A2066667420726573756CE0
:1007F800742076616C75657320696E636F727265BB
:1008080063740A596F7572206F75742076616C7500
:1008180065733A0A5265616C09496D61670D00009C
:1008280025640925640D0A00535543434553532055
:100838003A2066667420726573756C742076616CF4
:1008480075657320636F72726563740D0000000034
:10085800FF7F0000C679A22A94651B4F93466468FF
:10086800DF201B7331FF206EC9DFCF5AEEC7AC3CC7
:10087800C6B95B1877B6ECF243BDF4D26BCC77B946
:1008880033E128A904FA02A41C13CFAA47293BBDC7
:10089800023A79D901434CF85E43B819253B5838D8
:1008A8004A2BB6507015AC60EEFC916690E3AE61D1
:1008B80034CE5B52D4BF053A8EB91D1BE6BB50FF40
:1008C80037C634E50DD700D16CECBCC38104F4BD48
:1008D800211CB9BF0B31A2C8EC40E8D7AB4911ECD9
:1008E800C04AEB025D44ED18FE36BC29ED232935DC
:1008F8008B0C4D3AB3F3FD38E5DB643150C74B241C
:1009080072B80312F9B084FFACB1BBEC2DBA76DD36
:1009180044C95CD348DD89CEF6F2C8CE6508E8D371
:10092800C61BB3DD222B07EC4D3539FDF439830F97
:1009380059395120E333472D652A5936DD1DA23A2E
:10094800CB0FB139F7006C3369F25B2814E59E19B7
:1009580084D9310853D075F6ABCAF3E584C826D8D4
:10096800FF7F0000C679A22A94651B4F93466468EE
:10097800DF201B7331FF206EC9DFCF5AEEC7AC3CB6
:10098800C6B95B1877B6ECF243BDF4D26BCC77B935
:1009980033E128A904FA02A41C13CFAA47293BBDB6
:1009A800023A79D901434CF85E43B819253B5838C7
:1009B8004A2BB6507015AC60EEFC916690E3AE61C0
:1009C80034CE5B52D4BF053A8EB91D1BE6BB50FF2F
:1009D80037C634E50DD700D16CECBCC38104F4BD37
:1009E800211CB9BF0B31A2C8EC40E8D7AB4911ECC8
:1009F800C04AEB025D44ED18FE36BC29ED232935CB
:100A08008B0C4D3AB3F3FD38E5DB643150C74B240A
:100A180072B80312F9B084FFACB1BBEC2DBA76DD25
:100A280044C95CD348DD89CEF6F2C8CE6508E8D360
:100A3800C61BB3DD222B07EC4D3539FDF439830F86
:100A480059395120E333472D652A5936DD1DA23A1D
:100A5800CB0FB139F7006C3369F25B2814E59E19A6
:100A680084D9310853D075F6ABCAF3E584C826D8C3
:100A7800FF7F0000C679A22A94651B4F93466468DD
:100A8800DF201B7331FF206EC9DFCF5AEEC7AC3CA5
:100A9800C6B95B1877B6ECF243BDF4D26BCC77B924
:100AA80033E128A904FA02A41C13CFAA47293BBDA5
:100AB800023A79D901434CF85E43B819253B5838B6
:100AC8004A2BB6507015AC60EEFC916690E3AE61AF
:100AD80034CE5B52D4BF053A8EB91D1BE6BB50FF1E
:100AE80037C634E50DD700D16CECBCC38104F4BD26
:100AF800211CB9BF0B31A2C8EC40E8D7AB4911ECB7
:100B0800C04AEB025D44ED18FE36BC29ED232935B9
:100B18008B0C4D3AB3F3FD38E5DB643150C74B24F9
:100B280072B80312F9B084FFACB1BBEC2DBA76DD14
:100B380044C95CD348DD89CEF6F2C8CE6508E8D34F
:100B4800C61BB3DD222B07EC4D3539FDF439830F75
:100B580059395120E333472D652A5936DD1DA23A0C
:100B6800CB0FB139F7006C3369F25B2814E59E1995
:100B780084D9310853D075F6ABCAF3E584C826D8B2
:100B8800FF7F0000C679A22A94651B4F93466468CC
:100B9800DF201B7331FF206EC9DFCF5AEEC7AC3C94
:100BA800C6B95B1877B6ECF243BDF4D26BCC77B913
:100BB80033E128A904FA02A41C13CFAA47293BBD94
:100BC800023A79D901434CF85E43B819253B5838A5
:100BD8004A2BB6507015AC60EEFC916690E3AE619E
:100BE80034CE5B52D4BF053A8EB91D1BE6BB50FF0D
:100BF80037C634E50DD700D16CECBCC38104F4BD15
:100C0800211CB9BF0B31A2C8EC40E8D7AB4911ECA5
:100C1800C04AEB025D44ED18FE36BC29ED232935A8
:100C28008B0C4D3AB3F3FD38E5DB643150C74B24E8
:100C380072B80312F9B084FFACB1BBEC2DBA76DD03
:100C480044C95CD348DD89CEF6F2C8CE6508E8D33E
:100C5800C61BB3DD222B07EC4D3539FDF439830F64
:100C680059395120E333472D652A5936DD1DA23AFB
:100C7800CB0FB139F7006C3369F25B2814E59E1984
:100C880084D9310853D075F6ABCAF3E584C826D8A1
:100C9800FF7F0000C679A22A94651B4F93466468BB
:100CA800DF201B7331FF206EC9DFCF5AEEC7AC3C83
:100CB800C6B95B1877B6ECF243BDF4D26BCC77B902
:100CC80033E128A904FA02A41C13CFAA47293BBD83
:100CD800023A79D901434CF85E43B819253B583894
:100CE8004A2BB6507015AC60EEFC916690E3AE618D
:100CF80034CE5B52D4BF053A8EB91D1BE6BB50FFFC
:100D080037C634E50DD700D16CECBCC38104F4BD03
:100D1800211CB9BF0B31A2C8EC40E8D7AB4911EC94
:100D2800C04AEB025D44ED18FE36BC29ED23293597
:100D38008B0C4D3AB3F3FD38E5DB643150C74B24D7
:100D480072B80312F9B084FFACB1BBEC2DBA76DDF2
:100D580044C95CD348DD89CEF6F2C8CE6508E8D32D
:100D6800C61BB3DD222B07EC4D3539FDF439830F53
:100D780059395120E333472D652A5936DD1DA23AEA
:100D8800CB0FB139F7006C3369F25B2814E59E1973
:100D980084D9310853D075F6ABCAF3E584C826D890
:100DA800FF7F0000C679A22A94651B4F93466468AA
:100DB800DF201B7331FF206EC9DFCF5AEEC7AC3C72
:100DC800C6B95B1877B6ECF243BDF4D26BCC77B9F1
:100DD80033E128A904FA02A41C13CFAA47293BBD72
:100DE800023A79D901434CF85E43B819253B583883
:100DF8004A2BB6507015AC60EEFC916690E3AE617C
:100E080034CE5B52D4BF053A8EB91D1BE6BB50FFEA
:100E180037C634E50DD700D16CECBCC38104F4BDF2
:100E2800211CB9BF0B31A2C8EC40E8D7AB4911EC83
:100E3800C04AEB025D44ED18FE36BC29ED23293586
:100E48008B0C4D3AB3F3FD38E5DB643150C74B24C6
:100E580072B80312F9B084FFACB1BBEC2DBA76DDE1
:100E680044C95CD348DD89CEF6F2C8CE6508E8D31C
:100E7800C61BB3DD222B07EC4D3539FDF439830F42
:100E880059395120E333472D652A5936DD1DA23AD9
:100E9800CB0FB139F7006C3369F25B2814E59E1962
:100EA80084D9310853D075F6ABCAF3E584C826D87F
:100EB800FF7F0000C679A22A94651B4F9346646899
:100EC800DF201B7331FF206EC9DFCF5AEEC7AC3C61
:100ED800C6B95B1877B6ECF243BDF4D26BCC77B9E0
:100EE80033E128A904FA02A41C13CFAA47293BBD61
:100EF800023A79D901434CF85E43B819253B583872
:100F08004A2BB6507015AC60EEFC916690E3AE616A
:100F180034CE5B52D4BF053A8EB91D1BE6BB50FFD9
:100F280037C634E50DD700D16CECBCC38104F4BDE1
:100F3800211CB9BF0B31A2C8EC40E8D7AB4911EC72
:100F4800C04AEB025D44ED18FE36BC29ED23293575
:100F58008B0C4D3AB3F3FD38E5DB643150C74B24B5
:100F680072B80312F9B084FFACB1BBEC2DBA76DDD0
:100F780044C95CD348DD89CEF6F2C8CE6508E8D30B
:100F8800C61BB3DD222B07EC4D3539FDF439830F31
:100F980059395120E333472D652A5936DD1DA23AC8
:100FA800CB0FB139F7006C3369F25B2814E59E1951
:100FB80084D9310853D075F6ABCAF3E584C826D86E
:100FC800FF7F0000C679A22A94651B4F9346646888
:100FD800DF201B7331FF206EC9DFCF5AEEC7AC3C50
:100FE800C6B95B1877B6ECF243BDF4D26BCC77B9CF
:100FF80033E128A904FA02A41C13CFAA47293BBD50
:10100800023A79D901434CF85E43B819253B583860
:101018004A2BB6507015AC60EEFC916690E3AE6159
:1010280034CE5B52D4BF053A8EB91D1BE6BB50FFC8
:1010380037C634E50DD700D16CECBCC38104F4BDD0
:10104800211CB9BF0B31A2C8EC40E8D7AB4911EC61
:10105800A002A00A4400FDFF2F00040011000C00AC
:10106800E6FF1C00A2FF39000AFF7E0042FCCA010D
:10107800340582FDF40109FF4F014FFF07016DFFA1
:10108800D7007FFFB20093FF8300D0FFFCFD9509D6
:101098009B0067FE620094FE2B0073FED6FF1FFEC6
:1010A80045FF79FDEFFDF2FBDCF71DF5C90F830F56
:1010B8000906830492049E023A04CE0167044B0198
:1010C8003F05D2000E080100B83C64F3E8F9430379
:1010D8001AFE510279FF1C0241002A02F5007B0228
:1010E800FC01610369055E074EF657F4B5FD5BFD2B
:1010F800EBFEA7FE7CFF20FFE0FF56FF4A005AFFE9
:1011080005010BFF6A08D2F91FFE870139FFE400C9
:101118009CFFC700DBFFD3001600FA0068006801D7
:1011280054011D038BFC1EF945FF8CFEAFFF3BFFEE
:10113800EAFF7AFF1C0097FF5D009BFFE70076FF40
:101148007C0571FD36FEDA003BFF75008AFF6500FD
:10115800B7FF6B00D8FF8100FBFFBA0042008A018D
:10116800B8FE6AFBC5FF34FFF0FF9AFF0D00C2FF0F
:101178002F00D5FF6100DEFFD200DCFF160478FFE8
:101188002EFE470037FF2D0082FF2D00A6FF3500F9
:10119800BCFF4600CCFF6400DAFFCD00F3FFA3FCE0
:1011A800F6FF91FF0300D3FF1000EDFF2600FDFFBF
:1011B80049000A00990020009E02810071FEC8FFC4
:1011C80059FFF6FF94FF0800B1FF1200C0FF21008D
:1011D800C7FF3400C1FF7000DD0016FD0E00C2FF1E
:1011E8000C00EDFF1500FFFF25000E003E001F005C
:1011F8007C004100DC01EC0095FE62FF72FFCDFF30
:10120800A4FFE9FFBCFFF7FFC8FF0200D0FF0E00F4
:10121800CCFF26006501D5FD0800EDFF05000200A2
:101228000C000F0016001C0028002D00550051006E
:101238002C010301D8FE21FF92FFB9FFBAFFD9FFA5
:10124800CCFFE9FFD7FFF3FFE0FFFAFFE7FF01005C
:101258009701A1FEEFFF0C00F6FF1300FCFF1B0037
:1012680003002700100039002800600097001701CC
:1012780037FFCDFEB8FFA3FFD4FFCCFFE0FFDEFFB2
:10128800E9FFE9FFF4FFEFFF0400F1FFB60139FFC2
:10129800D2FF1400E5FF1700EEFF1A00F5FF260045
:1012A800FBFF350007005A003100F40096FFAAFE44
:1012B800DCFFA0FFE9FFCBFFF1FFDDFFFBFFE9FF4C
:1012C8000300F0FF1C00F3FFB701CBFFB4FF0D00D4
:1012D800D5FF0E00E1FF1400E6FF1D00E8FF2C001B
:1012E800ECFF4B00EBFFC20004009DFEFCFFA6FFD5
:1012F800FEFFD0FF0200E2FF0600EEFF1200F6FF3D
:101308003000020091013F0099FFF3FFC9FF02007E
:10131800D7FF0C00DDFF1100DDFF1F00DBFF3700EA
:10132800C6FF8D005D00AEFE1000B7FF0700DDFFB1
:101338000800ECFF0C00F9FF17000300310016004D
:101348003E019B008BFFCFFFC6FFF0FFD3FFFCFFE2
:10135800D9FF0500DAFF1100D2FF2300B1FF5D00BD
:10136800C500C7FE1E00C9FF1000E8FF0D00F6FF0C
:101378000F000100170010002F002900EE00D80010
:101388008DFFA2FFC8FFDAFFD7FFECFFDCFFF9FFF4
:10139800DCFF0200D5FF0F00B8FF2F0006010AFF8F
:1013A8002000DDFF1000F4FF0C00FFFF0C00090017
:1013B80012001700240035009E00EB009BFF78FF09
:1013C800D1FFCAFFDBFFDFFFE0FFEDFFE0FFF3FF28
:1013D800DCFFFDFFC8FF0B0037016EFF1600F2FFB0
:1013E8000900FEFF050009000500100008002100A3
:1013F800110042005200F800B6FF4BFFDEFFBDFFB0
:10140800E7FFD8FFE9FFE4FFEAFFECFFE8FFF2FFA0
:10141800DCFFFAFF4101BBFF0700FCFFFCFF0300F4
:10142800FAFF0B00F8FF1200F8FF2100F7FF410058
:10143800F3FFDE00FAFF2FFFF7FFB6FFF7FFD4FF39
:10144800F7FFE2FFF6FFEAFFF5FFF1FFF5FFF7FF11
:1014580046012000F4FFFFFFF3FF0200F1FF0A003E
:10146800EEFF1200ECFF1F00E4FF3C00BAFFC000D3
:101478003E001EFF0E00B7FF0700D5FF0100E1FF89
:101488000100E9FF0200F3FF0700FAFF2E018300C5
:10149800E3FFF5FFEAFFFEFFE9FF0300E8FF0B00AB
:1014A800E3FF1700D7FF2E009CFF8F007D0025FF6C
:1014B8001F00BFFF1000DAFF0A00E8FF0900F1FF74
:1014C8000B00FAFF14000B00F800DA00D2FFDDFF72
:1014D800E2FFEFFFE3FFFAFFE3FF0200DBFF0B0091
:1014E800CCFF1D0087FF6000CA003BFF2F00CBFF29
:1014F8001900E3FF1000F0FF0C00FAFF0E000600D1
:1015080017001B00B0000A01CDFFBDFFE1FFE0FF9F
:10151800E2FFEBFFE1FFF5FFDAFF0000C8FF0A007A
:1015280084FF2D00110174FF3900DEFF1F00EFFF5B
:101538001200FAFF0E0001000D000F0011002C0030
:101548005C002501DAFF98FFE9FFD1FFE8FFE1FF22
:10155800E5FFE9FFDEFFF3FFCDFFFAFF92FF08008A
:101568004A01BAFF3900F2FF1C00FAFF110002001D
:101578000B0009000700180006003A001A003401A1
:10158800F0FF6FFFF3FFBFFFF0FFD5FFECFFDFFFBA
:10159800E8FFE6FFDCFFEAFFB2FFEDFF3F011100C5
:1015A8002800FFFF0F0001000400050000000F00E5
:1015B800F7FF1E00EBFF4000B0FF1B01230052FFA6
:1015C8000900B6FF0000CEFFF7FFDAFFF2FFDFFFEA
:1015D800E7FFE2FFCFFFDCFF4D017A001A000600AB
:1015E80006000500FDFF0700F5FF0E00EAFF1B00DF
:1015F800D6FF39006AFFE600610048FF1E00B5FF0C
:101608000E00CDFF0400D9FFFEFFE0FFF8FFE2FF68
:10161800EAFFE0FF3501E10008000300FBFF0200DC
:10162800F2FF0500EAFF0C00DCFF1500C1FF2D00EA
:1016380032FFAB00B2004FFF3A00BBFF1E00D3FFE2
:101648001400DFFF0B00E5FF0400E8FFFFFFEDFFDC
:10165800E7005F01F5FFF4FFF0FFF7FFEAFFFBFF8C
:10166800E1FF0300D2FF0B00AEFF1E0011FF730065
:101678000B0163FF5200C5FF2E00DCFF1C00E4FFD6
:101688001300EBFF0C00F3FF0A00010078009F0134
:10169800F0FFD4FFEFFFE3FFE6FFECFFDDFFF0FF15
:1016A800C9FFF7FFA3FFFEFF03FF18006C01B6FF99
:1016B8006800E2FF3900EDFF2700F5FF1900FBFF86
:1016C8000F0008000A0021000900F301FAFFA7FF34
:1016D800F3FFCEFFEBFFDAFFDEFFDFFFCCFFE2FF19
:1016E800A4FFE3FF0DFFD8FFC40119007400000038
:1016F8003E00FEFF2600020016000A000A001A003B
:10170800F8FF44006DFF4902230065FF0900AAFFA6
:10171800FBFFBEFFEFFFC7FFDBFFC7FFB9FFC3FF3C
:1017280046FF99FFCF01A4006600170033000900A7
:101738001C0008000A000F00F7FF1B00D3FF44003D
:10174800BEFEDB016D0047FF2A009AFF1300B2FFBF
:10175800FFFFB7FFECFFB7FFCEFFA9FF6FFF6DFFDD
:101768000102550160002D002C00100011000A0034
:10177800FBFF0D00DDFF16009DFF3D00DAFD740143
:1017880005012CFF76008EFF4B00A2FF3600A7FF55
:101798002400A2FF13008FFFF8FF3FFFC0006A027A
:1017A80026003300120004000400F3FFF2FFE7FFF5
:1017B800DAFFDDFFA4FFD3FF54FEADFF0901EAFF06
:1017C8007100D6FF4900C7FF3800BBFF3200A5FFF4
:1017D80036007DFF640001FF7FFC820676FF8A00E9
:1017E8008DFF2C0081FF05005DFFE4FF18FFB9FFA6
:1017F8006DFE60FF8CFA82FDD003F3016201C9001F
:10180800CF008600870068005400560020004E0074
:10181800C2FF4C000509C7FFA500380054003D0071
:1018280024004100F8FF4A00B8FF5D0033FF8D0037
:101838009FFC9001A803BDFE75019AFFF900C8FF3F
:10184800C100DAFF9C00E6FF8300EDFF6D00F3FFA7
:10185800FF7F0000FD7F6EFEF57FDCFCE97F4AFB21
:10186800D87FB8F9C17F27F8A67F96F6867F05F559
:10187800617F74F3377FE4F1097F55F0D57EC6EEBA
:101888009C7E38ED5F7EABEB1D7E1EEAD57D92E82F
:10189800897D07E7397D7EE5E37CF5E3887C6DE2A9
:1018A800297CE6E0C57B61DF5C7BDDDDEE7A5ADC16
:1018B8007C7AD8DA057A58D98979DAD709795DD660
:1018C8008478E1D4FA7767D36B77EFD1D87679D07B
:1018D800417605CFA57592CD047521CC5F74B3CA46
:1018E800B57346C90773DCC7547274C69D710EC5BB
:1018F800E270AAC3227048C25E6FE9C0966E8DBFBF
:10190800C96D32BEF86CDBBC236C86BB4A6B33BA3C
:101918006D6AE4B88B6997B7A6684CB6BC6705B51D
:10192800CF66C1B3DD657FB2E86441B1EE6305B04F
:10193800F162CDAEF06198ADEB6065ACE35F37ABBB
:10194800D75E0BAAC75DE3A8B35CBEA79C5B9CA649
:10195800825A7EA5645964A442584DA31D5739A2E2
:10196800F55529A1C9541DA09B53159F6852109E77
:1019780033510F9DFB4F129CBF4E189B814D239AEC
:101988003F4C3199FB4A4498B4495A97694875962F
:101998001C479395CD45B6947A44DD932543089327
:1019A800CE41379273406A91173FA290B83DDE8FBF
:1019B800563C1E8FF23A638E8C39AC8D2438F98CE4
:1019C800BA364B8C4D35A18BDF33FC8A6E325B8A7D
:1019D800FB30BF89872F2889112E9588992C068876
:1019E8001F2B7C87A329F78626287786A826FB85C0
:1019F80028258485A62312852322A4849F203B843E
:101A08001A1FD783931D78830B1C1D83821AC782E4
:101A1800F91877826E172B82E215E3815514A1819C
:101A2800C81264813A112B81AB0FF7801C0EC98054
:101A38008C0C9F80FB0A7A806A095A80D9073F80FC
:101A480048062880B604178024030B80920103807F
:101A5800000001806EFE0380DCFC0B804AFB1780CF
:101A6800B8F9288027F83F8096F65A8005F57A80DD
:101A780074F39F80E4F1C98055F0F780C6EE2B819E
:101A880038ED6481ABEBA1811EEAE38192E82B82F9
:101A980007E777827EE5C782F5E31D836DE27883E9
:101AA800E6E0D78361DF3B84DDDDA4845ADC128560
:101AB800D8DA848558D9FB85DAD777865DD6F78654
:101AC800E1D47C8767D30688EFD1958879D02889B7
:101AD80005CFBF8992CD5B8A21CCFC8AB3CAA18B82
:101AE80046C94B8CDCC7F98C74C6AC8D0EC5638EA9
:101AF800AAC31E8F48C2DE8FE9C0A2908DBF6A912B
:101B080032BE3792DBBC089386BBDD9333BAB694FA
:101B1800E4B8939597B775964CB65A9705B5449817
:101B2800C1B331997FB2239A41B1189B05B0129C79
:101B3800CDAE0F9D98AD109E65AC159F37AB1DA01F
:101B48000BAA29A1E3A839A2BEA74DA39CA664A409
:101B58007EA57EA564A49CA64DA3BEA739A2E3A832
:101B680029A10BAA1DA037AB159F65AC109E98AD97
:101B78000F9DCDAE129C05B0189B41B1239A7FB240
:101B88003199C1B3449805B55A974CB6759697B72D
:101B98009395E4B8B69433BADD9386BB0893DBBC5F
:101BA800379232BE6A918DBFA290E9C0DE8F48C2DB
:101BB8001E8FAAC3638E0EC5AC8D74C6F98CDCC7A4
:101BC8004B8C46C9A18BB3CAFC8A21CC5B8A92CDC7
:101BD800BF8905CF288979D09588EFD1068867D342
:101BE8007C87E1D4F7865DD67786DAD7FB8558D926
:101BF8008485D8DA12855ADCA484DDDD3B8461DF74
:101C0800D783E6E078836DE21D83F5E3C7827EE53E
:101C1800778207E72B8292E8E3811EEAA181ABEB8A
:101C2800648138ED2B81C6EEF78055F0C980E4F168
:101C38009F8074F37A8005F55A8096F63F8027F8DE
:101C48002880B8F917804AFB0B80DCFC03806EFE05
:101C580001800000038092010B8024031780B604E2
:101C6800288048063F80D9075A806A097A80FB0A8B
:101C78009F808C0CC9801C0EF780AB0F2B813A110A
:101C88006481C812A1815514E381E2152B826E1775
:101C98007782F918C782821A1D830B1C7883931DDB
:101CA800D7831A1F3B849F20A48423221285A6234E
:101CB80084852825FB85A82677862628F786A329E4
:101CC8007C871F2B0688992C9588112E2889872FA9
:101CD800BF89FB305B8A6E32FC8ADF33A18B4D35BE
:101CE8004B8CBA36F98C2438AC8D8C39638EF23A29
:101CF8001E8F563CDE8FB83DA290173F6A91734005
:101D08003792CE4108932543DD937A44B694CD4566
:101D180093951C47759669485A97B4494498FB4A65
:101D280031993F4C239A814D189BBF4E129CFB4F13
:101D38000F9D3351109E6852159F9B531DA0C95487
:101D480029A1F55539A21D574DA3425864A46459D9
:101D58007EA5825A9CA69C5BBEA7B35CE3A8C75D20
:101D68000BAAD75E37ABE35F65ACEB6098ADF0616B
:101D7800CDAEF16205B0EE6341B1E8647FB2DD65D6
:101D8800C1B3CF6605B5BC674CB6A66897B78B6973
:101D9800E4B86D6A33BA4A6B86BB236CDBBCF86C5B
:101DA80032BEC96D8DBF966EE9C05E6F48C22270A3
:101DB800AAC3E2700EC59D7174C65472DCC707735E
:101DC80046C9B573B3CA5F7421CC047592CDA575A5
:101DD80005CF417679D0D876EFD16B7767D3FA778C
:101DE800E1D484785DD60979DAD7897958D9057A22
:101DF800D8DA7C7A5ADCEE7ADDDD5C7B61DFC57B84
:101E0800E6E0297C6DE2887CF5E3E37C7EE5397DBC
:101E180007E7897D92E8D57D1EEA1D7EABEB5F7EE4
:101E280038ED9C7EC6EED57E55F0097FE4F1377F0C
:101E380074F3617F05F5867F96F6A67F27F8C17F44
:101E4800B8F9D87F4AFBE97FDCFCF57F6EFEFD7FA1
:101E58000000FF7F9201FD7F2403F57FB604E97F30
:101E68004806D87FD907C17F6A09A67FFB0A867F03
:101E78008C0C617F1C0E377FAB0F097F3A11D57E22
:101E8800C8129C7E55145F7EE2151D7E6E17D57DA7
:101E9800F918897D821A397D0B1CE37C931D887C97
:101EA8001A1F297C9F20C57B23225C7BA623EE7A00
:101EB80028257C7AA826057A26288979A3290979EC
:101EC8001F2B8478992CFA77112E6B77872FD87669
:101ED800FB3041766E32A575DF3304754D355F747E
:101EE800BA36B573243807738C395472F23A9D7137
:101EF800563CE270B83D2270173F5E6F7340966E95
:101F0800CE41C96D2543F86C7A44236CCD454A6BA4
:101F18001C476D6A69488B69B449A668FB4ABC6767
:101F28003F4CCF66814DDD65BF4EE864FB4FEE63E5
:101F38003351F1626852F0619B53EB60C954E35F1F
:101F4800F555D75E1D57C75D4258B35C64599C5B15
:101F5800825A825A9C5B6459B35C4258C75D1D57CC
:101F6800D75EF555E35FC954EB609B53F061685247
:101F7800F1623351EE63FB4FE864BF4EDD65814D7E
:101F8800CF663F4CBC67FB4AA668B4498B69694871
:101F98006D6A1C474A6BCD45236C7A44F86C25431F
:101FA800C96DCE41966E73405E6F173F2270B83D83
:101FB800E270563C9D71F23A54728C39077324389A
:101FC800B573BA365F744D350475DF33A5756E3257
:101FD8004176FB30D876872F6B77112EFA77992CBC
:101FE80084781F2B0979A32989792628057AA826B8
:101FF8007C7A2825EE7AA6235C7B2322C57B9F204A
:10200800297C1A1F887C931DE37C0B1C397D821A5E
:10201800897DF918D57D6E171D7EE2155F7E5514F2
:102028009C7EC812D57E3A11097FAB0F377F1C0EF4
:10203800617F8C0C867FFB0AA67F6A09C17FD9075E
:10204800D87F4806E97FB604F57F2403FD7F920117
:1020580004000000800000000400000020000000D0
:102068000400000008000000040000000200000056
:1020780002000000010000005B4552524F525D20F3
:102088006B6973735F6666742E633A32333220006D
:102098004D656D6F727920616C6C6F636174696FE7
:1020A8006E206661696C65642E0000005B455252C3
:1020B8004F525D206B6973735F6666742E633A34A2
:1020C80034352000666F7574206275666665722007
:1020D8004E554C4C2E0000005B4552524F525D202D
:1020E8006B6973735F6666742E633A34353120000A
:1020F8004D656D6F727920616C6C6F636174696F87
:102108006E206572726F722E0000000000010202DC
:102118000303030304040404040404040505050577
:102128000505050505050505050505050606060653
:102138000606060606060606060606060606060637
:102148000606060606060606060606060707070723
:102158000707070707070707070707070707070707
:1021680007070707070707070707070707070707F7
:1021780007070707070707070707070707070707E7
:1021880007070707070707070707070708080808D3
:1021980008080808080808080808080808080808B7
:1021A80008080808080808080808080808080808A7
:1021B8000808080808080808080808080808080897
:1021C8000808080808080808080808080808080887
:1021D8000808080808080808080808080808080877
:1021E8000808080808080808080808080808080867
:1021F8000808080808080808080808080808080857
:102208000808080808080808080808080A0000005C
:10221800494E4600696E66004E414E006E616E0082
:102228003031323334353637383941424344454604
:1022380000000000303132333435363738396162C6
:102248006364656600000000286E756C6C290000E8
:10225800300000001C6700805861008058610080D1
:1022680010670080586100805861008058610080C4
:1022780058610080586100805861008014660080B1
:1022880000670080586100802C66008038660080F6
:1022980058610080C066008024610080246100804D
:1022A8002461008024610080246100802461008012
:1022B80024610080246100802461008058610080CE
:1022C8005861008058610080586100805861008022
:1022D8005861008058610080586100805861008012
:1022E8005861008094660080806400805861008096
:1022F80080640080586100805861008058610080C7
:1023080058610080346700805861008058610080FF
:10231800186800805861008058610080586100800A
:1023280058610080586100804067008058610080D3
:10233800586100802C7300805861008058610080CB
:1023480058610080586100805861008058610080A1
:102358005861008058610080586100805861008091
:10236800D86600807065008080640080806400808A
:1023780080640080CC6600807065008058610080B1
:1023880058610080306300805861008034690080A3
:1023980004690080CC680080306300805861008048
:1023A800646800805861008034680080586100804B
:1023B8005861008084730080202020202020202065
:1023C8002020202020202020303030303030303085
:1023D8003030303030303030C48600802483008084
:1023E80024830080B88600802483008024830080B2
:1023F8002483008024830080248300802483008039
:1024080018860080A88600802483008028860080A3
:1024180034860080248300809C860080F0820080BF
:10242800F0820080F0820080F0820080F0820080DC
:10243800F0820080F0820080F0820080F0820080CC
:1024480024830080248300802483008024830080E8
:1024580024830080248300802483008024830080D8
:102468002483008024830080888600802483008061
:1024780024830080248300802483008024830080B8
:1024880024830080248300802483008024830080A8
:102498002483008048870080248300802483008070
:1024A800248300802483008024830080FC860080AD
:1024B8002483008024830080E08D008024830080B2
:1024C8002483008024830080248300802483008068
:1024D8002483008024830080248300802483008058
:1024E80024830080DC86008074850080248300803B
:1024F80024830080248300801088008074850080F5
:1025080024830080248300807C84008024830080CE
:10251800D8870080B0870080A48800807C840080F1
:102528002483008044880080248300801C880080E5
:102538002483008024830080348E00802020202083
:102548002020202020202020202020203030303043
:1025580030303030303030303030303043000000F0
:10256800504F534958000000496E66696E69747986
:10257800000000004E614E0042616C6C6F63207376
:102588007563636565646564000000002E2E2F2E58
:102598002E2F2E2E2F2E2E2F2E2E2F2E2E2F7372C5
:1025A800632F6E65776C69622F6E65776C69622F31
:1025B8006C6962632F7374646C69622F64746F61F1
:1025C8002E6300002E2E2F2E2E2F2E2E2F2E2E2F46
:1025D8002E2E2F2E2E2F7372632F6E65776C6962E5
:1025E8002F6E65776C69622F6C6962632F737464F0
:1025F8006C69622F6D707265632E630000000000C5
:1026080005000000190000007D0000000000000027
:10261800000000000000F03F00000000000024401F
:1026280000000000000059400000000000408F40FA
:10263800000000000088C34000000000006AF84065
:102648000000000080842E4100000000D012634189
:102658000000000084D797410000000065CDCD41FF
:10266800000000205FA00242000000E876483742E0
:10267800000000A2941A6D42000040E59C30A2427E
:102688000000901EC4BCD64200003426F56B0C43F3
:102698000080E03779C3414300A0D885573476439A
:1026A80000C84E676DC1AB43003D9160E458E143FB
:1026B800408CB5781DAF154450EFE2D6E41A4B4470
:1026C80092D54D06CFF08044F64AE1C7022DB544B5
:1026D800B49DD9794378EA44BC89D897B2D29C3C56
:1026E80033A7A8D523F649393DA7F444FD0FA532F1
:1026F8009D978CCF08BA5B25436FAC642806C80A3F
:102708000080E03779C34143176E05B5B5B89346E5
:10271800F5F93FE9034F384D321D30F94877825AB1
:102728003CBF737FDD4F157500202020202020201E
:102738002020282828282820202020202020202069
:102748002020202020202020208810101010101079
:1027580010101010101010101004040404040404C5
:10276800040404101010101010104141414141415F
:102778000101010101010101010101010101010141
:102788000101010110101010101042424242424251
:102798000202020202020202020202020202020211
:1027A80002020202101010102000000000000000B9
:1027B8000000000000000000000000000000000011
:1027C8000000000000000000000000000000000001
:1027D80000000000000000000000000000000000F1
:1027E80000000000000000000000000000000000E1
:1027F80000000000000000000000000000000000D1
:1028080000000000000000000000000000000000C0
:1028180000000000000000000000000000000000B0
:102828000000000000000000000000002C20667579
:102838006E6374696F6E3A200000000061737365FF
:102848007274696F6E2022257322206661696C6537
:10285800643A2066696C6520222573222C206C69F5
:102868006E65202564257325730A000060E70080E3
:102878000CE60080B8E500800CE70080B8E5008031
:102888001CE60080B8E500800CE700800CE60080BC
:102898000CE600801CE600800CE7008098E60080CB
:0C28A80098E6008098E600801CE60080A6
:1028B4001000000000000000037A5200017C0101B6
:1028C4001B0D02001000000018000000880AFFFF22
:1028D400DC04000000000000100000002C000000D8
:0C28E400500FFFFF9004000000000000F7
:1028F00000000010000000000000000000000000C8
:1029000000000000000000000000000000000000C7
:1029100000000000000000000000000000000000B7
:10292000182901801829018020290180202901808F
:10293000282901802829018030290180302901803F
:1029400038290180382901804029018040290180EF
:10295000482901804829018050290180502901809F
:10296000582901805829018060290180602901804F
:1029700068290180682901807029018070290180FF
:1029800078290180782901808029018080290180AF
:10299000882901808829018090290180902901805F
:1029A0009829018098290180A0290180A02901800F
:1029B000A8290180A8290180B0290180B0290180BF
:1029C000B8290180B8290180C0290180C02901806F
:1029D000C8290180C8290180D0290180D02901801F
:1029E000D8290180D8290180E0290180E0290180CF
:1029F000E8290180E8290180F0290180F02901807F
:102A0000F8290180F8290180002A0180002A01802C
:102A1000082A0180082A0180102A0180102A0180DA
:102A2000182A0180182A0180202A0180202A01808A
:102A3000282A0180282A0180302A0180302A01803A
:102A4000382A0180382A0180402A0180402A0180EA
:102A5000482A0180482A0180502A0180502A01809A
:102A6000582A0180582A0180602A0180602A01804A
:102A7000682A0180682A0180702A0180702A0180FA
:102A8000782A0180782A0180802A0180802A0180AA
:102A9000882A0180882A0180902A0180902A01805A
:102AA000982A0180982A0180A02A0180A02A01800A
:102AB000A82A0180A82A0180B02A0180B02A0180BA
:102AC000B82A0180B82A0180C02A0180C02A01806A
:102AD000C82A0180C82A0180D02A0180D02A01801A
:102AE000D82A0180D82A0180E02A0180E02A0180CA
:102AF000E82A0180E82A0180F02A0180F02A01807A
:102B0000F82A0180F82A0180002B0180002B018027
:102B1000082B0180082B0180102B0180102B0180D5
:102B2000182B0180182B0180202B0180202B018085
:102B3000282B0180282B0180302B0180302B018035
:102B4000382B0180382B0180402B0180402B0180E5
:102B5000482B0180482B0180502B0180502B018095
:102B6000582B0180582B0180602B0180602B018045
:102B7000682B0180682B0180702B0180702B0180F5
:102B8000782B0180782B0180802B0180802B0180A5
:102B9000882B0180882B0180902B0180902B018055
:102BA000982B0180982B0180A02B0180A02B018005
:102BB000A82B0180A82B0180B02B0180B02B0180B5
:102BC000B82B0180B82B0180C02B0180C02B018065
:102BD000C82B0180C82B0180D02B0180D02B018015
:102BE000D82B0180D82B0180E02B0180E02B0180C5
:102BF000E82B0180E82B0180F02B0180F02B018075
:102C0000F82B0180F82B0180002C0180002C018022
:102C1000082C0180082C0180102C0180102C0180D0
:102C2000182C0180182C0180202C0180202C018080
:102C3000282C0180282C0180302C0180302C018030
:102C4000382C0180382C0180402C0180402C0180E0
:102C5000482C0180482C0180502C0180502C018090
:102C6000582C0180582C0180602C0180602C018040
:102C7000682C0180682C0180702C0180702C0180F0
:102C8000782C0180782C0180802C0180802C0180A0
:102C9000882C0180882C0180902C0180902C018050
:102CA000982C0180982C0180A02C0180A02C018000
:102CB000A82C0180A82C0180B02C0180B02C0180B0
:102CC000B82C0180B82C0180C02C0180C02C018060
:102CD000C82C0180C82C0180D02C0180D02C018010
:102CE000D82C0180D82C0180E02C0180E02C0180C0
:102CF000E82C0180E82C0180F02C0180F02C018070
:102D0000F82C0180F82C0180002D0180002D01801D
:102D1000082D0180082D0180102D0180102D0180CB
:102D2000000000000300000080300180000000006F
:102D30000000000080300180E830018050310180C7
:102D40000000000000000000000000000000000083
:102D50000000000000000000000000000000000073
:102D60000000000000000000000000000000000063
:102D70000000000000000000000000000000000053
:102D80000000000000000000000000000000000043
:102D90000000000000000000000000000000000033
:102DA0000000000000000000000000000000000023
:102DB0000000000000000000000000000000000013
:102DC0000000000000000000010000000000000002
:102DD0000E33CDAB34126DE6ECDE05000B000000C7
:102DE00000000000000000000000000000000000E3
:102DF00000000000000000000000000000000000D3
:102E000000000000000000000000000000000000C2
:102E100000000000000000000000000000000000B2
:102E200000000000000000000000000000000000A2
:102E30000000000000000000000000000000000092
:102E40000000000000000000000000000000000082
:102E5000430000000000000000000000000000002F
:102E60000000000000000000000000000000000062
:102E7000430000000000000000000000000000000F
:102E80000000000000000000000000000000000042
:102E900043000000000000000000000000000000EF
:102EA0000000000000000000000000000000000022
:102EB00043000000000000000000000000000000CF
:102EC0000000000000000000000000000000000002
:102ED00043000000000000000000000000000000AF
:102EE00000000000000000000000000000000000E2
:102EF000430000000000000000000000000000008F
:102F000000000000000000000000000000000000C1
:102F1000430000000000000000000000000000006E
:102F200000000000000000000000000000000000A1
:102F3000BCD20080C8BA00800000000030270180A9
:102F4000DC2001805408018054080180540801806D
:102F500054080180540801805408018054080180FD
:102F60005408018054080180FFFFFFFFFFFFFFFFAF
:102F7000FFFFFFFFFFFF00000100415343494900ED
:102F80000000000000000000000000000000000041
:102F900000000000000000000000415343494900C8
:102FA0000000000000000000000000000000000021
:0C2FB00000000000000000000000000015
:102FBC00FFFFFFFF00000000000000005818018018
:082FCC0034300180582001801F
:102FD800FFFFFFFFFFFFEF7F000000000000F83F4A
:102FE80061436F63A787D23FB3C8608B288AC63F07
:102FF800FB799F501344D33F000000000000F03FCE
:1030080000000000000024400000000000001C40F8
:103018000000000000001440000000000000E03F35
:1030280050330180FFFFFFFF00000200302D0180B8
:0400000580000080F7
:00000001FF
