MEMORY_INITIALIZATION_RADIX=16;
MEMORY_INITIALIZATION_VECTOR=29c0006f4980006f,
47c0006f4800006f,
4740006f4780006f,
46c0006f4700006f,
4640006f4680006f,
45c0006f4600006f,
4540006f4580006f,
44c0006f4500006f,
4440006f4480006f,
43c0006f4400006f,
4340006f4380006f,
42c0006f4300006f,
4240006f4280006f,
41c0006f4200006f,
4140006f4180006f,
5200006f4100006f,
6181819300015197,
f781011300030117,
f705051300000517,
3055107300156513,
25818613f4818513,
0000059340a60633,
00008517379070ef,
1d0060efb1850513,
00000513271070ef,
0000061300000593,
1cc0606f010000ef,
0000000000008067,
7e11262381010113,
7e9122237e812423,
000006937f212023,
00000613fe010113,
2000051300000593,
16050463739030ef,
0001351700050413,
288070efc3450513,
b0002973b02024f3,
ce05859300013597,
0004051300010613,
b02022f3108040ef,
b000237340928433,
c105051300013517,
250070ef412304b3,
0004069300048713,
0004059300048613,
c005051300013517,
000016377e5060ef,
0001359780060613,
0001051348c58593,
00050913678070ef,
0001351702051863,
208070efc4c50513,
7ec1208302010113,
7e81240300090513,
7e0129037e412483,
000080677f010113,
bd85051300013517,
000017b71dc070ef,
0001041380078393,
0001349700238933,
00241603bfc48493,
0004851300041583,
761060ef02040413,
fe441583fe641603,
751060ef00048513,
fe841583fea41603,
741060ef00048513,
fec41583fee41603,
731060ef00048513,
ff041583ff241603,
721060ef00048513,
ff441583ff641603,
711060ef00048513,
ff841583ffa41603,
701060ef00048513,
ffc41583ffe41603,
6f1060ef00048513,
00100913f7241ee3,
00013517f31ff06f,
128070efac050513,
f1dff06f00100913,
0000000000000000,
0000806700000513,
0000001300000013,
0000806700000513,
0000001300000013,
0000806700000513,
0000001300000013,
0000806700000513,
0000001300000013,
0000806700000513,
0000001300000013,
0000806700000513,
0000001300000013,
0000806700000513,
0000001300000013,
0000806700000513,
0000001300000013,
0000806700000513,
0000001300000013,
0000806700000513,
0000001300000013,
0000806700000513,
0000001300000013,
0000806700000513,
0000001300000013,
0000806700000513,
0000001300000013,
0000806700000513,
0000001300000013,
0000806700000513,
0000001300000013,
0000806700000513,
0000001300000013,
0000806700000513,
0000001300000013,
0000806700000513,
0000001300000013,
0000806700000513,
0000001300000013,
0000806700000513,
0000001300000013,
0000806700000513,
0000001300000013,
0000806700000513,
0000001300000013,
0000806700000513,
0000001300000013,
0000806700000513,
0000001300000013,
0000806700000513,
0000001300000013,
0000806700000513,
0000001300000013,
0000806700000513,
0000001300000013,
0000806700000513,
0000001300000013,
0000806700000513,
0000001300000013,
0000806700000513,
0000001300000013,
0000806700000513,
0000001300000013,
0000806700000513,
6dd5051300012517,
ff5ff06f715060ef,
00112023fc010113,
00b1242300a12223,
00d1282300c12623,
00f12c2300e12a23,
0311202301012e23,
0261242302512223,
03c1282302712623,
03e12c2303d12a23,
342022f303f12e23,
0262886300200313,
0062886300b00313,
0062886300300313,
3e4000ef02c0006f,
000125170340006f,
699060ef61c50513,
000125170240006f,
689060ef5bc50513,
000125170140006f,
679060ef61e50513,
341022f30240006f,
0030051300028303,
00a3146300a37333,
0022829300228293,
0001208334129073,
0081258300412503,
0101268300c12603,
0181278301412703,
0201288301c12803,
0281230302412283,
03012e0302c12383,
03812f0303412e83,
0401011303c12f83,
3020007330200073,
f4a1ae2340a00533,
00008067fff00513,
5d87879300012797,
1000073705500813,
0017c68301072023,
00d7202306068063,
04028a630027c283,
0037c30300572023,
0067202304030463,
02038e630047c383,
0057c50300772023,
00a7202302050863,
020582630067c583,
0077c60300b72023,
00060a6300878793,
0007c80300c72023,
00008067fa0810e3,
0000001300008067,
f4f1ae2305800793,
00008067fff00513,
f4f1ae2305800793,
00008067fff00513,
f4f1ae2305800793,
00008067fff00513,
f4f1ae2305800793,
00008067fff00513,
f4f1ae2305800793,
00008067fff00513,
00008067fff00513,
0000001300000013,
f4f1ae2300c00793,
00008067fff00513,
00a7a023800407b7,
0000006f10500073,
f4f1ae2305800793,
00008067fff00513,
f4f1ae2300b00793,
00008067fff00513,
00f5a223000027b7,
0000806700000513,
f4f1ae2305800793,
00008067fff00513,
f4f1ae2305800793,
00008067fff00513,
f4f1ae23fa800793,
0000806700000513,
0000806700100513,
0000001300000013,
f4f1ae23fa800793,
00008067fff00513,
00153513fff50513,
0000001300008067,
f4f1ae2301600793,
00008067fff00513,
f4f1ae2301f00793,
00008067fff00513,
0000806700000513,
0000001300000013,
f4f1ae2305800793,
00008067fff00513,
00008067fff00513,
0000001300000013,
f4f1ae2305800793,
00008067fff00513,
0000806700000513,
0000001300000013,
00f5a223000027b7,
0000806700000513,
00008067fff00513,
0000001300000013,
00008067fff00513,
0000001300000013,
f4f1ae2300200793,
00008067fff00513,
f4f1ae2305800793,
00008067fff00513,
f4f1ae2300a00793,
00008067fff00513,
01212023ff010113,
00092783f4818913,
0091222300812423,
0005849300112623,
02078a6300060413,
0004859300040613,
6585051300014517,
00c12083598000ef,
0081240300040513,
0001290300412483,
0000806701010113,
003006130001c5b7,
0001451720058593,
494000ef62450513,
0059202300100293,
00000013fb1ff06f,
00000513f2a1ac23,
0000001300008067,
00072303f3818713,
00a7202300a30533,
0002f29700257c63,
0055766374c28293,
0000806700030513,
fff0031300c00793,
00030513f4f1ae23,
0000001300008067,
00912223ff010113,
0810079300112623,
0d17cc6300058493,
0317d66302f00793,
05100293fd088093,
000123170212e463,
002098932a030313,
0007238300688733,
00058067006385b3,
0fd88a6301100e93,
0001271705500493,
10000fb725470713,
00174783009fa023,
00ffa02304078e63,
0400886300274083,
00374283001fa023,
005fa02304028263,
02030c6300474303,
00574883006fa023,
011fa02302088663,
0203806300674383,
00774583007fa023,
0087071300058a63,
0007448300bfa023,
00c12083fa0490e3,
0101011300412483,
00c1208300008067,
f5c1ae2305800e13,
0101011300412483,
40f0009300008067,
3ff00293f710c0e3,
c00888930312d663,
f51366e300f00313,
30c7071300012717,
00e3853300289393,
00e5863300052583,
0ac00e1300060067,
031e4663f9c88ee3,
f9e888e309900f13,
f1f89ae30a900f93,
f5e1ae23fa800f13,
00002537f7dff06f,
f71ff06f00a4a223,
efd89ae30d600e93,
f61ff06ff2a1ac23,
f501ae2301f00813,
00200693f55ff06f,
f49ff06ff4d1ae23,
00a4202380040437,
0000006f10500073,
f491ae2301600493,
01212023f2dff06f,
00812423f4818913,
0009260300060413,
0004061302060663,
0001290300812403,
0004859300c12083,
0001451700412483,
010101133ec50513,
0001c6b73280006f,
2006859300300613,
3d05051300014517,
00100813240000ef,
fb9ff06f01092023,
2007886300c52783,
2008846301052883,
0095460300052803,
0148468301452703,
005504a300c6e2b3,
1e0302630206f313,
0100059340e883b3,
0075f46300038f13,
1ce88a6301000f13,
000e4e8300e78e33,
0010061300170f93,
01f52a2301d80023,
01f786b31a767063,
002703130006c283,
0058002300200593,
1875f26300652a23,
000e4e8300678e33,
0030069300370613,
00c52a2301d80023,
00c782b31676f463,
004705930002c303,
0068002300400e13,
147e766300b52a23,
000ec68300b78eb3,
0050029300570613,
00c52a2300d80023,
00c783331272f863,
00670e9300034583,
00b8002300600e13,
107e7a6301d52a23,
0006c28301d786b3,
0070031300770613,
00c52a2300580023,
00c785b30e737c63,
008706930005ce83,
01d8002300800e13,
0c7e7e6300d52a23,
0002c30300d782b3,
0090059300970613,
00c52a2300680023,
00c78eb30c75f063,
00a70293000ec683,
00d8002300a00e13,
0a7e726300552a23,
0003458300578333,
00b00e9300b70613,
00c52a2300b80023,
00c786b3087ef463,
00c703130006c283,
0058002300c00e13,
067e766300652a23,
0005ce83006785b3,
00d0069300d70613,
00c52a2301d80023,
00c782b30476f863,
00e705930002c303,
0068002300e00e13,
027e7a6300b52a23,
000ec68300b78eb3,
00f0029300f70613,
00c52a2300d80023,
00c787b30072fc63,
010707130007c303,
00e52a2300680023,
0003846300000593,
01f58733ffff0593,
0000806700e88463,
0005282300484883,
00a802230fd8f513,
0000001300008067,
00912a23fe010113,
00812c2300052483,
0131262301212823,
0004822300112e23,
fc70079300048423,
0004882300f48423,
0005041300b52223,
0006099300058913,
0005861300000693,
000005931312d537,
008002b709c050ef,
00f5509302557463,
00e48623f8000713,
007555130ff0f313,
0ff5739300648223,
0004862300748023,
0134042301348623,
00000597000404a3,
01242223d4458593,
0004282301c12083,
00042a2300042623,
00042c2300042e23,
02b4202302042223,
0141248301812403,
00c1298301012903,
0000806702010113,
00012623ff010113,
22060a6322058c63,
00c5863300052503,
0145470303100793,
00c1268300012623,
0ad7e2630ff77293,
0013039300c12303,
00c1280300712623,
00c128830907e863,
01c1262300188e13,
07d7ee6300c12e83,
001f0f9300c12f03,
00c1270301f12623,
00c1268306e7e463,
0061262300168313,
0477ea6300c12383,
0018089300c12803,
00c12e0301112623,
00c12e8305c7e063,
01e12623001e8f13,
03f7e66300c12f83,
0017069300c12703,
00c1230300d12623,
00c123830067ec63,
0101262300138813,
f717f2e300c12883,
f40284e30202f293,
00c12e0300012623,
00c12e830bc7e263,
01e12623001e8f13,
09f7e86300c12f83,
0017069300c12703,
00c1230300d12623,
00c123830667ee63,
0101262300138813,
0717e46300c12883,
00128e1300c12283,
00c12e8301c12623,
00c12f0305d7ea63,
01f12623001f0f93,
04e7e06300c12703,
0016831300c12683,
00c1238300612623,
00c128030277e663,
0111262300180893,
0057ec6300c12283,
001e0e9300c12e03,
00c12f0301d12623,
0005cf83f7e7f2e3,
0001262301f50023,
0ae7e26300c12703,
0016831300c12683,
00c1238300612623,
00c128030877e863,
0111262300180893,
0657ee6300c12283,
001e0e9300c12e03,
00c12f0301d12623,
00c12f8307e7e463,
00e12623001f8713,
04d7ea6300c12683,
0013039300c12303,
00c1280300712623,
00c128830507e063,
0051262300188293,
03c7e66300c12e03,
001e8f1300c12e83,
00c12f8301e12623,
00c1270301f7ec63,
00d1262300170693,
f667f2e300c12303,
dec590e300158593,
0000806701010113,
0000001300000013,
0005c6030e058863,
000527830e060463,
00158693ff010113,
0ff772930147c703,
00f14303005107a3,
0a03966302037393,
0ff575930147c503,
00f1480300b107a3,
08089a6302087893,
0ffe7e930147ce03,
00f14f0301d107a3,
060f9e63020f7f93,
0ff772930147c703,
00f14303005107a3,
0603926302037393,
0ff575930147c503,
00f1480300b107a3,
0408966302087893,
0ffe7e930147ce03,
00f14f0301d107a3,
020f9a63020f7f93,
0ff772930147c703,
00f14303005107a3,
00039e6302037393,
0ff575930147c503,
00f1480300b107a3,
f40882e302087893,
00c7802300168693,
f2061ae3fff6c603,
0000806701010113,
0000001300008067,
0000001300000013,
02058a6302060c63,
0000069700052703,
00b526239a468693,
00c5282300474783,
02d5202300052a23,
005702230027e293,
00030463f1402373,
0c0023b700008067,
d286061300014617,
40c505330003a583,
0010089300153813,
00be6eb301089e33,
0000806701d3a023,
0000001300000013,
0095470300052783,
0147c28301052683,
006504a300e2e333,
000698630ff2f393,
001575130063d513,
0000051300008067,
0000001300008067,
0000001300000013,
1805806300050793,
0005270316060e63,
0147468300954503,
005784a300a6e2b3,
160300630016f313,
0000051300367393,
0010081308038c63,
0020089307038063,
0007470303138663,
00e5802300100513,
0097ce030007a703,
01ceef3301474e83,
001eff9301e784a3,
00074683120f8263,
0015051300a582b3,
0007a70300d28023,
014743830097c303,
010784a30063e833,
0e088c630013f893,
00a5873300074e03,
01c7002300150513,
0097ce830007a703,
01df6fb301474f03,
001f769301f784a3,
0ca606630c068663,
00a583b300074283,
0053802300150513,
0097ce030007a803,
0148470300a58333,
01c76eb300050893,
00177f1301d784a3,
00084f83080f0a63,
00a582b300150513,
0007a38301f30023,
0143c3030097c683,
010784a300d36833,
060e046300137e13,
002885130003c703,
00e2802300a58eb3,
0097cf830007af03,
01f2e3b3014f4283,
0012f693007784a3,
000f430302068e63,
006e802300388513,
0097c8830007a703,
011e683301474e03,
001e7e93010784a3,
f4a616e3000e8a63,
0000051300008067,
0000806700008067,
0000001300008067,
0000001300000013,
02079663f14027f3,
000147170c0026b7,
0006a603b0c70713,
0012b31340e502b3,
0063983300100393,
0116a02300c868b3,
fffe0e9300010e37,
0005250301d58c63,
00454f0300f5f593,
01f5022300bf6fb3,
0000001300008067,
0000001300000013,
0c00079302058e63,
0005270302c7ea63,
0087428300b52e23,
00c363b303f2f313,
00b704230ff3f593,
0016669300474603,
f140287300d70223,
0000806700080463,
00014e970c0028b7,
0008ae03a74e8e93,
00153f1341d50533,
01ef97b300100f93,
00e8a02301c7e733,
0000001300008067,
0005270302058463,
0005262302b52023,
0005282300474783,
005702230027e293,
00030463f1402373,
0c0023b700008067,
a185859300014597,
40b505330003a683,
0010081300153613,
00d8ee3300c818b3,
0000806701c3a023,
0000001300000013,
0005270302058063,
0047478302b52223,
005702230087e293,
00030463f1402373,
0c0023b700008067,
9c05859300014597,
40b505330003a683,
0010081300153613,
00d8ee3300c818b3,
0000806701c3a023,
1206066312058863,
0095468300052783,
00d762b30147c703,
02077313005504a3,
0100039310030863,
00c3f46300060513,
0005c80301000513,
0107802300100893,
0015ce030ec8fa63,
01c7802300200e93,
0025cf030ecef263,
01e7802300300f93,
0035c6830ccffa63,
00d7802300400713,
0045c2830cc77263,
0057802300500313,
0055c3830ac37a63,
0077802300600813,
0065c8830ac87263,
0117802300700e13,
0075ce8308ce7a63,
01d7802300800f13,
0085cf8308cf7263,
01f7802300900693,
0095c28306c6fa63,
0057802300a00713,
00a5c30306c77263,
0067802300b00393,
00b5c80304c3fa63,
0107802300c00893,
00c5ce0304c8f263,
01c7802300d00e93,
00d5cf0302cefa63,
01e7802300e00f93,
00e5c68302cff263,
00d7802300f00293,
00f5c58300c2fa63,
0000806700b78023,
0000806700000513,
0000001300000013,
0095470300052783,
000504a30147c283,
09e5751300e2e533,
0000001300008067,
0187c50300052783,
0000001300008067,
0095478300052703,
00f2e33301474283,
0602f513006504a3,
0000001300008067,
00c7478300052703,
005706230407e293,
0000001300008067,
0000001300000013,
00c7478300052703,
005706230bf7f293,
0000000000008067,
0000000000000000,
03612823fb010113,
03512a2300279b13,
000b051300050a93,
0491222304812423,
03312e2305212023,
0411262303412c23,
00058a1300078913,
0006849300060413,
3b9040ef00070993,
2f30586366050463,
0381242303712623,
0010079303912223,
2d20566330f99263,
002bd093ffcb0b93,
fffc889300008cb7,
0010f393000107b7,
000a8e130328cfb3,
00ab0b3300050613,
00004837000a8693,
04039463fff78313,
002a9f03000a9283,
004a869300450613,
03ff073303f28eb3,
40f5dc13010e85b3,
010bd093010c1b93,
01070cb30060f3b3,
0108979340fcd893,
0055202300f3e2b3,
0006970309660063,
0046958300269f03,
00669e8303f70c33,
0086869300860613,
010c00b303ff0733,
01039c9340f0d393,
0068f2b3010cd893,
010700b303f58bb3,
01039c9340f0d393,
ff162c230192e8b3,
010b87b303fe8eb3,
01059f1340f7d593,
006c7bb3010f5c13,
40f2d713010e82b3,
00fbe5b301071793,
f96614e3feb62e23,
0025508300055f83,
01fa902300100b13,
1b690e63001a9123,
00000f1300010837,
00450e9300000893,
fff80313000042b7,
0016769341298633,
00098393000e8593,
0e06966300000613,
0088c46300088613,
00261c1340888633,
000b938301848bb3,
002e9783002b9b03,
000aa583000e9c83,
0393873302fb0833,
41070c33027786b3,
40fbd393005c0bb3,
0107d71301039793,
039b0cb300677c33,
005b083301968b33,
01069b9340f85693,
007595fb017c63b3,
0019839300baa023,
0740006f004e8593,
4086063300864463,
00748b3300261393,
000b1c03002b1803,
00059b8300259683,
02d80cb3000aa383,
03868c33037c0733,
005b06b341970b33,
01071c9340f6d713,
006b7733010cdb13,
017c083303780bb3,
40fc569300580c33,
01976b3301069c93,
007aa023016393fb,
0017839300458593,
0086446301160633,
0026179340860633,
00271b0300f48733,
0025968300071c03,
000aa80300059b83,
037c07b302db0cb3,
4197873303868c33,
40f6d793005706b3,
010cd71301079c93,
037b0bb3006777b3,
005b0c33017c0b33,
01069c9340fc5693,
00e8187b0197e733,
00138793010aa023,
0045859301160633,
001f0613f0f91ce3,
014888b3004e0e13,
000e0a93007f0c63,
001e112301fe1023,
e65ff06f00060f13,
02812c0302c12b83,
0481240302412c83,
0441248304c12083,
03c1298304012903,
03412a8303812a03,
0501011303012b03,
033a0bb30a90406f,
fff7029300008737,
00ab05b300010eb7,
01b12e2303a12023,
00299393000a8093,
00000c1300000c93,
000048b700512223,
00450f93fffe8793,
00098813000a0b13,
40a583332f205063,
ffc3061300412d83,
0016fd1300265693,
00050a13032dcab3,
040d146300008e93,
00209f0300009e03,
00708eb300450a13,
035f02b3035e09b3,
40f7531301198733,
0106569301031613,
01128db300f6fd33,
010e1f1340fdde13,
0135202301ed69b3,
000e960306ba0a63,
007e8333002e9283,
00031703035606b3,
00730eb300231d03,
03528db3008a0a13,
40fe5f1301168e33,
0357033300ff79b3,
40f65293011d8633,
00e9e6b301029713,
035d0d33feda2c23,
40fdde1301130db3,
011d09b300fe7f33,
0103161340f9d313,
fe5a2e2300cf62b3,
00055a03f8ba1ae3,
00100e9300255a83,
0150912301409023,
1fd9066300008e13,
0010051300a12423,
412505b300058d13,
0015f71301812623,
00008293000c8f13,
000f859300000993,
0000061300100c13,
0131202312070863,
008644630740006f,
00261c1340860633,
0005968301848eb3,
00259983000e9503,
02a68733002e9c03,
03868eb303898db3,
01168c3341b706b3,
01071d9340fc5713,
00f6fc33010dd693,
03350533000e2683,
01198eb300ae89b3,
01071d9340fed713,
0186957b01bc6c33,
0045859300ae2023,
01e6063300130c13,
4086063300864463,
01348eb300261993,
000e950300059703,
002e998300259303,
03330db302a706b3,
41b6873303370eb3,
40f9d693011709b3,
0265053300f6fdb3,
01130eb300ae8333,
0107199340fed713,
000e2d83013de6b3,
00ae202300dd957b,
01e60633001c0313,
f26910e300458593,
007282b300012e03,
001e0613017f0f33,
001005130b8e0663,
0015f713412505b3,
0152912301429023,
00028e1300060993,
00100c13000f8593,
ec071ce300000613,
008f4463000f0613,
00261c13408f0633,
002d930301848db3,
000d9e83000f9683,
02668c33002f9503,
0265073303d685b3,
40e58db302ae8eb3,
40f6d313011d86b3,
0105d71301031593,
000e270300f77db3,
01150c3301dc0533,
0106931340fc5693,
00b71dfb006de5b3,
01be202300200c13,
01312023004f8593,
00812503ed5ff06f,
000d059300c12c03,
00408093001c0c13,
d1881ae3016c8cb3,
02812c0302c12b83,
02012d0302412c83,
c91ff06f01c12d83,
7f49290300013917,
0170061300092403,
00c4268300100593,
8985051300013517,
000924832a4050ef,
0190061300100593,
0001351700c4a683,
288050ef89450513,
0481240300092a03,
00ca258304c12083,
0401290304412483,
03812a0303c12983,
03012b0303412a83,
0501011300a00513,
000000130640506f,
0000001300000013,
f601011302b687b3,
00269a1309412623,
0145043308812e23,
014404b308912c23,
0971202309212a23,
0056073300279293,
0003138300570333,
07b1282307a12a23,
00d12e2301448933,
00071d0300712a23,
00231b8300271d83,
50d05e6301490a33,
00b6883300159693,
0951242309312823,
00359a9300259993,
07812e2309612223,
000028b707912c23,
00281b13000d8c93,
00010c3700459593,
000d0d9303512023,
0361262303312223,
00c1222302b12423,
00c1262300c12423,
9998839300012c23,
fffc0a93000047b7,
000c8d1300c12823,
00251e0300051603,
027e0f3302760eb3,
40ffd29300fe8fb3,
00ff073300551023,
0065112340f75313,
0024180300041683,
027809b3027688b3,
40fb559300f88b33,
00f98c3300b41023,
0194112340fc5c93,
00249e0300049603,
027e0f3302760eb3,
40ffd29300fe8fb3,
00ff073300549023,
0064912340f75313,
0029180300091683,
027688b301012703,
00f88b33027809b3,
00b9102340fb5593,
00f98c3300c12803,
0199112340fc5c93,
002a1e03000a1603,
027e0f3302760eb3,
40ffd69300fe8fb3,
00ff02b300da1023,
006a112340f2d313,
00271f0300241c83,
0007198300041b03,
0028128303ec8e33,
0004958300081e83,
00051c0300249f83,
033b08b300251603,
00f808b341c88833,
010e181340f8de13,
0108589303d58733,
025f88330158fe33,
41070f3303eb0b33,
40f7589300ff0733,
01085f1301089813,
039989b3015f7733,
02558cb303fe8eb3,
00f582b3013b05b3,
010b189340f2db13,
05c12023011e6e33,
00412b0300812583,
00ff883301dc8fb3,
010f199340f85f13,
00291e8300059283,
0137673300091c83,
025c883300259983,
002b1f83000b1f03,
033e85b304e12223,
00fb083340b80b33,
01059b1340f85593,
010b581303e688b3,
03f30b3301587833,
416889b3033c8cb3,
40f8d59300f988b3,
010b599301059b13,
03d282b30159f8b3,
005c8eb303f686b3,
40ffdc9300fe8fb3,
00b86b33010c9593,
03e3033305612423,
00ff083300668f33,
0109929340f85993,
04d126230058e6b3,
000e8c9300de1efb,
05d12c23010ed893,
010e5f9300de2e7b,
07c12223000e0593,
00030f130167137b,
04612e2301035813,
010c9b130167277b,
01412b03410b5313,
4109df13010f1993,
01059c9303b30e33,
410cd81301081693,
0107159300055c83,
4105d99301061613,
01e3063301065593,
00cc8cb3036f0b33,
010c1c1301089293,
4102d89300fe0e33,
010c529301951023,
00255c0340fe5e13,
40fb5c9300fb0b33,
019e0e334106de93,
01d8863301412c83,
01c2863300cc0c33,
06e1202341075693,
03b8873301851123,
010c5b1301061c13,
010f9f93015b7e33,
039e8633410fdf93,
40f7571300f70733,
40fc561300f60c33,
00e58c3300c70733,
00ce6733010c1613,
04e1282303a80b33,
00fb0b3303798e33,
00fe0e3340fb5613,
0166063340fe5b13,
40c00e3303af8c33,
03768b3305c11b23,
40fc561300fc0c33,
40fe5b1300fb0e33,
05811a2301660c33,
00c72e7b05412603,
00c7177b01c42023,
00ea202303930333,
00f30b3303bf0f33,
039888b340fb5c13,
40fcd61300ff0cb3,
01c282b300cc0e33,
0107531301029713,
03be8eb301537f33,
40fb5c1300f88b33,
00fe88b303a686b3,
019c063340f8dc93,
01059e1300c585b3,
0651242301cf62b3,
00f68733037f8fb3,
0378083340f75313,
40ff5e9300ff8f33,
010b1c1341d30b33,
0156f8b3010c5693,
00f80cb303a989b3,
00f985b340fcd613,
41c60fb340f5de13,
00e8e333010f9713,
0062987b06612623,
0062a2fb0104a023,
01012c0301812f03,
0081260300c12883,
02412b0300412f83,
02c1258302012983,
01c1280302812703,
016c06b3001f0e93,
00b60e3301388cb3,
0059202300ef8333,
00d1282301d12c23,
01c1242301912623,
0045051300612223,
0044849300440413,
004a0a1300490913,
09012983b7d818e3,
08412b0308812a83,
07812c8307c12c03,
0981248309c12403,
08c12a0309412903,
07412d0308012b83,
0a01011307012d83,
0000001300008067,
07212023f9010113,
0047290305712623,
05412c2300072b83,
00068a1305612823,
05312e23032b8b33,
0681242306112623,
05512a2306912223,
0010069305812423,
0005041300060a93,
002b109302ca09b3,
00078c1300058493,
0029999300150b33,
05a1202340d90063,
0087079302cb8d33,
03b12e2305912223,
00291d9300f12623,
00c1270300050c93,
000c851300048593,
000a0693000c0793,
f65ff0ef000d0613,
013484b301bc8cb3,
000c079300c12703,
000d0613000a0693,
00048593000c8513,
f3dff0ef119b0263,
013484b301bc8cb3,
000c079300c12703,
000d0613000a0693,
00048593000c8513,
f15ff0ef0d9b0e63,
013484b301bc8cb3,
000c079300c12703,
000d0613000a0693,
00048593000c8513,
eedff0ef0b9b0a63,
013484b301bc8cb3,
000c079300c12703,
000d0613000a0693,
00048593000c8513,
ec5ff0ef099b0663,
013484b301bc8cb3,
000c079300c12703,
000d0613000a0693,
00048593000c8513,
e9dff0ef079b0263,
013484b301bc8cb3,
000c079300c12703,
000d0613000a0693,
00048593000c8513,
e75ff0ef039b0e63,
013484b301bc8cb3,
000c079300c12703,
000d0613000a0693,
00048593000c8513,
01bc8cb3019b0a63,
013484b3e49ff0ef,
04412c83ed9b12e3,
03c12d8304012d03,
00cc280300400b13,
417b4663456b8c63,
5f6b8e6300200b13,
5afb966300300793,
00090713002a9e13,
0010089303c90933,
01280eb300271493,
071a96e3002e9083,
00003e37009405b3,
009586b300010ab7,
aaae0c1300080313,
fffa8e93000048b7,
00241b8300041483,
038b87b303848933,
40fa599301190a33,
011782b301341023,
01f4112340f2df93,
00259f0300059383,
038f053303838b33,
40f65e13011b0633,
01150ab301c59023,
0095912340fad493,
0026990300069b83,
03890a33038b87b3,
40f9db13011789b3,
011a02b301669023,
00a6912340f2d513,
0008160300059f03,
00281f8300259e03,
0003138302cf0933,
03fe0ab300231b83,
415907b3036384b3,
40fa599301178a33,
0102d91301099293,
03750ab301d977b3,
41548f3303ff0fb3,
40f4da13011f04b3,
0109d293010a1993,
037b0b3301d2fab3,
02a3853302ce0e33,
01160bb301cf8633,
01091f9340fbd913,
02f1202301f7e7b3,
01138f3300ab03b3,
01049a1340ff5493,
03312223014ae9b3,
000a829301379afb,
03512423010ade13,
010b16130137ab7b,
021b893341065b93,
00045783410b5f93,
4105539301029513,
41e784b34013df13,
00245a0300959023,
021f8b33010e1993,
40f65b9301190633,
010b99134109d293,
01095f934012de13,
01dff53341ca07b3,
011b0f3300042383,
01049a1340ff5493,
00480813014569b3,
00f5912300830313,
00098e13010a5293,
01539afb01312e23,
010296130005db03,
0154202301065b93,
01269023016b8933,
010e15130025df83,
407f87b301055393,
0005df0300f69123,
fff707130025d483,
009389b3417f0a33,
0135912301459023,
0046869300440413,
e00712e300458593,
0681240306c12083,
0601290306412483,
05812a0305c12983,
05012b0305412a83,
04812c0304c12b83,
0000806707010113,
ffc2831340ab02b3,
0013851300235393,
0004071300757593,
0b2582630c058263,
08c5826300200613,
0705826300300813,
0515826300400893,
03c5826300500e13,
5bd59c6300600e93,
004707130004da03,
0024d683ff471e23,
fed71f23013484b3,
004707130004d083,
0024d783fe171e23,
fef71f23013484b3,
004707130004d283,
0024d303fe571e23,
fe671f23013484b3,
004707130004d383,
0024d503fe771e23,
fea71f23013484b3,
004707130004d583,
0024d603feb71e23,
fec71f23013484b3,
004707130004d803,
0024d883ff071e23,
ff171f23013484b3,
0004de03c8eb0ce3,
0207071301348eb3,
0024d483ffc71023,
013f0fb3013e8f33,
000ed083fe971123,
013a02b3013f8a33,
002ed303fe171223,
013687b3013286b3,
000f5383fe671323,
fe771423013784b3,
fea71523002f5503,
feb71623000fd583,
fec71723002fd603,
ff071823000a5803,
ff171923002a5883,
ffc71a230002de03,
ffd71b230022de83,
ffe71c230006df03,
fff71d230026df83,
ff471e230007da03,
fe171f230027d083,
bedff06ff4eb1ee3,
1abb966300500593,
0681240300040513,
0641248306c12083,
05812a0305c12983,
04c12b8305012b03,
0009069304812c03,
06012903000a8593,
0008061305412a83,
c34ff06f07010113,
001a9b93004c2983,
015b893300090b13,
002a9493002b1c13,
00291693003a9293,
00100b932c098463,
7f7a9463018405b3,
001b749301858633,
00080a93018607b3,
fffb029300080c13,
00042b0306048463,
00db002b0005a683,
0007af0300062e03,
00082f8301ee102b,
000fca2b01ffa02b,
000050ab01442023,
000059ab0015a023,
0000532b01362023,
00880c130067a023,
0048081300028b13,
0044041300ca8a93,
0046061300458593,
d4028ae300478793,
0005a70300042383,
00062b8300e3802b,
012b902b0007a903,
000c288300082503,
000aae830115202b,
00942023000ec4ab,
0055a023000052ab,
00d62023000056ab,
01c7a02300005e2b,
0045af8300442f03,
00462a0301ff002b,
001a102b0047a083,
008c230300482983,
00caa3830069a02b,
00e422230003c72b,
0175a22300005bab,
012622230000592b,
00a7a2230000552b,
00880813ffeb0b13,
018a8a93010c0c13,
0085859300840413,
0087879300860613,
c9dff06ff40b18e3,
0681240300040513,
06c12083000c2603,
05c1298306412483,
05012b0305812a03,
000b879304812c03,
04c12b8300090713,
000a859306012903,
0008069305412a83,
b55fe06f07010113,
0010089300291c13,
4b1a9a63018407b3,
fff9051300397393,
03538e6306038c63,
0007a88361739663,
01d8b65b00082e83,
00c4a2db00042483,
00042e030057a023,
01e4202300ce1f5b,
0047879300480813,
fff9091300440413,
000826830007af83,
0004208300dfba5b,
0137a0230140a9db,
014313db00042303,
fff9091300742023,
0047879300480813,
bc0902e300440413,
00082a830007a503,
00042b830155375b,
00b7a02300eba5db,
00eb1c5b00042b03,
0047a88301842023,
01d8b65b00482e83,
00c4a2db00442483,
00442e030057a223,
01e4222300ce1f5b,
008826830087af83,
0084208300dfba5b,
0137a4230140a9db,
014313db00842303,
00c7a50300742423,
0155375b00c82a83,
00eba5db00c42b83,
00c42b0300b7a623,
0184262300eb1c5b,
01080813ffc90913,
0104041301078793,
b1dff06ff60910e3,
018405b300100313,
01858633666a9463,
018607b3001b7493,
00080b9300080913,
06048463fffb0293,
0005a68300042b03,
00062e0300db002b,
01de102b0007ae83,
01ef202b00082f03,
01f42023000f3fab,
0145a02300005a2b,
00162023000050ab,
0137a023000059ab,
00028b1300880b93,
00c9091300480813,
0045859300440413,
0047879300460613,
00042c03a80288e3,
006c002b0005a303,
0007a38300062a83,
00082703007a902b,
00a7202b000ba503,
0008b4ab00092883,
000052ab00942023,
000056ab0055a023,
00005e2b00d62023,
00442e8301c7a023,
01ee802b0045af03,
0047aa0300462f83,
00482083014f902b,
0130a02b008ba983,
000c332b00c92c03,
00005aab00642223,
000053ab0155a223,
0000572b00762223,
ffeb0b1300e7a223,
010b8b9300880813,
0084041301890913,
0086061300858593,
f40b18e300878793,
0004df039d9ff06f,
01e4102300440713,
013484b30024df83,
a35ff06f01f41123,
000032b700940633,
003a9a9300010f37,
0008031300960533,
000045b7aaa28c13,
00041f83ffff0893,
038f86b300241a03,
00b683b3038a09b3,
0174102340f3db93,
40fb579300b98b33,
0006190300f41123,
03890eb300261483,
00be8f33038482b3,
01f6102340ff5f93,
40fa569300b28a33,
0005198300d61123,
03898bb300251383,
00bb87b303838b33,
01d5102340f7de93,
40f95f1300bb0933,
0008168301e51123,
00061f8300281383,
0003148300261a03,
0023198302df8b33,
417b07b3027a0bb3,
029e82b300b78933,
010b1b9340f95b13,
0117fb33010bd793,
027f8fb3033f0933,
00b382b3412283b3,
010b979340f2db93,
011972b30107d913,
03468a33033e8eb3,
014f86b3029f0f33,
40f9df9300b689b3,
007b6b33010f9393,
01ee84b303612023,
40fbd79300b48bb3,
0122ea3301079913,
014b1efb03412223,
010ed293000e8993,
014b2ffb03d12423,
4106d393010f9693,
410fdf1302138b33,
01099b9300045483,
4017d913410bd793,
0146102341248a33,
0102929300245983,
4102df93021f0f33,
401fd39300bb06b3,
407987b340f6db13,
0104db93010b1493,
00042a03011bf933,
40f9d29300bf09b3,
01f963b301029f93,
0153033301c80833,
010fdf1300f61123,
00712e2300038b13,
0006568301da1efb,
0104db93010f1493,
00db893301d42023,
0026578301251023,
010a5993010b1a13,
00551123413782b3,
0026538300065f83,
417f8f33fff70713,
01e6102300798b33,
0044041301661123,
0046061300450513,
f94ff06fe00712e3,
002a9a9300397e93,
0a0e8663fff90613,
037e8c63071e8863,
000822830007a483,
000426830054be5b,
01e7a02301c6af5b,
01cf9a5b00042f83,
0158083301442023,
0044041300478793,
0007a08300060913,
0130b35b00082983,
0063a75b00042383,
00042b8300e7a023,
00a42023006b955b,
0047879301580833,
fff9091300440413,
00082b030007a583,
000428830165bc5b,
01d7a0230188aedb,
018614db00042603,
fff9091300942023,
0047879301580833,
ec090e6300440413,
00082e030007a283,
0004268301c2bf5b,
01f7a02301e6afdb,
01ea10db00042a03,
0158083300142023,
000823030047a983,
004427030069b3db,
0177a22300772bdb,
007515db00442503,
01580b3300b42223,
000b28830087ac03,
00842603011c3edb,
0097a42301d624db,
01d29e5b00842283,
015b0f3301c42423,
000f268300c7af83,
00c4208300dfba5b,
0107a6230140a85b,
0149935b00c42983,
ffc9091300642623,
01078793015f0833,
f4091ae301040413,
0007aa83e28ff06f,
012ab75b00082903,
00eba5db00042b83,
00042b0300b7a023,
0184202300eb1c5b,
0047879300480813,
0005091300440413,
018586339c5ff06f,
018607b3001b7913,
00080c1300080313,
06090463fffb0513,
0005a88300042b03,
00062e83011b002b,
01ce902b0007ae03,
01ef202b00082f03,
01f42023000f4fab,
0145a02300005a2b,
00162023000050ab,
0137a023000059ab,
00050b1300580c33,
00d3033300980833,
0045859300440413,
0047879300460613,
00042a83d6050863,
007a802b0005a383,
0007ab8300062703,
000829030177102b,
00a9202b000c2503,
0008ceab00032883,
00005e2b01d42023,
00005f2b01c5a023,
00005fab01e62023,
00442a0301f7a023,
009808330045a083,
00d30333005c09b3,
00462c03001a002b,
015c102b0047aa83,
0009a70300082383,
00032b8300e3a02b,
01242223000bc92b,
00a5a2230000552b,
01162223000058ab,
01d7a22300005eab,
00980833ffeb0b13,
00d3033300598c33,
0085859300840413,
0087879300860613,
cacff06ff40b12e3,
001b7a9301858633,
00080b93018607b3,
fffb039300080993,
00042703060a8463,
00a7002b0005a503,
0007ae0300062883,
00082e8301c8902b,
000ebf2b01dea02b,
00005fab01e42023,
00005a2b01f5a023,
000050ab01462023,
005809b30017a023,
0098083300038b13,
0044041300db8bb3,
0046061300458593,
c203866300478793,
0005ac0300042903,
000623030189002b,
0153102b0007aa83,
0009a70300082383,
000ba50300e3a02b,
01142023000538ab,
01c5a02300005e2b,
01d6202300005eab,
01e7a02300005f2b,
0045aa0300442f83,
005989b3009800b3,
014f802b00db8bb3,
0047a90300462803,
0000ac030128102b,
006c202b0009a303,
000ab3ab000baa83,
0000572b00742223,
0000552b00e5a223,
000058ab00a62223,
ffeb0b130117a223,
005989b300908833,
0084041300db8bb3,
0086061300858593,
f40b12e300878793,
00000013b68ff06f,
03912223fb010113,
0046ac8303a12023,
03412c230006ad03,
039d0a3304112623,
0491222304812423,
0361282303512a23,
0010079303712623,
00060b1300050413,
002a109300058493,
00261b9300070a93,
54fc8e6300150a33,
03312e2305212023,
0086899303812423,
00050913002c9c13,
0009051300048593,
00098713000a8793,
000d0613000b0693,
01890933ea9fe0ef,
000a8793017484b3,
000b069300098713,
00090513000d0613,
112a026300048593,
01890933e81fe0ef,
000a8793017484b3,
000b069300098713,
00090513000d0613,
0d2a0e6300048593,
01890933e59fe0ef,
000a8793017484b3,
000b069300098713,
00090513000d0613,
0b2a0a6300048593,
01890933e31fe0ef,
000a8793017484b3,
000b069300098713,
00090513000d0613,
092a066300048593,
01890933e09fe0ef,
000a8793017484b3,
000b069300098713,
00090513000d0613,
072a026300048593,
01890933de1fe0ef,
000a8793017484b3,
000b069300098713,
00090513000d0613,
032a0e6300048593,
01890933db9fe0ef,
000a8793017484b3,
000b069300098713,
00090513000d0613,
012a0a6300048593,
d8dfe0ef01890933,
ed2a12e3017484b3,
03c1298304012903,
00400a1302812c03,
5f4d026300caa803,
00200e9355aa4c63,
0030079327dd0c63,
03312e2358fd1663,
05212023002c9993,
000c871301380933,
013405b300291c83,
00010a3700003fb7,
00080313013586b3,
00004d37aaaf8b93,
00041a83fffa0e93,
037a863300241e03,
01a604b3037e0f33,
0164102340f4db13,
40f0d29301af00b3,
0005938300541123,
037388b300259503,
01a889b3037507b3,
0125902340f9d913,
40ffda1301a78fb3,
00069a8301459123,
037a863300269e03,
01a604b3037e0f33,
0166902340f4db13,
40f0d29301af00b3,
0025998300569123,
0005950300281f83,
03f98ab300081883,
0023190300031383,
027b0a33031507b3,
01ae063341578e33,
010f149340f65f13,
01d0f7b30104d093,
03f5053303228ab3,
01af8a33415a0fb3,
010e161340fa5e13,
01df70b301065f13,
033888b3032b0b33,
011509b3027282b3,
40f9549301a98933,
0157e7b301049a93,
005b03b300f12823,
40f55f9301a38533,
0140ee33010f9a13,
01c790fb01c12a23,
0100df1300008893,
01c7ab7b00112c23,
41065993010b1613,
410b549303998933,
0108979300045a83,
4012d3934107d293,
010f1a13407a8533,
00245f8300a59023,
01a90f3303948b33,
0106199340ff5613,
0109d913410a5e13,
01d974b3401e5893,
00042283411f8ab3,
40f7d39301ab07b3,
00a4efb301039513,
0083031300480813,
01055a1301559123,
01f12623000f8e13,
0005d883001290fb,
010b5993010a1b13,
01198f3300142023,
0025d90301e69023,
01065493010e1613,
0156912340990ab3,
0025d3830005d283,
413287b3fff70713,
00f5902300748533,
0044041300a59123,
0045859300468693,
04012903e00712e3,
04c1208303c12983,
0441248304812403,
03412a8303812a03,
02c12b8303012b03,
02012d0302412c83,
0000806705010113,
003cf593002c9e13,
fffc8f1301c407b3,
001006930a058863,
03a58c6306d58863,
00082b030007a483,
000422830164b0db,
00e7a0230012a75b,
0013955b00042383,
0048081300a42023,
0044041300478793,
0007a303000f0c93,
01133fdb00082883,
01fbaa5b00042b83,
00042a830147a023,
01a4202301fa9d5b,
0047879300480813,
fffc8c9300440413,
00082e830007a603,
0004258301d63e5b,
01e7a02301c5af5b,
01c694db00042683,
fffc8c9300942023,
0047879300480813,
f00c8ce300440413,
000820830007ab03,
00042703001b32db,
0077a023005723db,
0055135b00042503,
0047a88300642023,
01f8bbdb00482f83,
017a2adb00442a03,
00442d030157a223,
00c42223017d165b,
00882e030087ae83,
00842f0301ceb5db,
00d7a42300bf26db,
00b49b5b00842483,
00c7a08301642423,
0050b75b00c82283,
00e3a55b00c42383,
00c4230300a7a623,
0114262300e318db,
01080813ffcc8c93,
0104041301078793,
e71ff06ff60c90e3,
ffc7029340aa0733,
001303930022d313,
0073f51300050793,
0c05026347961263,
00200b930b950263,
00300b1309750263,
0040009307650263,
0050029304150263,
0060071302550263,
0004d5035ae51e63,
0044849300478793,
ffe4d683fea79e23,
0004d583fed79f23,
0044849300478793,
ffe4d603feb79e23,
0004d883fec79f23,
0044849300478793,
ffe4de03ff179e23,
0004d803ffc79f23,
0044849300478793,
ffe4de83ff079e23,
0004df03ffd79f23,
0044849300478793,
ffe4df83ffe79e23,
0004db83fff79f23,
0047879300448493,
ffe4db03ff779e23,
b2fa08e3ff679f23,
020484930004d083,
fe17902302078793,
fe579123fe24d283,
fee79223fe44d703,
fe679323fe64d303,
fe779423fe84d383,
fea79523fea4d503,
fed79623fec4d683,
feb79723fee4d583,
fec79823ff04d603,
ff179923ff24d883,
ffc79a23ff44de03,
ff079b23ff64d803,
ffd79c23ff84de83,
ffe79d23ffa4df03,
fff79e23ffc4df83,
ff779f23ffe4db83,
aa1ff06ff6fa1ce3,
04cd106300500613,
0481240300040513,
0441248304c12083,
03412a8303812a03,
02c12b8303012b03,
000c869302012d03,
0008061302412c83,
0501011300100593,
00040513a30fe06f,
000aa60304812403,
0441248304c12083,
03412a8303812a03,
02c12b8303012b03,
000c8713000d0793,
02412c8302012d03,
0010059300080693,
abdfd06f05010113,
000c8e93004aaa83,
01940633002c9c93,
019606b3120a8e63,
019687b3001eff13,
00080e1300080593,
060f0463fffe8493,
00062b0300042e83,
0006a083016e802b,
0050902b0007a283,
00e7202b00082703,
00742023000743ab,
006620230000532b,
00a6a0230000552b,
0117a023000058ab,
00048e9300880e13,
00c5859300480813,
0046061300440413,
0047879300468693,
00042f83be0482e3,
017f802b00062b83,
0007aa830006aa03,
00082c83015a102b,
01aca02b000e2d03,
000f44ab0005af03,
00005b2b00942023,
000050ab01662023,
000052ab0016a023,
004427030057a023,
0077002b00462383,
0047a3030046a503,
004828830065102b,
01f8a02b008e2f83,
000bca2b00c5ab83,
00005aab01442223,
00005cab01562223,
00005d2b0196a223,
ffee8e9301a7a223,
010e0e1300880813,
0084041301858593,
0086869300860613,
f40e98e300878793,
019606b3b2dff06f,
019687b3001efd13,
00080f1300080593,
060d0463fffe8493,
0006208300042b03,
0006a283001b002b,
00e2902b0007a703,
0063202b00082303,
00742023000333ab,
00a620230000552b,
0116a023000058ab,
01c7a02300005e2b,
00048e9300880f13,
00c5859300480813,
0046061300440413,
0047879300468693,
00042f83aa0486e3,
017f802b00062b83,
0007aa830006aa03,
00082c83015a102b,
01aca02b000f2d03,
0004bb2b0005a483,
000050ab01642023,
000052ab00162023,
0000572b0056a023,
0044238300e7a023,
0063802b00462303,
0047a8830046a503,
00482e030115102b,
01fe202b008f2f83,
000bba2b00c5ab83,
00005aab01442223,
00005cab01562223,
00005d2b0196a223,
ffee8e9301a7a223,
010f0f1300880813,
0084041301858593,
0086869300860613,
f40e98e300878793,
0c050e639f5ff06f,
002006930b950e63,
0030059308d50e63,
0040061306b50e63,
0050081304c50e63,
0060089303050e63,
0004de0301150e63,
01c4102300440793,
017484b30024de83,
0004df0301d41123,
ffe79e2300478793,
017484b30024df83,
0004db03fff79f23,
ff679e2300478793,
017484b30024d083,
0004d703fe179f23,
fee79e2300478793,
017484b30024d283,
0004d303fe579f23,
fe679e2300478793,
017484b30024d383,
0004d503fe779f23,
fea79e2300478793,
017484b30024d683,
0004d583fed79f23,
feb79e2300478793,
017484b30024d603,
eafa0c63fec79f23,
01748e330004d883,
ff17902302078793,
017e08330024d483,
fe97912301780eb3,
017e8f33000e5f83,
fff79223017f0b33,
017b00b3002e5283,
fe57932301708733,
017704b300085303,
00285383fe679423,
000ed503fe779523,
002ed683fea79623,
000f5583fed79723,
002f5603feb79823,
000b5883fec79923,
002b5e03ff179a23,
0000d803ffc79b23,
0020de83ff079c23,
00075f03ffd79d23,
00275f83ffe79e23,
f4fa1ee3fff79f23,
0005d303e0cff06f,
0045849300440793,
0025d38300641023,
a31ff06f00741123,
00812c23fe010113,
00112e2300350793,
0027951300050413,
0406026306068063,
02a0ee630006a083,
0006051300a6a023,
0085202301c12083,
0001129701812403,
000113174f42a283,
00b522234f432303,
0065242300552623,
0000806702010113,
0000051300a6a023,
0181240301c12083,
0000806702010113,
210020ef00b12623,
fa0516e300c12583,
fddff06f00000513,
00812c23fe010113,
00112e2301312623,
0006899300050413,
0084268302c58463,
0181240300040713,
0006051301c12083,
00c1298300098613,
b64ff06f02010113,
0005849300912a23,
0005250306058263,
0025151301212823,
000509131a4020ef,
008426830a050863,
0009861300040713,
b2cff0ef00048593,
0009059300042603,
0026161300048513,
018124033ad030ef,
01c1208301412483,
0009051300c12983,
0201011301012903,
000119971600206f,
0009a0833f89a983,
0010059301700613,
0001051700c0a683,
6a9020ef4d050513,
001005930009a383,
00c3a68301100613,
4cc5051300010517,
0009a58368d020ef,
00a0051301412483,
0181240300c5a583,
00c1298301c12083,
4790206f02010113,
3944240300011417,
0170061300042783,
00c7a68300100593,
4985051300010517,
00042283645020ef,
0180061300100593,
0001051700c2a683,
629020ef49450513,
0141248300042303,
00c3258301012903,
f99ff06f00a00513,
0000001300000013,
04812423fb010113,
0521202304912223,
0005841304112623,
0005091300060493,
03512a233ec58a63,
0371262300852a83,
004aab8303812423,
03412c23000aac03,
037c0a3300100793,
02fb80e3002a1093,
0361282303312e23,
008a8a9300160a33,
00060993002b9b13,
0009079300098513,
00100693000a8713,
00040593000c0613,
016989b38e0fe0ef,
000a871300090793,
000c061300100693,
0044059300098513,
8bcfe0ef0f3a0663,
00090793016989b3,
00100693000a8713,
00098513000c0613,
0d3a046300840593,
016989b3898fe0ef,
000a871300090793,
000c061300100693,
00c4059300098513,
874fe0ef0b3a0263,
00090793016989b3,
00100693000a8713,
00098513000c0613,
093a006301040593,
016989b3850fe0ef,
000a871300090793,
000c061300100693,
0144059300098513,
82cfe0ef053a0e63,
00090793016989b3,
00100693000a8713,
00098513000c0613,
033a0c6301840593,
016989b3808fe0ef,
000a871300090793,
000c061300100693,
01c4059300098513,
016989b3013a0a63,
02040413fe1fd0ef,
03c12983ef3a10e3,
0040041303012b03,
3e8c0ae300c92803,
002002931f8442e3,
003007930a5c04e3,
03312e233afc10e3,
000b8713002b9993,
002b9e8301380bb3,
000033b7013485b3,
013586b300010637,
aaa3809300080313,
fff60c1300004537,
0024990300049283,
02190fb302128f33,
40fa5a9300af0a33,
00af843301549023,
0114912340f45893,
0025978300059e03,
02178bb3021e09b3,
40f3d61300a983b3,
00ab82b300c59023,
0125912340f2d913,
00269f8300069f03,
021f8ab3021f0a33,
40f4589300aa0433,
00aa8e3301169023,
0176912340fe5b93,
0025990300059603,
0008128300281f03,
03e90fb300031383,
025607b300231983,
02788a3341f78ab3,
40f45e1300aa8433,
0107df93010e1793,
033b8ab3018ff433,
415a063303e60e33,
40ff5a1300a60f33,
0107df93010a1793,
033888b3018ffab3,
027b8bb3032282b3,
00a909b3005e0933,
010e161340f9de13,
0081282300c46433,
00a38f33017883b3,
010a179340ff5a13,
01512a2300faeab3,
000f829301541ffb,
01f12c23010fd893,
010919930154297b,
03de06334109de13,
0004db8341095413,
4103df1301029393,
414b87b3401f5a13,
0024da8300f59023,
03d409b301089293,
4102d89300a60e33,
4018d91340fe5613,
412a8f3301061413,
018bf3b301045b93,
00a987b30004aa03,
010a929340f7da93,
004808130053e8b3,
01e5912300830313,
000889930102d913,
01fa1ffb01112623,
010916130005de03,
01f4a02301065413,
0176902301c40bb3,
01099f130025d383,
414387b3010f5a13,
0005da8300f69123,
fff707130025d283,
005a0933408a88b3,
0125912301159023,
0046869300448493,
e00712e300458593,
04c1208303c12983,
03812a0304812403,
02c12b8303412a83,
0441248302812c03,
0501011304012903,
2c0584e300008067,
03312e2300052803,
469010ef00281513,
0005146300050993,
036128230980106f,
0381242300892b03,
004b2c0303912223,
03512a23000b2c83,
038c80b300100e93,
77dc046300209513,
0371262303412c23,
008b0b1300a98ab3,
00098a13002c1b93,
00090793000a0513,
00100693000b0713,
00040593000c8613,
017a0a33cd1fd0ef,
000b071300090793,
000c861300100693,
00440593000a0513,
cadfd0ef0f4a8663,
00090793017a0a33,
00100693000b0713,
000a0513000c8613,
0d4a846300840593,
017a0a33c89fd0ef,
000b071300090793,
000c861300100693,
00c40593000a0513,
c65fd0ef0b4a8263,
00090793017a0a33,
00100693000b0713,
000a0513000c8613,
094a806301040593,
017a0a33c41fd0ef,
000b071300090793,
000c861300100693,
01440593000a0513,
c1dfd0ef054a8e63,
00090793017a0a33,
00100693000b0713,
000a0513000c8613,
034a8c6301840593,
017a0a33bf9fd0ef,
000b071300090793,
000c861300100693,
01c40593000a0513,
017a0a33014a8a63,
02040413bd1fd0ef,
03812a03ef4a90e3,
0040041302c12b83,
188c8ae300c92303,
00200f1345944063,
003007132fec8ce3,
037126232cec98e3,
03412c23002c1b93,
002a1c8301730a33,
01798633000c0713,
000107b700003c37,
00030e93017606b3,
aaac009300098893,
fff78513000045b7,
00289a8300089b03,
021a8fb3021b02b3,
40f3d41300b283b3,
010e581301041e13,
00bf8bb300a87f33,
010a1c1340fbda13,
00f8a023018f67b3,
00261a8300061b03,
021a8fb3021b02b3,
40f3d41300b283b3,
010e581301041e13,
00bf8bb300a87f33,
010a1c1340fbda13,
00f62023018f67b3,
00269a8300069b03,
021a8fb3021b02b3,
40f3de1300b283b3,
01045813010e1413,
00bf8bb300a87f33,
01039a1340fbd393,
0186a023014f6c33,
00261b0300061783,
0023128300031f03,
03e78833000e9403,
025b0bb3002e9a83,
00ba0c3341780a33,
40fc5813028e0fb3,
010bda1301081b93,
03538c3300aa7833,
418f87b3025782b3,
40ffdb9300b78fb3,
010a5c13010b9a13,
035e0e3300ac7fb3,
028383b3036f0f33,
00bb0ab301e28b33,
0102979340fad293,
0101282300f86833,
00b40bb3007e0433,
010a1c1340fbda13,
01e12a23018fef33,
000f8e1301e81ffb,
01f12c23010fdb13,
010a929301e82afb,
03978bb34102d793,
0008dc03410ad813,
41045a13010e1413,
41ec0ab3401a5f13,
010b1e130028d383,
03980833410e5b13,
010a929300bb87b3,
401b5c1340f7db93,
010b9a130102d413,
010a5f13418383b3,
00b802b300a47b33,
00af7ab340f2d813,
01039e1301081b93,
01cb6c33017ae7b3,
004303130008a403,
01862023008e8e93,
00078f13010bda13,
01f41e7b00f12623,
010a1f9300065b03,
010fda9300265383,
010f1c13016a82b3,
01029813010c5413,
408387b301085b93,
01079a1300abff33,
014f6e3301c8a023,
00065b0301c6a023,
fff7071300265383,
010f9a93415b0fb3,
00740433010adc13,
00ac783301041293,
0176202300586bb3,
0046061300488893,
da0712e300468693,
02c12b8303812a03,
ffc087131a40006f,
0012831300275293,
0015853300737393,
0c038e6300060793,
002006930b738e63,
0030059308d38e63,
0040061306b38e63,
0050081304c38e63,
0060089303038e63,
00045e0301138e63,
0044041300448793,
ffe45e8301c49023,
00045f0301d49123,
0044041300478793,
ffe45f83ffe79e23,
00045083fff79f23,
0044041300478793,
ffe45a03fe179e23,
00045a83ff479f23,
0044041300478793,
ffe45703ff579e23,
00045283fee79f23,
0044041300478793,
ffe45303fe579e23,
00045383fe679f23,
0044041300478793,
ffe45683fe779e23,
00045583fed79f23,
0047879300440413,
ffe45603feb79e23,
82a40ce3fec79f23,
0204041300045803,
ff07902302078793,
ff179123fe245883,
ffc79223fe445e03,
ffd79323fe645e83,
ffe79423fe845f03,
fff79523fea45f83,
fe179623fec45083,
ff479723fee45a03,
ff579823ff045a83,
fee79923ff245703,
fe579a23ff445283,
fe679b23ff645303,
fe779c23ff845383,
fed79d23ffa45683,
feb79e23ffc45583,
fec79f23ffe45603,
fa8ff06ff6a41ce3,
68cc9e6300500613,
00030613000c0693,
0009851300100593,
000929039b8fd0ef,
0004851300098593,
0a8030ef00291613,
03412a8304812403,
02812c0303012b03,
04c1208302412c83,
0401290304412483,
03c1298300098513,
64c0106f05010113,
003bf593002b9913,
fffb8513012487b3,
0010069306058e63,
238592e302d58e63,
00082c030007a303,
0004ae03018338db,
0077a023011e23db,
011e965b0004ae83,
0048081300c4a023,
0044849300478793,
0007a283fffb8b93,
0122b5db00082903,
00b526db0004a503,
0004af0300d7a023,
01f4a02300bf1fdb,
00480813fffb8b93,
0044849300478793,
0007a083900b8ae3,
0140badb00082a03,
0157245b0004a703,
0004a3030087a023,
0184a02301531c5b,
00482e030047a883,
0044ae8301c8b3db,
00c7a223007ea65b,
0072995b0044a283,
0087a5830124a223,
00a5bf5b00882503,
01e6afdb0084a683,
0084a08301f7a423,
0144a42301e09a5b,
00c8270300c7aa83,
00c4a30300eab45b,
0187a62300832c5b,
00889e5b00c4a883,
ffcb8b9301c4a623,
0107879301080813,
f60b90e301048493,
0050061386dff06f,
048124031ccc1463,
03412a8303812a03,
04c1208302812c03,
000b869304012903,
02c12b8300048513,
0008061304412483,
0501011300100593,
ffc50313800fd06f,
001f8e1300235f93,
00a400b3007e7613,
0c060e6300098793,
002003930b860e63,
00300f1308760e63,
0040071307e60e63,
0050029304e60e63,
0060089302560e63,
0004568301160e63,
0049879300245583,
00b9912300d99023,
0004580300440413,
0047879300245e83,
ffd79f23ff079e23,
0004550300440413,
0047879300245a83,
ff579f23fea79e23,
00045b0300440413,
0047879300245303,
fe679f23ff679e23,
00045f8300440413,
0047879300245e03,
ffc79f23fff79e23,
0004560300440413,
0047879300245383,
fe779f23fec79e23,
00045f0300440413,
0044041300245703,
00e7912301e79023,
8e1408e300478793,
00045a8303412c23,
00445b0300245a03,
00845f8300645283,
00c45e8300a45383,
0104530300e45e03,
0144580301245883,
0184558301645503,
01c4568301a45603,
0157902301e45f03,
0167922301479123,
01f7942300579323,
01d7962300779523,
0067982301c79723,
01079a2301179923,
00b79c2300a79b23,
00d79e2300c79d23,
0204041301e79f23,
f6141ce302078793,
859ff06f03812a03,
0009260304812403,
03412a8303812a03,
0401290304c12083,
000b8713000c0793,
02c12b8302812c03,
0441248300048513,
0010059300080693,
f04fc06f05010113,
000b829300492903,
01748633002b9b93,
017606b346090e63,
017687b30012f393,
0008091300080593,
06038463fff28e93,
000625030004a283,
0006af0300a2802b,
01ff102b0007af83,
0010a02b00082083,
0144a0230000ca2b,
0156202300005aab,
00e6a0230000572b,
0087a0230000542b,
000e829300880913,
00c5859300480813,
0046061300448493,
0047879300468693,
0004ab83dc0e8663,
006b802b00062303,
0007a8830006ac03,
00082e03011c102b,
007e202b00092383,
000ec52b0005ae83,
00005f2b00a4a023,
00005fab01e62023,
000050ab01f6a023,
0044aa030017a023,
015a002b00462a83,
0047a4030046a703,
00482b830087102b,
006ba02b00892303,
000c48ab00c5ac03,
00005e2b0114a223,
000053ab01c62223,
00005eab0076a223,
ffe2829301d7a223,
0109091300880813,
0084849301858593,
0086869300860613,
f40298e300878793,
00010417d14ff06f,
0004208345842403,
0010059301700613,
0000f51700c0a683,
709010ef53050513,
0010059300042503,
00c5268301100613,
52c505130000f517,
00042e836ed010ef,
00cea58300a00513,
04c1208304812403,
0401290304412483,
4d90106f05010113,
000c0f1300492c83,
01898633002c1c13,
018606b3400c8263,
018687b3001f7413,
0003071300030513,
ffff0e9300098b13,
0009af0306040463,
00bf002b00062583,
0007a8830006ae03,
00032803011e102b,
00084cab0108202b,
00005c2b0199a023,
000050ab01862023,
00005aab0016a023,
008307130157a023,
00430313000e8f13,
00498b1300c50513,
0046869300460613,
a20e8ce300478793,
00062f83000b2283,
0006a38301f2802b,
0083902b0007a403,
0007258300032e83,
00052e0300bea02b,
011b2023000e48ab,
010620230000582b,
0196a02300005cab,
0187a02300005c2b,
00462a83004b2083,
0046a2830150802b,
01f2902b0047af83,
0087240300432383,
00c52e830083a02b,
00bb2223000ec5ab,
01c6222300005e2b,
0116a223000058ab,
0107a2230000582b,
00830313ffef0f13,
0185051301070713,
00860613008b0b13,
0087879300868693,
981ff06ff40f18e3,
000c879300092603,
00030693000c0713,
0009851300100593,
961ff06fbe8fc0ef,
003c7513002c1713,
0009879300e98733,
0a050863fffc0b13,
06d5086300100693,
0007278303950c63,
0197bc5b00032c83,
0180aadb0009a083,
0009a28301572023,
01f9a02301829fdb,
0047071300430313,
000b0c1300498793,
0003240300072383,
0007a5830083bedb,
01c7202301d5ae5b,
01d8985b0007a883,
004303130107a023,
0047879300470713,
00072f03fffc0c13,
00cf355b00032603,
00ab26db0007ab03,
0007ac8300d72023,
0017a02300ac90db,
00430313fffc0c13,
0047879300470713,
00072a83880c0ee3,
005abfdb00032283,
01f3a45b0007a383,
0007ae8300872023,
00b7a02301fe95db,
0043288300472e03,
0047af03011e385b,
00c72223010f265b,
01051b5b0047a503,
008726830167a223,
0196b0db00832c83,
001aa2db0087aa83,
0087af8300572423,
0077a423001f93db,
00c32e8300c72403,
00c7ae0301d435db,
0117262300be28db,
00b81f5b00c7a803,
ffcc0c1301e7a623,
0107071301030313,
f60c10e301078793,
017606b3ff4ff06f,
017687b30012fc13,
0008039300080593,
060c0463fff28893,
000625030004ae03,
0006ae8300ae002b,
01ee902b0007af03,
01ffa02b00082f83,
0014a023000fb0ab,
0146202300005a2b,
0156a02300005aab,
00e7a0230000572b,
0008829300880393,
00c5859300480813,
0046061300448493,
0047879300468693,
0004a40394088a63,
0064002b00062303,
0007ab830006a903,
00082c030179102b,
011c202b0003a883,
000e352b0005ae03,
00005eab00a4a023,
00005f2b01d62023,
00005fab01e6a023,
0044a08301f7a023,
0140802b00462a03,
0047a7030046aa83,
0048240300ea902b,
0064202b0083a303,
00093bab00c5a903,
00005c2b0174a223,
000058ab01862223,
00005e2b0116a223,
ffe2829301c7a223,
0103839300880813,
0084849301858593,
0086869300860613,
f40298e300878793,
018606b389cff06f,
018687b3001f7093,
0003041300030513,
ffff0a9300098593,
0009a70306008463,
0167002b00062b03,
0007af830006a283,
0003238301f2902b,
0003beab0073a02b,
00005e2b01d9a023,
000058ab01c62023,
0000582b0116a023,
008304130107a023,
00430313000a8f13,
0049859300c50513,
0046869300460613,
e20a8c6300478793,
00062c030005ac83,
0006a083018c802b,
0150902b0007aa83,
00042b0300032703,
000522830167202b,
01f5a0230002bfab,
00762023000053ab,
01d6a02300005eab,
01c7a02300005e2b,
004628030045a883,
0046ac830108802b,
018c902b0047ac03,
00842a8300432083,
00c527030150a02b,
0165a22300073b2b,
00562223000052ab,
01f6a22300005fab,
0077a223000053ab,
00830313ffef0f13,
0185051301040413,
0086061300858593,
0087879300868693,
d80ff06ff40f18e3,
00082f830007af03,
0004aa0301ff30db,
0157a023001a2adb,
0017145b0004a703,
004808130084a023,
0044849300478793,
dacff06f00050b93,
e6c4a48300010497,
017006130004a983,
00c9a68300100593,
f70505130000f517,
0004a30311d010ef,
0180061300100593,
0000f51700c32683,
101010eff6c50513,
03c129830004a583,
00c5a58300a00513,
00000013a11ff06f,
0000001300008067,
0000001300000013,
0030069300157793,
0010081300500713,
0005079318079463,
00f602b301f7d613,
01f7d3134012d793,
00f303b30017f593,
4013d79308059463,
0017fe9301f7d893,
060e9a6300f88e33,
01f7df13401e5793,
00ff0fb30017f613,
401fd79306061063,
0017f39301f7d293,
0403966300f28333,
01f7d59340135793,
00f588b30017fe13,
4018d793020e1c63,
0017ff9301f7de93,
020f926300fe8f33,
01f7d613401f5793,
00f602b30017f313,
4012d79300031863,
f60382e30017f393,
0605926302d7e5b3,
02d7e8b302d7c7b3,
02d7c7b304089c63,
040e166302d7ee33,
02d7eeb302d7c7b3,
02d7c7b3040e9063,
020f1a6302d7ef33,
02d7efb302d7c7b3,
02d7c7b3020f9463,
00061e6302d7e633,
02d7e2b302d7c7b3,
02d7c7b300029863,
fa0302e302d7e333,
0603926302e7e3b3,
02e7e5b302e7c7b3,
02e7c7b304059c63,
0408966302e7e8b3,
02e7ee3302e7c7b3,
02e7c7b3040e1063,
020e9a6302e7eeb3,
02e7ef3302e7c7b3,
02e7c7b3020f1463,
000f9e6302e7efb3,
02e7e63302e7c7b3,
02e7c7b300061863,
fa0282e302e7e2b3,
0015051300f85c63,
e80780e300157793,
f1dff06f00050793,
0000000000008067,
0000000000000000,
1205c66300000813,
00c037b30006dc63,
fff8481340d006b3,
40c0063340f686b3,
0005071300060893,
0e069a6300058313,
000107b716c5f463,
010007b722f66463,
00f6746301800693,
800147b701000693,
6c47879300d65e33,
0007c78301c787b3,
00d787b302000e13,
00fe0c6340fe06b3,
00f557b300d59333,
0067e33300d618b3,
0108d61300d51733,
0108969302c35533,
010757930106d693,
02a685b302c37333,
0067e7b301031313,
00f887b300b7fc63,
0117e463fff50313,
0003051340b7e663,
02c7d5b340b787b3,
0107571301071713,
02b686b302c7f7b3,
00f7673301079793,
00e8873300d77e63,
01176663fff58793,
00d76463ffe58593,
0105151300078593,
0000059300b56533,
00a037b300080a63,
40f585b340b005b3,
0000806740a00533,
0000059302d5f463,
fddff06f00000513,
40b005b300a037b3,
40a0053340f585b3,
ec5ff06ffff00813,
1ef6e863000107b7,
01800893010007b7,
0100089300f6f463,
0116d733800147b7,
00e787b36c478793,
020007930007c703,
40e788b301170733,
30b6e4631ce79663,
0015351300c53533,
f75ff06f00000593,
000107b70c060c63,
100633132cf67c63,
0033131300133313,
800147b7006656b3,
00d787b36c478793,
020007930007c683,
40d78eb3006686b3,
40c586b30cd79463,
0106161301065313,
0010059301065613,
010757930266d533,
02c50e330266f6b3,
00d7e7b301069693,
00f887b301c7fc63,
0117e463fff50693,
000685132bc7e463,
0267d6b341c787b3,
0107571301071713,
02c686330267f7b3,
00f7673301079793,
00e8873300c77e63,
01176663fff68793,
00c76463ffe68693,
0105151300078693,
eadff06f00d56533,
0016b69310063693,
de1ff06f00369693,
00000693800147b7,
00d787b36c478793,
000003130007c683,
006686b302000793,
f4d780e340d78eb3,
00d5de3301d618b3,
026e57b30108d313,
0106561301089613,
01d5173300d556b3,
00b6e6b301d595b3,
026e7e330106d593,
010e1e1302f60533,
00a5fe6301c5e5b3,
fff78e1300b885b3,
1ca5f2631d15e463,
011585b3ffe78793,
0265d53340a585b3,
0106d69301069693,
02a60e330265f5b3,
00b6e6b301059593,
00d886b301c6fe63,
1716ee63fff50593,
ffe5051317c6fc63,
01079593011686b3,
00a5e5b341c686b3,
1006b893eb1ff06f,
003898930018b893,
00e65eb3e19ff06f,
00deeeb3011696b3,
010edf1300e5d333,
010e9e1303e357b3,
010e5e13011595b3,
00b7673300e55733,
0116163301075693,
02fe05b303e37333,
0066e6b301031313,
00de86b300b6fe63,
11d6ea63fff78313,
ffe7879310b6f863,
40b686b301d686b3,
0107171303e6d5b3,
03e6f6b301075713,
0106969302be0333,
00677e6300d76733,
fff5869300ee8733,
0c6772630dd76463,
01d70733ffe58593,
00010f3701079793,
ffff069300b7e7b3,
0107de1300d7f5b3,
0106561300d676b3,
4067073302d58eb3,
010ed31302de06b3,
00d585b302c585b3,
02ce0e3300b305b3,
01ee0e3300d5f463,
01c686b30105d693,
00d7086302d76a63,
0000059300078513,
000106b7cc1ff06f,
00d5f733fff68693,
00defeb301071713,
01d7073301151533,
fff78513fce57ce3,
c95ff06f00000593,
04f67a63010007b7,
0100031301065693,
00000593d2dff06f,
c75ff06f00100513,
e91ff06f00058513,
f45ff06f00068593,
e45ff06f000e0793,
ef9ff06f00030793,
011787b3ffe50513,
ffe50513d59ff06f,
bf5ff06f011787b3,
0180031301865693,
00060813cddff06f,
0005871300050893,
12c5fe630e069063,
1ef66e63000107b7,
01800693010007b7,
0100069300f67463,
00d65333800147b7,
006787b36c478793,
020003130007c783,
40f306b300d787b3,
00d5973300f30c63,
00d6183300f557b3,
00d518b300e7e733,
02c7553301085613,
0106d69301081693,
02c777330108d793,
0107171302a685b3,
00b7fc6300e7e7b3,
fff5071300f807b3,
3eb7e0630107e463,
40b787b300070513,
0108989302c7d733,
02c7f7b30108d893,
0107979302e686b3,
00d8fe6300f8e8b3,
fff70793011808b3,
ffe707130108e663,
0007871300d8e463,
00e5653301051513,
0000806700000593,
0000059300d5f863,
0000806700000513,
1ef6e863000107b7,
01800813010007b7,
0100081300f6f463,
0106d733800147b7,
00e787b36c478793,
020007930007c703,
40e7883301070733,
30b6e4631ce79663,
0015351300c53533,
0000806700000593,
000107b70c060c63,
100637132cf67c63,
0037171300173713,
800147b700e656b3,
00d787b36c478793,
020006930007c783,
40f68eb300e787b3,
40c587b30cf69463,
0106161301065693,
0010059301065613,
0108d71302d7d533,
02c5033302d7f7b3,
00f767b301079793,
00f807b30067fc63,
0107e463fff50713,
000705132a67e463,
02d7d733406787b3,
0108d89301089893,
02c7063302d7f7b3,
00f8e8b301079793,
011808b300c8fe63,
0108e663fff70793,
00c8e463ffe70713,
0105151300078713,
0000806700e56533,
0016b69310063693,
e0dff06f00369693,
00000693800147b7,
00d787b36c478793,
000007130007c783,
00e787b302000693,
f4f680e340f68eb3,
00f5d33301d61833,
02d35e3301085693,
01d595b301081613,
00f557b301065613,
0107d71300b7e7b3,
02d3733301d518b3,
0103131303c605b3,
00b77e6300676733,
fffe051300e80733,
1cb772631d076463,
01070733ffee0e13,
02d7553340b70733,
0107d79301079793,
02a6033302d77733,
00e7e7b301071713,
00f807b30067fe63,
1707ee63fff50713,
ffe505131667fc63,
010e1593010787b3,
00a5e5b3406787b3,
1006b813eb1ff06f,
0038181300183813,
00e65e33e19ff06f,
00de6e33010696b3,
010e5e9300e5d8b3,
010e131303d8d7b3,
01035313010595b3,
00b7673300e55733,
0106163301075693,
02f305b303d8f8b3,
0116e6b301089893,
00de06b300b6fe63,
11c6ea63fff78893,
ffe7879310b6f863,
40b686b301c686b3,
0107171303d6d5b3,
03d6f6b301075713,
0106969302b308b3,
01177e6300d76733,
fff5869300ee0733,
0d1772630dc76463,
01c70733ffe58593,
00010eb701079793,
fffe869300b7e7b3,
0107d31300d7f5b3,
0106561300d676b3,
4117073302d58e33,
010e589302d306b3,
00d585b302c585b3,
02c3033300b885b3,
01d3033300d5f463,
006686b30105d693,
00d7086302d76a63,
0000059300078513,
000106b700008067,
00d5f733fff68693,
00de7e3301071713,
01c7073301051533,
fff78513fce57ce3,
0000806700000593,
04f67a63010007b7,
0100071301065693,
00000593d2dff06f,
0000806700100513,
e91ff06f00070513,
f45ff06f00068593,
e45ff06f00050e13,
ef9ff06f00088793,
010787b3ffe50513,
ffe50513d59ff06f,
c21ff06f010787b3,
0180071301865693,
00050593cddff06f,
0000061300000693,
4990106f00000513,
00000593ff010113,
0011262300812423,
519010ef00050413,
00078463f581a783,
00040513000780e7,
00050593bd8fa0ef,
0100006ff441a503,
f441a50300050593,
fd0101137590106f,
0211262301312e23,
0291222302812423,
00b5879303212023,
0005099301600713,
0100079308f76063,
780000ef20b7e063,
0020059301800793,
8281891301000493,
0047a40300f907b3,
34e40063ff878713,
00c4268300442783,
ffc7f79300842603,
0047a70300f407b3,
00c6a42300d62623,
0009851300176713,
734000ef00e7a223,
02c1208300840513,
0241248302812403,
01c1298302012903,
0000806703010113,
1807c263ff87f493,
700000ef18b4e063,
3e97f6631f700793,
16078e630094d793,
32f76c6300400713,
039785930064d793,
0035961303878813,
00c9063382818913,
ff86061300462403,
00f0051302860863,
00c426830140006f,
00d60e6328075663,
0044278300068413,
40978733ffc7f793,
00080593fee552e3,
0089089301092403,
0044278325140e63,
ffc7f79300f00693,
36e6cc6340978733,
0119282301192a23,
1ff0071334075063,
24f7686300492503,
00870713ff87f713,
0007268300e90733,
001007930057d613,
00f5653300c797b3,
00f42623ff870793,
00a9222300d42423,
0086a62300872023,
001006134025d793,
0ac56a6300f61633,
0207946300a677b3,
ffc5f59300161613,
0045859300a677b3,
0016161300079a63,
0045859300a677b3,
00f00813fe078ae3,
0069033300359313,
00c5278300030513,
24f5026300058e13,
000784130047a703,
ffc7771300c7a783,
24d84263409706b3,
00e40733fe06c2e3,
0084260300472683,
0016e69300098513,
00f6262300d72223,
594000ef00c7a423,
e61ff06f00840513,
00f9a02300c00793,
e51ff06f00000513,
0400059320000613,
e95ff06f03f00813,
0161282300892403,
ffc7fb1300442783,
409b0733009b6863,
0ce7ca6300f00793,
01512a2301912223,
f541aa83f3c1a703,
0171262301412c23,
01640a33fff00793,
3cf7066301548ab3,
00f78793000017b7,
fffff7b700fa8ab3,
000a859300fafab3,
4d8010ef00098513,
00050b93fff00793,
0181242344f50a63,
f6818c1323456e63,
00ba85b3000c2583,
0005871300bc2023,
014517932aaa1663,
00892b832a079263,
0017e793015b07b3,
f501a68300fba223,
f4b1a82300b6f463,
00b6f463f4c1a683,
00812c03f4b1a623,
ffc7f793000b8413,
3897ea6340978733,
38e7d66300f00793,
01412a8301812a03,
00412c8300c12b83,
00f422230014e793,
00992423009404b3,
0009851300176713,
45c000ef00e4a223,
0084051302c12083,
01012b0302812403,
0201290302412483,
0301011301c12983,
0049250300008067,
00842603e09ff06f,
00c7a403cd9ff06f,
d88782e300258593,
0097d713cb9ff06f,
14e6f26300400693,
32e6e46301400693,
05b7069305c70613,
00c9063300361613,
ff86061300062703,
2940006f00e61863,
00e6086300872703,
ffc6f69300472683,
00c72603fed7e8e3,
00e4242300c42623,
0087262300862423,
01400713d91ff06f,
0540071310f77863,
00c4d7932ef76463,
06e7881306f78593,
cbdff06f00359613,
003e7793001e0e13,
1007806300850513,
da9ff06f00c52783,
0014e59300842603,
00f6262300b42223,
009404b300c7a423,
0099282300992a23,
0114a6230016e793,
00f4a2230114a423,
0009851300e40733,
33c000ef00d72023,
c09ff06f00840513,
0047a70300f407b3,
0017671300098513,
31c000ef00e7a223,
be9ff06f00840513,
008487930034d593,
0014e693b95ff06f,
009404b300d42223,
0099282300992a23,
0114a62300176693,
00d4a2230114a423,
0009851300f407b3,
2d4000ef00e7a023,
ba1ff06f00840513,
039706130067d713,
0036161303870693,
07240c63ec5ff06f,
00812c0300892403,
e09ff06f00442783,
05b7881305c78593,
bbdff06f00359613,
fff5859300832783,
0035f79326679e63,
fe0796e3ff830313,
fff6479300492703,
00f9222300e7f7b3,
cec7eee300161613,
00f67733ce060ce3,
0016161300071a63,
004e0e1300f67733,
000e0593fe070ae3,
f6818c13c59ff06f,
00ea8733000c2703,
f3c1a68300ec2023,
18f68663fff00793,
00e787b3414b87b3,
007bfc9300fc2023,
419b8bb30c0c8c63,
00878793000017b7,
419785b3008b8b93,
415585b3015b8ab3,
0145da1301459593,
00098513000a0593,
fff007931b4010ef,
4175053318f50063,
000c270301450ab3,
001ae79301792423,
00bc202300ea05b3,
cf240ce300fba223,
0b66f06300f00693,
ff4b079300442703,
00177713ff87f793,
00e4222300f76733,
00f4073300500613,
00c7242300c72223,
004ba78300f6e663,
00840593cbdff06f,
10d010ef00098513,
000c258300892b83,
ca1ff06f004ba783,
c49ff06f010a8a93,
001007934026d693,
00f5653300d797b3,
d75ff06f00a92223,
40b005b3015b85b3,
0145da1301459593,
00098513000a0593,
fff007930f4010ef,
00000a13f4f512e3,
00812c03f45ff06f,
00fba22300100793,
0fc000ef00098513,
01812a0300000513,
01012b0301412a83,
00412c8300c12b83,
054006939b5ff06f,
00c7d71304e6e463,
06e7069306f70613,
cd1ff06f00361613,
04f7646315400713,
0787859300f4d793,
0035961307778813,
008924039d1ff06f,
c01ff06f00442783,
e81ff06ff371ae23,
04e6e46315400693,
0787061300f7d713,
0036161307770693,
55400713c85ff06f,
0124d79304f76463,
07c7881307d78593,
985ff06f00359613,
019a8ab3ff8c8c93,
00000a13417a8ab3,
55400693e7dff06f,
0127d71302e6e463,
07c7069307d70613,
c39ff06f00361613,
07f005933f800613,
945ff06f07e00813,
07e006933f800613,
00492783c1dff06f,
00008067da1ff06f,
0000051300008067,
8000b5b700008067,
61858593c3018613,
4100006fc4018513,
00452583ff010113,
0091222300812423,
f901841300112623,
0085846300050493,
0084a583341040ef,
00f5866306840793,
32d040ef00048513,
0d04041300c4a583,
0081240300858e63,
0004851300c12083,
0101011300412483,
00c120833090406f,
0041248300812403,
0000806701010113,
0000806700000513,
00812c23fe010113,
f9018413800077b7,
00112e23aa478793,
0121282300912a23,
0141242301312623,
00800613f4f1ac23,
0000059300400793,
00f4262305c40513,
0004222300042023,
0604222300042423,
00042a2300042823,
09c010ef00042c23,
80007a37000107b7,
80007937800079b7,
3b0a0a13800074b7,
49c9091341498993,
0097879351448493,
0000059300800613,
034420230c440513,
0324242303342223,
06f42a2302942623,
0604242300842e23,
0604282306042623,
06042c230c042623,
0804202306042e23,
000207b7030010ef,
0127879306840713,
0080061312c40513,
0944242300000593,
0924282309342623,
0cf42e2308942a23,
0c04282308e42223,
0c042c230c042a23,
0e04202312042a23,
0e0424230e042223,
0d0407937e1000ef,
0f342a230f442823,
0e942e230f242c23,
0ef4262301c12083,
0141248301812403,
00c1298301012903,
0201011300812a03,
f581a78300008067,
01312623fe010113,
00812c2300112e23,
0121282300912a23,
0e07866300050993,
fff00493c3018913,
0089240300492783,
0007d863fff78793,
068404130800006f,
00c4170306978c63,
fe0718e3fff78793,
00178793ffff07b7,
0604222300f42623,
0004242300042023,
0004282300042223,
00042c2300042a23,
0000059300800613,
71d000ef05c40513,
02042a2302042823,
0404242304042223,
0004051301c12083,
0141248301812403,
00c1298301012903,
0000806702010113,
0004066300092403,
f65ff06f00040913,
000985131ac00593,
00050413d8cff0ef,
00c5051302050c63,
0004202300400793,
00a4242300f42223,
000005931a000613,
008920236a9000ef,
f25ff06f00040913,
f15ff06fda1ff0ef,
00c0079300092023,
f7dff06f00f9a023,
0007846303452783,
f581a70300008067,
ab878793800077b7,
fe0716e302f52a23,
00008067d69ff06f,
800075b700008067,
a9c58593c3018613,
0e00006f00000513,
c3018613800075b7,
00000513b2858593,
fe0101130cc0006f,
00112e2300812c23,
0005066300050413,
00078c6303452783,
0181240300040513,
0201011301c12083,
00c126233780006f,
f75ff0ef00b12423,
0181240300040513,
0081258300c12603,
0201011301c12083,
fe0101133500006f,
f441a48300912a23,
00112e2300812c23,
0005861300050413,
0344a78300048663,
0004059302078063,
01c1208301812403,
0141248300048513,
30c0006f02010113,
00b1262300048513,
00040593f09ff0ef,
00c1260301812403,
0004851301c12083,
0201011301412483,
fd0101132e00006f,
01312e2303212023,
01512a2301412c23,
0171262301612823,
0281242302112623,
00050b1302912223,
00060a9300058b93,
0010099300000a13,
004aa483fff00913,
fff48493008aa403,
00c457830204c863,
00e4178300f9fe63,
000b051300040593,
000b80e701278663,
fff4849300aa6a33,
fd249ce306840413,
fc0a90e3000aaa83,
0281240302c12083,
0201290302412483,
01412a8301c12983,
00c12b8301012b03,
01812a03000a0513,
0000806703010113,
05212023fb010113,
01c1079302c68933,
0010079302f12223,
0491222304812423,
00b12e2303312e23,
02f1242304112623,
0321262303212023,
0006841300060993,
0007059300050493,
0345278300050663,
00c5978306078663,
0207426301279713,
ffffe6b70645a703,
00002637fff68693,
00d7773300c7e7b3,
06e5a22300f59623,
0004851302410613,
00050863255040ef,
40f9093302c12783,
04c1208303395433,
0481240300040513,
0401290304412483,
0501011303c12983,
00e1262300008067,
00c12583d71ff0ef,
fb010113f8dff06f,
02c584b304912223,
f441a98303312e23,
02f1222301c10793,
0481242300100793,
0411262305212023,
02f1242300a12e23,
0291262302912023,
0006041300058913,
0009866300068593,
060786630349a783,
0127971300c59783,
0645a70302074263,
fff68693ffffe6b7,
00c7e7b300002637,
00f5962300d77733,
0241061306e5a223,
189040ef00098513,
02c1278300050863,
0324d43340f484b3,
0004051304c12083,
0441248304812403,
03c1298304012903,
0000806705010113,
00d1262300098513,
00c12583ca1ff0ef,
fc010113f89ff06f,
02d1262302c12423,
02f12a2302e12823,
03112e2303012c23,
0085258300058613,
00112e2302810693,
3f8010ef00d12623,
0401011301c12083,
f441a30300008067,
02c12423fc010113,
02b1222302d12623,
02f12a2302e12823,
03112e2303012c23,
0241069300832583,
0003051300050613,
00d1262300112e23,
01c120833ac010ef,
0000806704010113,
00812c23fe010113,
0005041300112e23,
0345278300050663,
0086278306078063,
00f62423fff78793,
018627030007dc63,
0ff5f79302e7ca63,
02e7846300a00713,
0ff5f51300062783,
00e6202300178713,
01c1208300b78023,
0201011301812403,
0004051300008067,
01c1208301812403,
3080006f02010113,
00b1242300c12623,
00c12603b89ff0ef,
f91ff06f00812583,
01212a23fe010113,
00912c23f441a903,
0005049300112e23,
0349278300090663,
0085a78306078863,
00f5a423fff78793,
0185a7030007dc63,
0ff4f79302e7cc63,
02e7866300a00713,
0ff4f5130005a783,
00e5a02300178713,
01c1208300978023,
0141290301812483,
0000806702010113,
0005861301c12083,
0004859300090513,
0181248301412903,
2600006f02010113,
00b1262300090513,
00c12583ae1ff0ef,
fc010113f85ff06f,
0005041302812c23,
02912a2300058513,
0005849302112e23,
800137b73b9000ef,
02f12423d9478793,
02f1262300100793,
0201079303442703,
00f12a2300150693,
0291202300200793,
00d12e2302a12223,
0084258300f12c23,
00c5978306070063,
0207426301279713,
ffffe6b70645a703,
00002637fff68693,
00d7773300c7e7b3,
06e5a22300f59623,
0004051301410613,
03c120836ec040ef,
0015351303812403,
00b5751340a00533,
fff5051303412483,
0000806704010113,
00b1262300040513,
00c12583a11ff0ef,
00050593f95ff06f,
f29ff06ff441a503,
00812423ff010113,
00e5958300058413,
640000ef00112623,
0504278302054063,
00a787b300c12083,
0081240304f42823,
0000806701010113,
fffff73700c45783,
00e7f7b3fff70713,
00f4162300c12083,
0101011300812403,
0000051300008067,
00c5978300008067,
00812c23fe010113,
0121282300912a23,
00112e2301312623,
000584131007f713,
0006091300050493,
0407106300068993,
fff70713fffff737,
00e4158300e7f7b3,
0181240300f41623,
0009869301c12083,
00c1298300090613,
0004851301012903,
0201011301412483,
00e595836480006f,
0000061300200693,
00c4178350c000ef,
ff010113fb1ff06f,
0005841300812423,
0011262300e59583,
fff007934ec000ef,
00c4578302f50863,
00c1208300001737,
0107979300e7e7b3,
04a428234107d793,
0081240300f41623,
0000806701010113,
fffff73700c45783,
00e7f7b3fff70713,
4107d79301079793,
00f4162300c12083,
0101011300812403,
00e5958300008067,
fe0101133640006f,
00912a2300812c23,
00112e2301212823,
0005849300050913,
0005066300060413,
1607806303452783,
00c4170301842783,
0087779300f42423,
0104278308078063,
0131262306078c63,
0ff4f99301271693,
0806d8630ff4f493,
0144268300042703,
0ad7d86340f707b3,
0017061300842683,
fff6869300c42023,
0137002300d42423,
0017879301442703,
00c457830cf70263,
0c079a630017f793,
01c1208300c12983,
0101290301812403,
0141248300048513,
0000806702010113,
0009051300040593,
08051e630e0000ef,
0131262300c41703,
0127169301042783,
0ff4f4930ff4f993,
06442683f606cce3,
000025b7ffffe637,
fff6061300b76733,
00e4162300c6f6b3,
06d4222300042703,
40f707b301442683,
00040593f4d7cce3,
33c040ef00090513,
0004270302051e63,
0010079300842683,
fff6869300170613,
00d4242300c42023,
0144270301370023,
00040593f4f712e3,
304040ef00090513,
00c12983f40500e3,
f39ff06ffff00493,
f2f496e300a00793,
0009051300040593,
f0050ee32e0040ef,
f04ff0effddff06f,
00050793ea1ff06f,
00058613f441a503,
e61ff06f00078593,
ff010113f441a783,
0091222300812423,
0005049300112623,
0007866300058413,
0e070c630347a703,
0087f71300c41783,
0104270306070a63,
0017f69308070663,
0144268302068863,
0000051300042423,
00d42c2340d006b3,
00c1208302070a63,
0041248300812403,
0000806701010113,
000006130027f693,
0144260300069463,
0000051300c42423,
0807f713fc071ae3,
0407e793fc0706e3,
fff0051300f41623,
0107f713fbdff06f,
0047f71308070063,
0104270302071c63,
00f416230087e793,
2807f693f6071ee3,
f6c688e320000613,
0004851300040593,
00c417837cc040ef,
f59ff06f01042703,
00058e6303042583,
00e5886304040713,
27d000ef00048513,
0204282300c41783,
fdb7f79301042703,
00e4202300042223,
00078513fa1ff06f,
f05ff06fdc8ff0ef,
00e4a02300900713,
00f416230407e793,
f21ff06ffff00513,
02c7fe6300300793,
0037f79300a5e7b3,
0030069302079463,
ffc606130140006f,
0045859300450513,
0005270300c6fc63,
fef704e30005a783,
00c0006ffff60693,
02060863fff60693,
00d506b300168693,
02a680630080006f,
0005c70300054783,
0015859300150513,
40e78533fee786e3,
0000051300008067,
ff01011300008067,
0091222300812423,
0005851300050413,
f401ae2300112623,
fff00793de9f80ef,
00c1208300f50c63,
0041248300812403,
0000806701010113,
fe0784e3f5c1a783,
00f4202300c12083,
0041248300812403,
0000806701010113,
0aa78e63f441a783,
fe01011304452583,
00112e2300912a23,
04058c6300050493,
0131262301212823,
0000091300812c23,
012587b308000993,
00040e630007a403,
0004240300040593,
115000ef00048513,
0444a583fe0418e3,
fd391ce300490913,
0fd000ef00048513,
0101290301812403,
0384a58300c12983,
0004851300058663,
04c4a5830e1000ef,
0004851300058663,
0344a7830d1000ef,
01c1208300078c63,
0141248300048513,
0007806702010113,
0141248301c12083,
0000806702010113,
ff01011300008067,
0081242300058713,
0006059300912223,
0006861300050413,
0011262300070513,
d9df80eff401ae23,
00f50c63fff00793,
0081240300c12083,
0101011300412483,
f5c1a78300008067,
00c12083fe0784e3,
0081240300f42023,
0101011300412483,
ff01011300008067,
0081242300058713,
0006059300912223,
0006861300050413,
0011262300070513,
d75f80eff401ae23,
00f50c63fff00793,
0081240300c12083,
0101011300412483,
f5c1a78300008067,
00c12083fe0784e3,
0081240300f42023,
0101011300412483,
ff01011300008067,
0091222300812423,
0005851300050413,
f401ae2300112623,
fff00793e19f80ef,
00c1208300f50c63,
0041248300812403,
0000806701010113,
fe0784e3f5c1a783,
00f4202300c12083,
0041248300812403,
0000806701010113,
00058713ff010113,
0091222300812423,
0005041300060593,
0007051300068613,
f401ae2300112623,
fff00793d21f80ef,
00c1208300f50c63,
0041248300812403,
0000806701010113,
fe0784e3f5c1a783,
00f4202300c12083,
0041248300812403,
0000806701010113,
00812423ff010113,
80015437800157b7,
e987879301212023,
00112623e9840713,
40e7893300912223,
4029591302e78263,
00000493e9840413,
0014849300042783,
000780e700440413,
80015437ff24e8e3,
e9878793800157b7,
40e78933e9840713,
02e7806340295913,
00000493e9840413,
0014849300042783,
000780e700440413,
00c12083ff24e8e3,
0041248300812403,
0101011300012903,
ff01011300008067,
800157b700812423,
e987879380015437,
40f40433e9840413,
0011262300912223,
0204806340245493,
00f40433ffc40413,
fff4849300042783,
000780e7ffc40413,
00c12083fe0498e3,
0041248300812403,
0000806701010113,
0005071300f00313,
00f7779302c37e63,
080592630a079063,
00f67613ff067693,
00b7202300e686b3,
00b7242300b72223,
0107071300b72623,
00061463fed766e3,
40c306b300008067,
0000029700269693,
00c68067005686b3,
00b706a300b70723,
00b705a300b70623,
00b704a300b70523,
00b703a300b70423,
00b702a300b70323,
00b701a300b70223,
00b700a300b70123,
0000806700b70023,
008596930ff5f593,
0105969300d5e5b3,
f6dff06f00d5e5b3,
0000029700279693,
00008293005686b3,
00028093fa0680e7,
40f70733ff078793,
f6c378e300f60633,
00a5c7b3f3dff06f,
00c508b30037f793,
0030079306079463,
0035779306c7f063,
06079a6300050713,
40e606b3ffc8f613,
08d7ce6302000793,
0007079300058693,
0006a80302c77863,
0046869300478793,
fec7e8e3ff07ae23,
40e787b3fff60793,
00478793ffc7f793,
00f585b300f70733,
0000806701176863,
0515786300050713,
001707130005c783,
fef70fa300158593,
00008067fee898e3,
001707130005c683,
fed70fa300377793,
f6078ee300158593,
001707130005c683,
fed70fa300377793,
fc079ae300158593,
00008067f61ff06f,
00812623ff010113,
0005a38302000413,
0085af830045a283,
0105ae8300c5af03,
0185a3030145ae03,
0205a68301c5a803,
40e607b302470713,
fe572023fc772e23,
ffe72423fff72223,
ffc72823ffd72623,
ff072c23fe672a23,
02458593fed72e23,
00058693faf446e3,
02c7786300070793,
004787930006a803,
ff07ae2300468693,
fff60793fec7e8e3,
ffc7f79340e787b3,
00f7073300478793,
0117686300f585b3,
0101011300c12403,
0005c78300008067,
0015859300170713,
fee882e3fef70fa3,
001707130005c783,
fef70fa300158593,
fcdff06ffce89ee3,
0005071300357793,
7f7f86b704079c63,
fff00593f7f68693,
0047071300072603,
00d787b300d677b3,
00d7e7b300c7e7b3,
ffc74683feb784e3,
0406846340a707b3,
02068c63ffd74683,
00a03533ffe74503,
ffe5051300f50533,
fa0688e300008067,
0017071300074783,
fe0798e300377693,
fff7051340a70733,
ffd7851300008067,
ffc7851300008067,
f601a78300008067,
0047a70304078c63,
08e8406301f00813,
0205066300271813,
08c3242301078333,
001006131887a883,
00c8e8b300e61633,
10d324231917a423,
02d5066300200693,
00e7a22300170713,
00b7a423010787b3,
0000806700000513,
f701a0230c818813,
fa1ff06f0c818793,
0017071318c7a683,
00c6e6b300e7a223,
010787b318d7a623,
0000051300b7a423,
fff0051300008067,
fd01011300008067,
0321202301412c23,
02112623f601a903,
01312e230a090863,
0161282301512a23,
0281242301712623,
0181242302912223,
00058b9300050b13,
00100a93fff00993,
fff4841300492483,
0024949304044e63,
080b9063009904b3,
0044a68300492783,
0a878c63fff78793,
020686630004a223,
008a973318892783,
00f777b300492c03,
000680e706079663,
f601a78300492703,
07279e6309871063,
ffc48493fff40413,
02812403fb341ae3,
01c1298302412483,
01012b0301412a83,
00812c0300c12b83,
0201290302c12083,
0301011301812a03,
1044a78300008067,
fff40413f97780e3,
ff3418e3ffc48493,
18c92783fbdff06f,
00f777330844a583,
000b051302071663,
00492703000680e7,
f98704e3f601a783,
00078913f8078ae3,
00892223f29ff06f,
00058513f4dff06f,
f5dff06f000680e7,
01312623fe010113,
00812c23800159b7,
0121282300912a23,
00112e2301412423,
0005091300058a13,
969fe0efec098993,
000017b70089a703,
00472483fef78793,
ffc4f49300001737,
4144043300f48433,
fff4041300c45413,
00e44e6300c41413,
0009051300000593,
0089a783905ff0ef,
02f50863009787b3,
91dfe0ef00090513,
0181240301c12083,
0101290301412483,
00812a0300c12983,
0201011300000513,
408005b300008067,
8c1ff0ef00090513,
04f50863fff00793,
0007a703f6818793,
408484b30089a683,
408707330014e493,
0096a22300090513,
8bdfe0ef00e7a023,
0181240301c12083,
0101290301412483,
00812a0300c12983,
0201011300100513,
0000059300008067,
861ff0ef00090513,
00f006930089a703,
f4f6dee340e507b3,
0017e793f3c1a683,
40d5053300f72223,
f45ff06ff6a1a423,
ff01011318058263,
0091222300812423,
0005049300058413,
841fe0ef00112623,
ff840713ffc42503,
ffe57793800155b7,
ec05859300f70633,
0085a80300462683,
1ac80263ffc6f693,
0015751300d62223,
0a05106300d60833,
00482803ff842303,
4067073380015537,
ec85051300872883,
00187813006787b3,
00c7230314a88263,
011324230068a623,
0017e6931a080663,
00f6202300d72223,
06f6ec631ff00693,
00868693ff87f693,
00d586b30045a503,
0057d8130006a603,
010797b300100793,
ff86851300a7e7b3,
00c7242300a72623,
00e6a02300f5a223,
0081240300e62623,
0004851300c12083,
0101011300412483,
00482503f70fe06f,
0805066300157513,
fed42e230017e693,
1ff0069300f62023,
0097d693f8f6f8e3,
12d6606300400613,
039685130067d693,
0035151303868613,
0005268300a58533,
00d51863ff850513,
0086a6831540006f,
0046a60300d50863,
fec7e8e3ffc67613,
00a7262300c6a503,
0081240300d72423,
00c1208300e52423,
0041248300048513,
0101011300e6a623,
00008067ee0fe06f,
00d787b380015537,
00862683ec850513,
00c628030ca68c63,
00f706330017e513,
00d824230106a623,
00f6202300a72223,
12081c63ee1ff06f,
00c6260300862583,
0016e79300f686b3,
00b6242300c5a623,
00d7073300f72223,
ef9ff06f00d72023,
00d786b300157513,
ff84250302051063,
00c7278340a70733,
00a686b300872603,
00c7a42300f62623,
f401a7830016e613,
00e5a42300c72223,
f541a583eaf6eee3,
c9dff0ef00048513,
00d787b3eadff06f,
01400613f5dff06f,
0540061302d67063,
00c7d69306d66463,
06e6861306f68513,
ed5ff06f00351513,
05b6861305c68513,
ec5ff06f00351513,
00e5a82300e5aa23,
00a726230017e693,
00d7222300a72423,
00f7202300f70733,
0045a803e4dff06f,
0010079340265613,
0107e7b300c797b3,
eb1ff06f00f5a223,
00d66c6315400613,
0786851300f7d693,
0035151307768613,
55400613e69ff06f,
0127d69300d66c63,
07c6861307d68513,
e4dff06f00351513,
07e006133f800513,
0017e693e41ff06f,
00f6202300d72223,
ed010113dddff06f,
1291222312112623,
1171262311512a23,
0006049300058a93,
00050b9300d12423,
000527837e5030ef,
02f1222300078513,
02a12023939ff0ef,
034ba783000b8863,
7340106f00079463,
0127971300ca9783,
064aa70302074663,
ffffe6b700002637,
fff6869300c7e7b3,
4107d79301079793,
00fa962300d77733,
0087f71306eaa223,
010aa7032e070263,
01a7f7932c070e63,
2ee78a6300a00713,
11612823800157b7,
0b010b1311812423,
80015c3780878793,
11412c2312812423,
132120230fb12e23,
1191222311312e23,
07612e2311a12023,
0801202308012223,
00012c2300012a23,
000b041300012e23,
0201282302012423,
00f1262300012223,
97cc0c1301000a13,
00048d9301712023,
1e078c63000dc783,
02500713000d8493,
0014c7832ae78663,
fe079ae300148493,
1db48c6341b48933,
0801278308412703,
0127073301b42023,
0124222300178793,
08f1202308e12223,
0084041300700713,
0041270326f74e63,
012707330004c783,
18078c6300e12223,
04010fa300148493,
00000b93fff00993,
0580069300000913,
00148d930004cd03,
04f6e663fe0d0793,
0027979300c12703,
0007a78300e787b3,
00000b9300078067,
00900613fd0d0793,
002b9713000dcd03,
001b9b9301770bb3,
fd0d079301778bb3,
fef672e3001d8d93,
faf6fee3fe0d0793,
09a10423120d0263,
0010071304010fa3,
08810c9300100493,
0000099300090f13,
00000f9300012823,
08412903084f7293,
40eb87b300029663,
05f1478344f042e3,
0801278302078a63,
00d4202305f10693,
0010069300190913,
00d4222300178793,
08f1202309212223,
0084041300700693,
020f8a631af6c063,
0601069308012783,
0029091300d42023,
0017879300200693,
0921222300d42223,
0070069308f12023,
4ef6cee300840413,
08f28ae308000793,
19304ee3409989b3,
74079463100f7793,
0099093308012783,
0017879301942023,
0921222300942223,
0070069308f12023,
0084041320f6cc63,
000f0663004f7f13,
4e9042e340eb84b3,
00ebd463000b8313,
0041278300070313,
00f12223006787b3,
000dc78322091ae3,
000b041308012023,
08412783e00798e3,
0007846300012b83,
00cad7837540106f,
1201290312812403,
11c129830407f793,
11012b0311812a03,
10412c8310812c03,
0fc12d8310012d03,
1d90106f00078463,
0041250312c12083,
11412a8312412483,
1301011310c12b83,
000a859300008067,
e15fe0ef000b8513,
1a90106f00050463,
00a0071300ca9783,
d0e79ae301a7f793,
d007c6e300ea9783,
12c1208300812683,
000a859300048613,
11412a8312412483,
10c12b83000b8513,
3810106f13010113,
000d849301096913,
41b48933dc9ff06f,
0004c783d7b494e3,
00012503d9dff06f,
000a859307c10613,
f20518e3545010ef,
d71ff06f000b0413,
07c1061300012503,
02e12e23000a8593,
02512a2303e12c23,
519010ef03f12623,
08412903f00512e3,
03812f0303c12703,
02c12f8303412283,
e29ff06f000b0413,
800156b708012783,
00d4202380468693,
0010069300190913,
00d4222300178793,
08f1202309212223,
0084041300700693,
1080106f00f6d463,
4580106f00060463,
001f779301412683,
e40786e300d7e7b3,
0201268302412783,
0801278300f42023,
00d42223012685b3,
08b1222300178793,
0070069308f12023,
6480106f00f6d463,
0141268300840413,
0194202300178793,
00d4222300b68933,
08f1202309212223,
def6d8e300700693,
07c1061300012503,
02e12623000a8593,
439010ef01e12823,
08412903e20512e3,
02c1270301012f03,
dc5ff06f000b0413,
60079ce300897793,
0077879300812783,
0007a703ff87f793,
00e12c2300878793,
00f12423ffc7a703,
01c12c8300e12e23,
01812683ee81a703,
001c9493eec1a783,
000685130014d493,
0007061300048593,
17d090ef00078693,
0400106f00050463,
ee81a70301812683,
00068513eec1a783,
0007061300048593,
06d080ef00078693,
0180106f00a04463,
000c859301812703,
0007051300000613,
04d080ef00000693,
4340106f00055463,
0470079305f14683,
4180106f01a7d463,
7c4c8c9380014cb7,
f7f97f1300012823,
0030049300300713,
0006846300000993,
002f7f9300170713,
00270713c20f80e3,
c15ff06f00200f93,
0109779300812683,
004686930006a703,
1207926300d12423,
0007079304097693,
10074e634e0690e3,
0409c46305f14683,
02071e63f7f97f13,
20099e6300100713,
001974933c0714e3,
04048263000b0c93,
0af107a303000793,
000487130af10c93,
000128230334cc63,
f81ff06ff80690e3,
00900713000f0913,
030787936cf764e3,
00090f130af107a3,
0af10c9300100493,
fd34d8e300048713,
0001282300098713,
00812783fc9ff06f,
004787930007ab83,
d00bd8e300f12423,
0049691341700bb3,
acdff06f000d8493,
02a00793000dcd03,
00fd1463001d8d93,
fd0d07937d80106f,
0000071300900593,
0000099300900613,
000dcd03aaf5e4e3,
00e989b300271993,
00f9873300199993,
001d8d93fd0d0793,
00070993fef672e3,
fff00993a80750e3,
00812783a79ff06f,
0007a70301096913,
00f1242300478793,
ee0756e300070793,
02d0069340e007b3,
0a00006f00100713,
000d849308096913,
04096913a39ff06f,
a2dff06f000d8493,
04010fa300812703,
0007278300100493,
00e1242300470713,
0010071308f10423,
a75ff06f08810c93,
04f10fa302b00793,
9f5ff06f000d8493,
000d849300196913,
05f147839e9ff06f,
02000793c0079ae3,
000d849304f10fa3,
008969139d1ff06f,
9c5ff06f000d8493,
0109691300812703,
0047071300072783,
0010071300e12423,
04d10fa300000693,
f7f97f130009c863,
000f0913e40782e3,
e6c708e300100613,
06c7066300200613,
0077f713000b0c93,
feec8fa303070713,
000c86130037d793,
fe0794e3fffc8c93,
0607846300197793,
06f7006303000793,
fefc8fa3ffe60613,
00090f1340cb04b3,
e3dff06f00060c93,
00f7146300100793,
002007933fc0106f,
00f70463000f0913,
000007932100106f,
000b0c9302812603,
00e6073300f7f713,
0047d79300074703,
00ec8023fffc8c93,
419b04b3fe0794e3,
dedff06f00090f13,
0109691300812703,
0047071300072783,
0000071300e12423,
00812683f29ff06f,
0006a78301097713,
00d1242300468693,
04097713f00716e3,
01079793f00702e3,
001007130107d793,
00812783ef9ff06f,
0007ac8304010fa3,
320c80e300478813,
0009d46301012423,
000986130740106f,
000c851300000593,
00812803518030ef,
3a80106f00051463,
05f14683419504b3,
41f75713fff4c713,
0001282301012423,
00090f1300e4f733,
c8069ae300000993,
00812683c95ff06f,
8307071300008737,
0046871306e11023,
8001473700e12423,
02e124237e870713,
002969130006a783,
07800d1300200713,
00812683e59ff06f,
0006a78301097713,
00d1242300468693,
04097713f0071ae3,
01079793f00706e3,
000007130107d793,
01097793e29ff06f,
00812783140784e3,
0007a78300412703,
0081278300e7a023,
00f1242300478793,
06500793f28ff06f,
0181268335a7da63,
0000061301c12783,
0007859300068513,
02e12a2300000693,
258080ef03e12623,
0341270302c12f03,
0801278366051663,
80468693800156b7,
0019091300d42023,
0017879300100693,
0921222300d42223,
0070069308f12023,
4cf6c0e300840413,
0141268306412783,
0241278308d7d8e3,
0084041302012683,
08012783fef42c23,
fed42e2300d90933,
0921222300178793,
0070069308f12023,
014127830ef6cce3,
82905ae3fff78493,
0801278301000693,
3d00106f0096c463,
97c68693800156b7,
00012d0302e12623,
0100099300040713,
00700c9300048413,
0006849301e12823,
ff04041300c0006f,
010909134a89d6e3,
0097202300178793,
0921222301372223,
0087071308f12023,
07c10613fcfcdee3,
000d0513000a8593,
800514e361c010ef,
0801278308412903,
fb9ff06f000b0713,
f6f0566340eb87b3,
0801260301000693,
1dc0106f00f6c463,
97c68693800156b7,
0009059302912a23,
0007091301000893,
0004071300700f93,
0007841303e12623,
00c0006f00068493,
0488da63ff040413,
0016061301058593,
0117222300972023,
08c1202308b12223,
fccfdee300870713,
07c1061300012503,
588010ef000a8593,
01000893f6051a63,
08412583ff040413,
000b071308012603,
fa88cae300700f93,
02c12f0300048693,
0004079303412483,
0009071300070413,
00f9093300058913,
00f4222300160613,
0921222300d42023,
0070079308c12023,
e8c7da6300840413,
07c1061300012503,
02e12a23000a8593,
510010ef03e12623,
08412903ee051e63,
02c12f0303412703,
e64ff06f000b0413,
08012783800156b7,
093a5a6397c68693,
0070089300090693,
03e1262300070913,
0009841300040713,
00c0006f000c0993,
048a5863ff040413,
0017879301068693,
0147222301872023,
08f1202308d12223,
fcf8dee300870713,
07c1061300012503,
490010ef000a8593,
ff040413e6051e63,
0801278308412683,
00700893000b0713,
02c12f03fa8a4ce3,
0004099300098613,
0009071300070413,
0006069300068913,
0017879301390933,
0134222300d42023,
08f1202309212223,
0084041300700693,
00012503daf6d463,
000a859307c10613,
03e1262302e12a23,
e005146341c010ef,
0341270308412903,
000b041302c12f03,
00012503d78ff06f,
000a859307c10613,
dc0500633f4010ef,
08012483ddcff06f,
0010079301412683,
0019091301942023,
0084099300148493,
001007934ad7da63,
0921222300f42223,
0070079308912023,
020127837497cc63,
0014849302412683,
00f9a22300f90933,
0921222300d9a023,
0070079308912023,
7697c26300898993,
0181268301c12783,
0007859300000613,
0006851301412783,
02e1262300000693,
fff7841301e12823,
01012f0369d070ef,
4805046302c12703,
00148493001c8c93,
0199a02300890933,
092122230089a223,
0070079308912023,
1497c2e300898993,
06c1079303012683,
0126893300148493,
00d9a22300f9a023,
0891202309212223,
0089841300700793,
00012503ca97d063,
000a859307c10613,
01e1282302e12623,
cc0518632e4010ef,
02c1270308412903,
000b041301012f03,
01000693c70ff06f,
68f6d6e308012603,
96c68693800156b7,
0009059302912e23,
0007091301000893,
0004071300700393,
02512a2303f12623,
0007841303e12c23,
00c0006f00068493,
0488da63ff040413,
0016061301058593,
0117222300972023,
08c1202308b12223,
fcc3dee300870713,
07c1061300012503,
250010ef000a8593,
01000893c2051e63,
08412583ff040413,
000b071308012603,
fa88cae300700393,
02c12f8300048693,
03812f0303412283,
0004079303c12483,
0009071300070413,
00f9093300058913,
00f4222300160613,
0921222300d42023,
0070079308c12023,
aec7d06300840413,
07c1061300012503,
02e12e23000a8593,
02512a2303e12c23,
1c8010ef03f12623,
08412903ba051a63,
03812f0303c12703,
02c12f8303412283,
aa0ff06f000b0413,
07c1061300012503,
02e12c23000a8593,
0251262303e12a23,
b6051c6318c010ef,
0381270308412903,
02c1228303412f03,
ad4ff06f000b0413,
0801278301000693,
800156b75496d2e3,
00048d1396c68693,
00700c9301000993,
0006849300e12823,
ff0d0d1300c0006f,
0109091305a9d663,
0094202300178793,
0921222301342223,
0084041308f12023,
00012503fcfcdee3,
000a859307c10613,
ae051c6310c010ef,
08412903ff0d0d13,
000b041308012783,
01012703fba9cee3,
000d049300048693,
0017879300990933,
0094222300d42023,
08f1202309212223,
a6f6de6300700693,
07c1061300012503,
00e12823000a8593,
aa0510630b4010ef,
0101270308412903,
06412603a58ff06f,
01412783bac05463,
0007899301012683,
033056632cf6c863,
0139093308012783,
0017879301942023,
0921222301342223,
0070069308f12023,
1af6cee300840413,
41f7d793fff9c793,
0101278300f9f9b3,
37304063413789b3,
0141278306412683,
0241278328f6d663,
0084041302012603,
08012783fef42c23,
fec42e2300c90933,
0921222300178793,
0070061308f12023,
0141278330f642e3,
40d786b301012603,
0136d46340c789b3,
03305a6300068993,
0801260301012783,
00fc8cb301390933,
0194202300160613,
0921222301342223,
0070079308c12023,
32c7c0e300840413,
41f65613fff9c613,
40f684b300c9f7b3,
0100069394905863,
4e96d8e308012783,
97c68693800156b7,
00012d0302e12623,
0100099300040713,
00700c9300048413,
0006849301e12823,
ff04041300c0006f,
010909135c89d663,
0097202300178793,
0921222301372223,
0087071308f12023,
07c10613fcfcdee3,
000d0513000a8593,
9205146373d000ef,
0801278308412903,
fb9ff06f000b0713,
000b0c9300000493,
001f7693c80ff06f,
00f42223b40696e3,
0891202309212223,
bc97dee300700793,
07c1061300012503,
02e12623000a8593,
6e9000ef01e12823,
084129038c051a63,
02c1270308012483,
000b099301012f03,
01412683ba9ff06f,
b8d7dee300100793,
3ed7dee301100793,
97c68693800156b7,
01000c9300098793,
00700d1300070993,
01e1282300090713,
00c0006f00068913,
708cda63ff040413,
0014849301070713,
0197a2230127a023,
0891202308e12223,
fc9d5ee300878793,
07c1061300012503,
659000ef000a8593,
840ff06f00050463,
0801248308412703,
fb5ff06f000b0793,
00079463001f7793,
f68ff06ffd9fe06f,
4107571301071713,
c30ff06f00070793,
ea0f8c6304097f93,
0041270300812783,
00e790230007a783,
00812703eb4ff06f,
0007278304010513,
0007a70300470493,
0047a70304e12023,
0087a70304e12223,
00c7a78304e12423,
5d9080ef04f12623,
00b12e2300a12c23,
9d0ff06f00912423,
d3304ae300068993,
001f7793d59ff06f,
d71ff06fda0782e3,
07c1061300012503,
02e12623000a8593,
591000ef01e12823,
f79fe06f00050463,
02c1270308412903,
000b041301012f03,
800147b7edcff06f,
02f124237d478793,
0109771300812683,
004686930006a783,
00071a6300d12423,
0007066304097713,
0107d79301079793,
0020071300197693,
be078663be068863,
06d1002303000693,
0029691307a100a3,
800147b7bd8ff06f,
02f124237e878793,
00600793fa9ff06f,
6937e86300098493,
0004871380014cb7,
7fcc8c9301012423,
01000693dc1fe06f,
2536dce308012783,
00070593800156b7,
0004071397c68693,
0009841300090613,
0070049301000d13,
0006891303e12623,
00c0006f00058993,
568d5a63ff040413,
0017879301060613,
01a7222301272023,
08f1202308c12223,
fcf4dee300870713,
07c1061300012503,
479000ef000a8593,
e61fe06f00050463,
0801278308412603,
fb5ff06f000b0713,
07c1061300012503,
02e12623000a8593,
449000ef01e12823,
e31fe06f00050463,
0801248308412903,
01012f0302c12703,
879ff06f000b0993,
07c1061300012503,
02e12623000a8593,
411000ef01e12823,
df9fe06f00050463,
0801248308412903,
01012f0302c12703,
86dff06f000b0993,
00a00613000b0c93,
02c7f73300900513,
00078593fffc8c93,
00ec802303070713,
feb564e302c7d7b3,
00090f13419b04b3,
00012503920ff06f,
000a859307c10613,
01e1282302e12623,
000504633a5000ef,
06412603d8dfe06f,
02c1270308412903,
000b041301012f03,
01812803ec9fe06f,
0008061301c12783,
0007869300080513,
11d080ef00078593,
fdfd7713020512e3,
02e12623fff00793,
6ef9886310096f13,
68f7026304700793,
0000029301c12783,
4e07c06300078493,
0009871306600793,
4efd106300300693,
0681081301812603,
0006051306410793,
0001250300050593,
0004861307410893,
01e12a2302512a23,
719020ef00e12823,
0660079301012703,
0341228301412f03,
00e5083300050c93,
000cc68300fd1c63,
56f6806303000793,
00f8083306412783,
0004859301812783,
0007851300000613,
02512a2300000693,
01e1282301012a23,
01012f035e4070ef,
0341228301412803,
0741278342050663,
030006930107fe63,
06e12a2300178713,
0741278300d78023,
06412703ff07e8e3,
419787b300e12823,
02c1278300f12a23,
14e7846304700713,
18fd126306600793,
0019779301012703,
7ee056630137e7b3,
0101248372079c63,
0004871306600d13,
02d0079350028863,
0000099304f10fa3,
00012503ed9fe06f,
000a859307c10613,
01e1282302e12623,
00050463205000ef,
08412903bedfe06f,
01012f0302c12703,
b14ff06f000b0413,
07c1061300012503,
02e12623000a8593,
1d1000ef01e12823,
bb9fe06f00050463,
0801248308412903,
02c1270301012f03,
e8cff06f000b0993,
8ecfd0ef000b8513,
000486938c9fe06f,
0004049301012f03,
02c1270300070413,
0017879300990933,
b0dfe06f00d42023,
01c124836807cc63,
0010099300000293,
0641079301812703,
0007051307410893,
0001250300050593,
0009871306810813,
0004861300200693,
01e1282300512a23,
0019779355d020ef,
0141228301012f03,
5007906300050c93,
00f1282306412783,
40a787b307412783,
0101270300f12a23,
02f74c63ffd00793,
0141278302e9ca63,
50f74c6301012703,
0101278300197f93,
fff7c7135c0f9663,
00e7f73341f75713,
06700d1300078493,
ffed0d13ea9ff06f,
07a1062301012703,
fff7089302b00793,
3208cc6307112223,
0090079306f106a3,
030887932d17c063,
06f107a303000713,
06e1072300400793,
0141270302f12823,
0010079303012683,
48e7d26300d704b3,
0001282302012783,
fff4c71300f484b3,
00e4f73341f75713,
02412783e39ff06f,
0084041302012683,
08012783fef42c23,
fed42e23012685b3,
08b1222300178793,
0070069308f12023,
0006446320f6c263,
ff000693bbdfe06f,
60d6566340c004b3,
97c68693800156b7,
0100099300e12823,
0070091300040713,
00068413000f0d13,
ff04849300c0006f,
010585934499d463,
0087202300178793,
08b1222301372223,
0087071308f12023,
00012503fcf95ee3,
000a859307c10613,
000504637c4000ef,
084125839adfe06f,
000b071308012783,
000c8513fb5ff06f,
05f14683fe9fd0ef,
41f75713fff54713,
0005049300012823,
00090f1300e57733,
0006846300000993,
c39fe06fc39fe06f,
0009069301012f03,
0009871300070913,
0089093300078993,
00d9a02300148493,
80014cb7c18ff06f,
bedfe06f7c8c8c93,
04f10fa302d00793,
bc9fe06f02d00693,
0009859302c12f03,
0004099300090693,
0007041300060913,
0139093300058713,
00d4202300178793,
0921222301342223,
0070069308f12023,
eaf6da6300840413,
07c1061300012503,
02e12a23000a8593,
6e0000ef03e12623,
8c9fe06f00050463,
0341270308412903,
000b041302c12f03,
07c10613e80ff06f,
000b8513000a8593,
8a1fe06f6b4000ef,
d8dfe06f00000793,
07c1061300012503,
02e12a23000a8593,
690000ef03e12623,
879fe06f00050463,
0341270308412903,
000b041302c12f03,
00600493e18ff06f,
06412783971ff06f,
0008079300f12823,
800004b7bf5ff06f,
02d0029300f4c4b3,
02c12703b19ff06f,
ccf71ae304500793,
0020069300198713,
00012503b11ff06f,
000a859307c10613,
01e1282302e12623,
0005046361c000ef,
06412603805fe06f,
0801278308412583,
01012f0302c12703,
00064463000b0413,
dc9ff06f985fe06f,
0005069307b10513,
0630081300a00613,
0006879302c8e733,
fff6869300088593,
fee78fa303070713,
feb842e302c8c8b3,
ffe7871303088893,
38a77863ff168fa3,
0007460306e10693,
0016869300170713,
fea718e3fec68fa3,
40f707b30f010713,
02f12823f8f78793,
00100793cf5ff06f,
02d0079340e788b3,
01812683cc1ff06f,
0000061300048593,
0000069300068513,
03012a2302512c23,
01e1282300e12a23,
01012f0308c070ef,
0341280301412703,
2605146303812283,
00f8083306412783,
419807b300f12823,
ad5ff06f00f12a23,
0000099305f14683,
9cdfe06f00068463,
000125039cdfe06f,
000a859307c10613,
03e1262302e12a23,
000504634f4000ef,
06412683edcfe06f,
0341270308412903,
000b041302c12f03,
000f0913cccff06f,
a19fe06f00000793,
b40982e301c12783,
0000029300078493,
800004b7b407d4e3,
02d0029300f4c4b3,
00012503b39ff06f,
000a859307c10613,
01e1282302e12623,
0005046348c000ef,
06412683e74fe06f,
0841290301412783,
01012f0302c12703,
40d786b3000b0413,
00600993ca8ff06f,
05f14683919ff06f,
0009871300012823,
00090f1300098493,
0006846300000993,
8f9fe06f8f9fe06f,
96c68693800156b7,
01350833a24ff06f,
800156b7961ff06f,
b34ff06f96c68693,
97c68693800156b7,
fff00793ec5fe06f,
e24fe06f00f12223,
00f1282300197793,
fff4c713b6079ce3,
00e4f73341f75713,
014127839b9ff06f,
00e784b302012703,
00f0486301012783,
40f4883301012783,
fff4c71300180493,
00e4f73341f75713,
985ff06f06700d13,
0007041300040693,
000d0f1301012703,
00178793009585b3,
0094222300d42023,
08f1202308b12223,
00f6c46300700693,
00012503f08fe06f,
000a859307c10613,
01e1282302e12623,
00050463364000ef,
08412583d4cfe06f,
02c1270308012783,
000b041301012f03,
01c12783ed4fe06f,
05f146830a07c263,
09a7c66304700793,
7ccc8c9380014cb7,
02012703fc8fe06f,
00e784b306700d13,
41f75713fff4c713,
8ddff06f00e4f733,
00e9883302012783,
00f804b306600d13,
41f75713fff4c713,
8bdff06f00e4f733,
00f4c4b3800004b7,
0010099302d00293,
00100793969ff06f,
06f1222340e787b3,
ffcff06f00f80833,
97c68693800156b7,
800156b7b55ff06f,
91dff06f97c68693,
7d0c8c9380014cb7,
02d00793f40fe06f,
02d0069304f10fa3,
800156b7f59ff06f,
b69ff06f97c68693,
0007a98300812783,
0009c86300478793,
000d849300f12423,
fff00993ac8fe06f,
ff1ff06f00f12423,
0010071300079a63,
0010049306600d13,
02012783819ff06f,
0017881306600d13,
fff4c713013804b3,
00e4f73341f75713,
00200793ff8ff06f,
989ff06f02f12823,
97c68693800156b7,
00050793e71ff06f,
00060693f441a503,
0007859300058613,
b80101138ccfe06f,
00e5d70300c59783,
0005841346812c23,
ffd58593000105b7,
01c4230306442e03,
0107171302442883,
00e7e7b300b7f7b3,
00f12a2340000813,
0701079300810593,
4721282346912a23,
0005091346112e23,
0261222307c12623,
00f1242303112623,
0101282300f12c23,
0201202301012e23,
00050493854fe0ef,
0141578302055c63,
000788630407f793,
0407e79300c45783,
47c1208300f41623,
4701290347812403,
4741248300048513,
0000806748010113,
0009051300810593,
fc0500e3448010ef,
fb9ff06ffff00493,
fd0101130645a783,
0211262301612823,
00060b1301279713,
008627830e075863,
01312e2303212023,
0171262301512a23,
00062b8300058913,
fff00a9300050993,
028124230a078863,
01412c2302912223,
004bac0301812423,
002c5a13000ba403,
00000493060a0663,
0044041300c0006f,
00042583049a0c63,
0009851300090613,
00148493509010ef,
02812403ff5512e3,
0201290302412483,
01812a0301c12983,
00c12b8301412a83,
fff0051300812c03,
000b242302c12083,
01012b03000b2223,
0000806703010113,
ffcc7c13008b2783,
00fb2423418787b3,
f6079ce3008b8b93,
0241248302812403,
00812c0301812a03,
01c1298302012903,
00c12b8301412a83,
fadff06f00000513,
02c1208340c010ef,
000b2223000b2423,
0301011301012b03,
0086270300008067,
ed5ff06f00070463,
0000051300062223,
f201011300008067,
0b812c230d312623,
0c112e230bb12623,
0005899300a12023,
00068c1300060d93,
0345278300050663,
00c9978358078ee3,
0207466301279713,
000026370649a703,
00c7e7b3ffffe6b7,
01079793fff68693,
00d777334107d793,
06e9a22300f99623,
120708630087f713,
120704630109a703,
00a0071301a7f793,
800157b712e78e63,
0b712e230d212823,
98c7879306010913,
0c812c2380015bb7,
0d4124230c912a23,
0d6120230d512223,
0ba128230b912a23,
02012a2303212623,
0009071302012823,
0001222300012623,
0100041300f12823,
000dc783b00b8b93,
000d849310078663,
2ed7866302500693,
001484930014c783,
41b48a33fe079ae3,
034126830fb48663,
01b7202303012783,
0017879300da06b3,
02d12a2301472223,
0070061302f12823,
02f6506300870713,
000125032e0682e3,
0009859302c10613,
0a051863d89ff0ef,
0041268300090713,
014686b30004c783,
0807886300d12223,
020103a300148793,
00000493fff00693,
0580051300000c93,
00178d930007c603,
0ef56863fe060793,
0027979301012583,
0007a78300b787b3,
0001250300078067,
ea5fc0ef00098593,
00c997834c051ee3,
01a7f79300a00713,
00e99783ece796e3,
00012503ec07c2e3,
000c06930dc12083,
0b812c03000d8613,
000985930ac12d83,
0e0101130cc12983,
034127834ed0006f,
00c9d78342079ce3,
0d4124830d812403,
0d0129030407f793,
0c412a830c812a03,
0bc12b830c012b03,
0b012d030b412c83,
0dc12083460792e3,
0cc1298300412503,
0ac12d830b812c03,
000080670e010113,
fd06079300000493,
000dc60300900813,
009585b300249593,
00b784b300159593,
001d8d93fd060793,
fe060793fef872e3,
f6060ce3f0f57ce3,
020103a302c10c23,
00100b1300100a13,
0000069303810a93,
0301260300000f13,
03412783084cff93,
00058e1300160593,
41448d33000f9663,
0271458303a040e3,
0271061302058a63,
00c7202300178793,
00c7222300100613,
03c1282302f12a23,
79c6426300700613,
00870713000e0613,
060f0063001e0e13,
0027879302810613,
0020061300c72023,
02f12a2300c72223,
0070061303c12823,
100786e37bc65863,
02c1061300012503,
00d12a2300098593,
b9dff0ef01f12423,
03012603ec0512e3,
0141268303412783,
0009071300812f83,
0800059300160e13,
41668d3354bf8263,
00fb07b363a04863,
0167222301572023,
03c1282302f12a23,
51c6d46300700693,
0001250306078863,
0009859302c10613,
e60514e3b41ff0ef,
0009071303412783,
00030663004cf313,
05604e6341448b33,
000a04930144d463,
0097073300412703,
66079e6300e12223,
0009071302012823,
010cec93d15ff06f,
da5ff06f000d8793,
d3b494e341b48a33,
d79ff06f0004c783,
004cf31302012823,
41448b337c030063,
000907137b605c63,
0301260301000693,
80015e372566d8e3,
01000d13af0e0e13,
0180006f00700a93,
0087071300260593,
ff0b0b1300068613,
01078793056d5c63,
01c7202300160693,
02f12a2301a72223,
fcdadae302d12823,
0001250342078a63,
0009859302c10613,
a65ff0ef01c12423,
03012603d80516e3,
03412783ff0b0b13,
0009071300812e03,
fb6d48e300160593,
01c72023016787b3,
02f12a2301672223,
0070071302b12823,
70078663f0b754e3,
02c1061300012503,
a15ff0ef00098593,
03412783d2051ee3,
010cf793ee9ff06f,
004c0c13000c2603,
040cf59310079a63,
000592e300060793,
0271450304064063,
f7fcfc930406c863,
16069ae304061463,
00000b1300000a13,
0005046300090a93,
002cff13001a0a13,
002a0a13d80f02e3,
d79ff06f00200f13,
02f103a302d00793,
0006c46340c007b3,
02d00513f7fcfc93,
74f6646300900613,
0ff7f79303078793,
00068a1304f10fa3,
00100a1300d04463,
05f10a9300100b13,
fa9ff06ffa0514e3,
004c0c13000c2483,
409004b3e604d0e3,
000d8793004cec93,
000dc603bf9ff06f,
001d889302a00793,
fd06079310f600e3,
0000059300900693,
0af6e4e300900813,
002596930008c603,
0016969300b686b3,
fd06079300d785b3,
fef872e300188893,
7405c06300058693,
badff06f00088d93,
010cec93000c2603,
00060793004c0c13,
080cec93ef9ff06f,
b85ff06f000d8793,
02f103a302b00793,
b75ff06f000d8793,
000d8793001cec93,
02714783b69ff06f,
02000793da079ce3,
000d879302f103a3,
000c2783b51ff06f,
004c0c13020103a3,
00100a1302f10c23,
03810a9300100b13,
000c2783c45ff06f,
004c0c13010ceb13,
00100613020103a3,
00000513000b0c93,
f7fb7c93ec06c8e3,
7406926356079263,
001b7b135e061e63,
03000793640b0263,
000b0a1304f10fa3,
e79ff06f05f10a93,
010ceb13000c2783,
020103a3004c0c13,
000b0c9300000613,
00090a93fa06dee3,
030606130077f613,
0037d793feca8fa3,
fffa8a93000a8593,
001cf793fe0794e3,
0300079316078a63,
ffe5859316f60663,
40b90b33fefa8fa3,
6166c66300068a13,
e11ff06f00058a93,
000c2783010cf613,
00061a63004c0c13,
00060663040cf613,
0107d79301079793,
f81ff06f000c8b13,
02079063010cf793,
00030c63040cf313,
00412683000c2783,
00d79023004c0c13,
000c2783995ff06f,
004c0c1300412683,
981ff06f00d7a023,
000d8793040cec93,
010cf613a11ff06f,
004c0c13000c2783,
040cf61300061a63,
0107979300060663,
000c8b130107d793,
000c2a83ec9ff06f,
004c0c13020103a3,
5606ca63620a8a63,
0000059300068613,
00e12a23000a8513,
53c010ef00d12423,
0141270300812683,
0005046300068b13,
0271478341550b33,
41fa5a13fffb4a13,
00000693014b7a33,
d0079ee300000f13,
00008637aa5ff06f,
02c1142383060613,
7e86061380014637,
002cec93000c2783,
00c12623004c0c13,
000c8b13020103a3,
e406d4e300200613,
00c1258300090a93,
fffa8a9300f7f613,
0006460300c58633,
00ca80230047d793,
41590b33fe0792e3,
cb66dce300068a13,
cb1ff06f000b0a13,
02e1282300100713,
07512023000b0793,
03612a2307612223,
0087071300090713,
00100593b19ff06f,
0009071300000613,
41448d33b9dff06f,
01000593aba05ee3,
800155b75da5d863,
00b12423b0058593,
00700f1301000e13,
002605130180006f,
0005861300870713,
07ae5263ff0d0d13,
0107879300812503,
00a7202300160593,
02f12a2301c72223,
fcbf58e302b12823,
0001250316078063,
0009859302c10613,
dc4ff0ef00d12a23,
030126038e0516e3,
ff0d0d1301000e13,
0141268303412783,
0016051300090713,
fbae42e300700f13,
01a787b300812603,
00c7202301a72223,
02a1282302f12a23,
38a6526300700613,
000125034a078863,
0009859302c10613,
d64ff0ef00d12423,
00812683880516e3,
0341278303012603,
0009071341668d33,
9da05ce300160e13,
0171242347a45463,
0180006f00700e93,
0087071300260e13,
ff0d0d1300058613,
0107879305a45a63,
0177202300160593,
02f12a2300872223,
fcbedae302b12823,
0001250306078063,
0009859302c10613,
80051ce3cf0ff0ef,
ff0d0d1303012603,
0009071303412783,
00700e9300160e13,
00812683fba44ae3,
01a7222301a787b3,
02f12a2300d72023,
0070069303c12823,
008707131dc6c863,
939ff06f001e0e13,
0000061300100e13,
f71ff06f00090713,
02c1061300012503,
c84ff0ef00098593,
fa8ff06f96050ce3,
0000061300100513,
e6dff06f00090713,
0001250304078263,
0009859302c10613,
01f12a2300d12c23,
c4cff0ef01e12423,
03012603f6051a63,
0181268303412783,
00812f0301412f83,
00160e1300090713,
240f066384dff06f,
06f1202302810793,
06f1222300200793,
0009071300100e13,
00870713000e0613,
881ff06f001e0e13,
37a5546301000513,
af0e0e1380015e37,
0070029301000e93,
0026051301c0006f,
0005861300870713,
07aedc63ff0d0d13,
0107879300160593,
01d7222301c72023,
02b1282302f12a23,
08078263fcb2dae3,
02c1061300012503,
01c12e2300098593,
01f12a2300d12c23,
b8cff0ef01e12423,
03012603ea051a63,
ff0d0d1301000e93,
01c12e0303412783,
01412f8301812683,
0009071300812f03,
0070029300160513,
01a787b3f9aec8e3,
01a7222301c72023,
02a1282302f12a23,
0aa6426300700613,
00150e1300870713,
f18ff06f00050613,
0010051300000613,
f4dff06f00090713,
000a04930144d463,
009787b300412783,
ffcff06f00f12223,
00236c93f7fcf313,
0010059300200613,
002005932cb60e63,
c45ff06facb61ae3,
00012503c6078ce3,
0009859302c10613,
de051c63ad0ff0ef,
0341278303012e03,
001e0e1300090713,
02012823f4cff06f,
d30ff06f00090713,
0000061300100e13,
f20ff06f00090713,
0001250316078263,
0009859302c10613,
01f12a2300d12c23,
a7cff0ef01e12423,
03012603da051263,
0181268303412783,
00812f0301412f83,
00160e1300090713,
00000a13e44ff06f,
00090a9300000b13,
00090a9388dff06f,
00900e9300a00593,
fffa8a9302b7f633,
0306061300078e13,
02b7d7b300ca8023,
41590b33ffcee4e3,
8566d8e300068a13,
840516e3000b0a13,
00000a1384dff06f,
841ff06f00090a93,
00150e1300870713,
e78ff06f00050613,
4106561301061613,
ff4ff06f00060793,
00100e1300000613,
e50ff06f00090713,
00058a93000b0a13,
fff00693805ff06f,
c6cff06f00088d93,
00e12423000a8513,
00812703b11fc0ef,
aa9ff06f00050b13,
7d478793800147b7,
010cf59300f12623,
004c0c13000c2783,
040cf59300059a63,
0107979300058663,
001cf5930107d793,
aa078ae3aa058ce3,
02b1042303000593,
020103a302c104a3,
002cec93e406d8e3,
800147b7aa9ff06f,
00f126237e878793,
02714703fadff06f,
0271079308070063,
0010079306f12023,
00100e1306f12223,
d2cff06f00090713,
e2b610e300100593,
0300079300000513,
965fb0eff80ff06f,
00600793a64ff06f,
02d7ea6300068b13,
000b0a1380014837,
ca0ff06f7fc80a93,
b0068693800156b7,
c01ff06f00d12423,
0000061300100e13,
d48ff06f00090713,
fcdff06f00600b13,
00100e1300000613,
cc8ff06f00090713,
02c1061300012503,
894ff0ef00098593,
80015e37bbcff06f,
af0e0e1300058513,
00088d93d2dff06f,
b2cff06f00000693,
0016059380015e37,
e24ff06faf0e0e13,
edcff06f03000793,
b006061380015637,
00c12423000e0513,
fff00793ab1ff06f,
b98ff06f00f12223,
004c0c13000c2683,
00088d930006c863,
ad4ff06f000d8793,
00088d93fff00693,
00000513ff1ff06f,
00050793e80ff06f,
00060693f441a503,
0007859300058613,
b8010113934ff06f,
00e5d70300c59783,
0005841346812c23,
ffd58593000105b7,
01c4230306442e03,
0107171302442883,
00e7e7b300b7f7b3,
00f12a2340000813,
0701079300810593,
4721282346912a23,
0005091346112e23,
0261222307c12623,
00f1242303112623,
0101282300f12c23,
0201202301012e23,
000504938bcff0ef,
0141578302055c63,
000788630407f793,
0407e79300c45783,
47c1208300f41623,
4701290347812403,
4741248300048513,
0000806748010113,
0009051300810593,
fc0500e3370000ef,
fb9ff06ffff00493,
00112623ff010113,
0205886301212023,
0091222300812423,
0005049300058413,
0345278300050663,
00c417830c078c63,
0081240302079263,
00c1208300412483,
0009051300000913,
0101011300012903,
0004059300008067,
0b8000ef00048513,
0005091302c42783,
01c4258300078a63,
000780e700048513,
00c4578306054463,
060796630807f793,
00058c6303042583,
00f5866304040793,
b85fc0ef00048513,
0444258302042823,
0004851300058863,
04042223b71fc0ef,
00041623efcfb0ef,
00c12083ef8fb0ef,
0041248300812403,
0001290300090513,
0000806701010113,
fff0091300c45783,
f8078ee30807f793,
0004851301042583,
f8dff06fb29fc0ef,
f29ff06fe90fb0ef,
f441a50300050593,
00c59703ef1ff06f,
00812c23fe010113,
00112e2301312623,
0005841300877793,
1207906300050993,
80078793000017b7,
00f767b30045a683,
18d0526300f59623,
0e08046302842803,
0137169300912a23,
0009a0230009a483,
1606ce6301c42583,
0010069300000613,
000800e700098513,
00050613fff00793,
00c417831af50463,
01c4258302842803,
00078e630047f793,
0304278300442703,
0007866340e60633,
40f6063303c42783,
0009851300000693,
fff00793000800e7,
0009a68312f51463,
00c4170301d00793,
204007b716d7ea63,
00d7d7b300178793,
160780630017f793,
fffff7b701042603,
00f777b37ff78793,
0004222300f41623,
0137179300c42023,
100682630007d463,
0099a02303042583,
0404079310058463,
0009851300f58663,
014124839f1fc0ef,
0000051302042823,
0181240301c12083,
0201011300c12983,
0121282300008067,
080902630105a903,
0005a48300912a23,
0125a02300377713,
00000793412484b3,
0145a78300071463,
0090486300f42423,
00a909330540006f,
0244278304905663,
0004869301c42583,
0009851300090613,
40a484b3000780e7,
00c41703fca04ee3,
0407671301012903,
00e4162301412483,
f75ff06ffff00513,
e6d04ee303c5a683,
01412483f65ff06f,
f59ff06f01012903,
eadff06f05042603,
0104268300c41703,
7ff78793fffff7b7,
00f4162300f777b3,
00d4202300042223,
f007d2e301371793,
04a4282303042583,
f00590e30099a023,
f11ff06f01412483,
e4078ce30009a783,
00e78c6301d00713,
00e7886301600713,
0407671300c41703,
0099a023f71ff06f,
ee1ff06f01412483,
00812c23fe010113,
0005041300112e23,
0345278300050663,
00c5978302078a63,
01c1208300079c63,
0000051301812403,
0000806702010113,
0181240300040513,
0201011301c12083,
00b12623d6dff06f,
00c12583be0fb0ef,
06050063fc5ff06f,
f441a50300050593,
0345278300050663,
00c5978300078c63,
0000051300079663,
d31ff06f00008067,
00b12623fe010113,
00112e2300a12423,
00c12583b98fb0ef,
00c5978300812503,
01c1208302079463,
0201011300000513,
8000c5b700008067,
97858593c3018613,
c80fb06fc4018513,
0201011301c12083,
00862783cddff06f,
00c596832c078463,
02812423fd010113,
0161282301412c23,
0086f79302112623,
00050a1300060b13,
08078e6300058413,
08078a630105a783,
0321202302912223,
01512a2301312e23,
000b24830026f793,
024427830a078463,
80000ab701c42583,
0000091300000993,
00098613c00a8a93,
04090263000a0513,
012af46300090693,
000780e7000a8693,
008b278346a05063,
40a9093300a989b3,
00fb242340a787b3,
024427831a078663,
0009861301c42583,
fc0912e3000a0513,
0044a9030004a983,
fa9ff06f00848493,
000a051300040593,
1c051c63b99fb0ef,
0291222300c41683,
01312e2303212023,
0026f79301512a23,
f60790e3000b2483,
0181242301712623,
1c0796630016f793,
0084270300042783,
0191222380000ab7,
0000099300000b93,
00078513fffa8a93,
1009826300070c13,
280608632006f613,
32e9e66300070c93,
08070a634806f713,
0104258301442603,
00c7073300161713,
01f75c1340b78933,
0019079300ec0c33,
013787b3401c5c13,
00fc7663000c0613,
0007861300078c13,
30068e634006f693,
000a051300060593,
00050c93efcfa0ef,
0104258334050c63,
908fc0ef00090613,
b7f7f79300c45783,
00f416230807e793,
412c07b3012c8533,
01842a2301942823,
00098c1300a42023,
00098c9300f42423,
000b8593000c8613,
008427031dd000ef,
0009891300042783,
019787b341870733,
00f4202300e42423,
008b278300000993,
412787b3012b8bb3,
0207866300fb2423,
0084270300042783,
0007851300c41683,
f00992e300070c13,
0044a9830004ab83,
ee9ff06f00848493,
00812c0300c12b83,
02c1208300412c83,
0241248302812403,
01c1298302012903,
01812a0301412a83,
0000051301012b03,
0000806703010113,
000a051300040593,
0a050e63ca1ff0ef,
00c12b8300c41783,
0241248300812c03,
01c1298302012903,
0407e79301412a83,
02c1208300f41623,
01812a0302812403,
fff0051301012b03,
0000806703010113,
0000806700000513,
0000051300000a93,
0000099300000c13,
08050a6308098263,
00098b93000a8793,
00078b930137f463,
0104278300042503,
0144268300842903,
00d9093300a7f663,
16dbc06309794463,
01c4258302442783,
000a0513000c0613,
00050913000780e7,
412a8ab3f4a05ce3,
f20a8ee300100513,
012c0c33008b2783,
412787b3412989b3,
f80796e300fb2423,
00812c0300c12b83,
0044a983eedff06f,
0084849300048793,
0007ac03fe098ae3,
00a0059300098613,
594000ef000c0513,
0015051314050a63,
f55ff06f41850ab3,
00090613000c0593,
0004278301d000ef,
000a051300040593,
00f42023012787b3,
f6050ce3b69ff0ef,
01042683ec9ff06f,
0144260304f6e263,
0009879302c9ee63,
000a8793013af463,
0244270302c7e6b3,
000b861301c42583,
40d786b3000a0513,
00050913000700e7,
412989b304a05a63,
00070913dfdff06f,
0009891300e9f463,
0009061300078513,
798000ef000b8593,
0004278300842703,
012787b341270733,
00f4202300e42423,
00040593fc0712e3,
ad5ff0ef000a0513,
00c41783fa050ae3,
00812c0300c12b83,
e31ff06f00412c83,
00098c9300098c13,
000b8613d69ff06f,
740000ef000c0593,
0004278300842703,
41770733000b8913,
00e42423017787b3,
e99ff06f00f42023,
410030ef000a0513,
d00516e300050c93,
000a051301042583,
00c41783b28fc0ef,
00c12b8300c00713,
00412c8300812c03,
f7f7f79300ea2023,
00198793dbdff06f,
e09ff06f00078a93,
da9ff06f00c41783,
00c4178300c00713,
00812c0300c12b83,
00ea202300412c83,
00c59783d8dff06f,
06812c23f8010113,
0027f71306112e23,
0207046300058413,
00f5a02304358793,
0010079300f5a823,
07c1208300f5aa23,
0801011307812403,
00e5958300008067,
0721282306912a23,
0741242307312623,
0805c66300050493,
590000ef00810613,
00c1278306054e63,
000019b70000f937,
ffffe7b700f97933,
0019391300f90933,
8009899340000a13,
00048513000a0593,
00c41783aecfa0ef,
0807e79306050863,
00a4282300a42023,
01442a2300f41623,
0137e7b30a091063,
00f4162307c12083,
0741248307812403,
06c1298307012903,
0801011306812a03,
00c4178300008067,
000009130807f793,
04000a1304078e63,
00048513000a0593,
00c41783a84fa0ef,
f8051ce300000993,
04071e632007f713,
0027e793ffc7f793,
00f4162304340713,
0741248300100793,
06c1298307012903,
00e4202306812a03,
00f42a2300e42823,
40000a13eedff06f,
f3dff06f00000993,
0004851300e41583,
020510634f8000ef,
f51ff06f00c41783,
0701290307412483,
06812a0306c12983,
00c45783eb5ff06f,
0017e793ffc7f793,
4107d79301079793,
f9010113f25ff06f,
0005841306812423,
0691222300e59583,
0611262307212023,
0006891300060493,
008106130405ca63,
0405446342c000ef,
0000f7b700c12703,
00e7f7b306c12083,
00e787b3ffffe737,
0017b79306812403,
4000071300f92023,
0000153700e4a023,
0601290306412483,
0701011380050513,
00c4578300008067,
020788630807f793,
0681240306c12083,
00f9202300000793,
00e4a02304000713,
0641248306012903,
0701011300000513,
06c1208300008067,
00f9202306812403,
00e4a02340000713,
0641248306012903,
0701011300000513,
fe01011300008067,
00912a2300812c23,
00112e2301212823,
0005849300050913,
2c0000ef00060413,
00f51c6300100793,
0fe00713fff48793,
0091062300f76663,
05c406930240006f,
00c1059300048613,
690030ef00090513,
08f50463fff00793,
0084278302050c63,
fff7879300c14583,
0007da6300f42423,
02e7cc6301842703,
02f5886300a00793,
0017871300042783,
00b7802300e42023,
0181240301c12083,
0004851301012903,
0201011301412483,
0004061300008067,
a90fb0ef00090513,
fcf51ae3fff00793,
01c12083fff00513,
0141248301812403,
0201011301012903,
00c4578300008067,
0407e793fff00513,
fd9ff06f00f41623,
0127971300c61783,
0646270302074063,
00d7e7b3000026b7,
00d76733000026b7,
06e6222300f61623,
fe010113ee5ff06f,
f441a40300812c23,
0005861300112e23,
0004066300050593,
0407806303442783,
0127971300c61783,
0646270302074063,
00d7e7b3000026b7,
00d76733000026b7,
06e6222300f61623,
0181240300040513,
0201011301c12083,
00a12423e85ff06f,
00c1262300040513,
00c12603a49fa0ef,
fadff06f00812583,
0ff5f69300357793,
fff6079302078a63,
fff0061302060e63,
001505130180006f,
00070e6300357713,
02c78063fff78793,
fed714e300054703,
0006079300008067,
00f7686300300713,
0000051306079063,
0ff5f59300008067,
00b705b300859713,
feff08b701059713,
00e585b380808837,
08080813eff88893,
0100006f00300313,
00450513ffc78793,
00052703fcf370e3,
0117063300e5c733,
00e67733fff74713,
fc070ee301077733,
00c0006f00f507b3,
f8a78ce300150513,
fed71ae300054703,
ff01011300008067,
0091222300112623,
800155b702060e63,
00060513b1458593,
0006041300812423,
800154b72c8000ef,
0081240302051263,
00c12083b1048513,
0101011300412483,
800154b700008067,
b1048593fe9ff06f,
294000ef00040513,
800135b7fc050ae3,
00040513e0458593,
fc0500e3280000ef,
0000051300812403,
e881c503fbdff06f,
ff01011300008067,
0091222300112623,
0081242302058e63,
800155b700058413,
00040513b1458593,
800154b7240000ef,
0081240302051263,
00c12083b1048513,
0101011300412483,
800154b700008067,
b1048593fe9ff06f,
20c000ef00040513,
800135b7fc050ae3,
00040513e0458593,
fc0500e31f8000ef,
0000051300812403,
0f050513fbdff06f,
e501851300008067,
e501851300008067,
ff01011300008067,
0081242300058713,
0005041300912223,
0007051300060593,
f401ae2300112623,
fff00793958f40ef,
00c1208300f50c63,
0041248300812403,
0000806701010113,
fe0784e3f5c1a783,
00f4202300c12083,
0041248300812403,
0000806701010113,
00812423ff010113,
0005041300912223,
0011262300058513,
95cf40eff401ae23,
00f50c63fff00793,
0081240300c12083,
0101011300412483,
f5c1a78300008067,
00c12083fe0784e3,
0081240300f42023,
0101011300412483,
02a5f66300008067,
02e5726300c58733,
0406066300c507b3,
fff78793fff74683,
00d78023fff70713,
00008067fef518e3,
02c7e86300f00793,
fff6069300050793,
001686930c060263,
0005c70300d786b3,
0015859300178793,
fed798e3fee78fa3,
00b567b300008067,
080796630037f793,
ff08f893ff060893,
011506b301088893,
0005079300058713,
0107071300072803,
ff07a82301078793,
ff07aa23ff472803,
ff07ac23ff872803,
ff07ae23ffc72803,
00c67813fcd79ce3,
00f67713011585b3,
ffc7081304080463,
00480813ffc87813,
00058713010687b3,
0046869300072883,
ff16ae2300470713,
00367613fef698e3,
f49ff06f010585b3,
00050793fff60693,
00008067f45ff06f,
f31ff06f00070613,
fff0039300b56733,
1007106300377713,
f7f787937f7f87b7,
0005a68300052603,
00f6633300f672b3,
0062e2b300f282b3,
08d6166310729263,
0045a68300452603,
00f6633300f672b3,
0062e2b300f282b3,
06d616630c729e63,
0085a68300852603,
00f6633300f672b3,
0062e2b300f282b3,
04d616630c729863,
00c5a68300c52603,
00f6633300f672b3,
0062e2b300f282b3,
02d616630c729263,
0105a68301052603,
00f6633300f672b3,
0062e2b300f282b3,
014505130a729c63,
f4d60ee301458593,
0106979301061713,
0106571300f71e63,
40f705330106d793,
020590630ff57593,
0107571300008067,
40f705330107d793,
000594630ff57593,
0ff7771300008067,
40f705330ff7f793,
0005460300008067,
001505130005c683,
00d6146300158593,
40d60533fe0616e3,
0045051300008067,
fcd61ce300458593,
0000806700000513,
0085859300850513,
00000513fcd612e3,
00c5051300008067,
fad618e300c58593,
0000806700000513,
0105859301050513,
00000513f8d61ee3,
fe01011300008067,
0105278300912a23,
00112e230105a483,
fff484931c97c063,
00812c2300249313,
0131262301458413,
006409b301412423,
0009a78301450a13,
00032703006a0333,
0151222301212823,
02f7593300178793,
0af76a6300050a93,
0004089300010537,
00000e93000a0813,
fff5051300000693,
00082e030008a703,
00a7763300480813,
00ae77b301075713,
00488893010e5e13,
0327073303260633,
00a67eb301d60633,
0106561341d787b3,
4107d69300d787b3,
00c7073300a7f7b3,
40c686b300a77633,
0106961301c686b3,
fef82e2300c7e7b3,
4106d69301075e93,
00032783f919fce3,
ffc3031302079463,
0180006f006a6863,
006a7863fff48493,
ffc3031300032783,
009aa823fe0788e3,
1c4020ef000a8513,
0001053708054c63,
00000713000a0593,
0005a683fff50513,
0045859300042603,
00a6783300a6f7b3,
00e787b3410787b3,
010656134107d713,
40c707330106d693,
0107169300d70733,
00d7e7b300a7f7b3,
fef5ae2300440413,
fa89fce341075713,
00fa07b300249793,
020714630007a703,
00fa6863ffc78793,
fff484930180006f,
0007a70300fa7863,
fe0708e3ffc78793,
00190913009aa823,
01c1208301812403,
00812a0300c12983,
0141248300412a83,
0101290300090513,
0000806702010113,
0141248301c12083,
0201011300000513,
0385230300008067,
0a812c23f4010113,
0b2128230a912a23,
09b126230b512223,
0b3126230a112e23,
00f12a2300e12e23,
02b1262301112823,
0005041300c12423,
0006049300058d93,
0008091300068a93,
03c5270302030263,
0003059300100793,
00e3222300e797b3,
6c0010ef00f32423,
0004899302042c23,
0004dc6300000693,
0014d79300149493,
0007899300f12423,
7ff0073700100693,
00e9f6b300d92023,
0081248360e68863,
00000613000d8513,
0000069300048593,
0291222303b12023,
04051a63664040ef,
0010079301412703,
0101270300f72023,
800157b700070863,
00f7202380578793,
80498993800159b7,
0b8124030bc12083,
0b0129030b412483,
08c12d830a412a83,
0ac1298300098513,
000080670c010113,
0781071300048613,
000d859307c10693,
0b41242300040513,
09712e230b612023,
09912a2309812c23,
0149d91309a12823,
000504933e4020ef,
07812b835a091263,
0200079307c12903,
43290713012b8933,
0400079332e7d0e3,
4129051340e787b3,
00add53300f997b3,
1a5050ef00a7e533,
00100693fe1007b7,
00b787b300050713,
04d12423fff90913,
ef41a683ef01a603,
0007859300070513,
ef81a6036e1040ef,
7fc040efefc1a683,
f041a683f001a603,
00050a13508030ef,
0005899300090513,
f081a603099050ef,
7d4040eff0c1a683,
0005869300050613,
00098593000a0513,
00050b134d8030ef,
7e8050ef00058993,
0009859300050a13,
00000613000b0513,
694040ef00000693,
000a051302055063,
000b0613049050ef,
4f0040ef00098693,
40aa0a3300a03533,
01600793412b8933,
1d47e8e3fff90b13,
003a179380015737,
00e787b3bc070713,
0047a6830007a603,
0241258302012503,
1e055ae3640040ef,
02012e23fffa0a13,
480b4c6300012c23,
018127834a0a5463,
414787b303412423,
414007b300f12c23,
0090079302f12c23,
4957ec6300000a13,
1f57d0e300500793,
00300793ffca8a93,
62fa88e300000913,
004007935f57d0e3,
0010079352fa90e3,
01c1260302f12823,
04c1262360c052e3,
0170069300060c13,
0040079300100713,
2f80106f00c6c463,
0147869300179793,
0017071300070593,
02b42e23fed678e3,
35c010ef00040513,
0005146300050993,
02a42c232b00106f,
4f87e66300e00793,
028126834e090463,
00f6f7935ed05ae3,
bc07071380015737,
4046dc9300379793,
010cf69300e787b3,
0047a7030007a803,
800157b7520688e3,
cd47a683cd07a603,
0241258302012503,
0501202304e12823,
04012803411030ef,
00fcfc9305012703,
00058d1300050313,
040c8c6300300913,
0481202380015bb7,
00090413cb0b8b93,
0003091300070593,
00078e63001cf793,
004ba683000ba603,
0014041300080513,
000508135e0040ef,
008b8b93401cdc93,
00090313fc0c9ce3,
0401240300040913,
0007069300058713,
0003051300080613,
38d030ef000d0593,
0005879300050713,
0206886303c12683,
f141a683f101a603,
0007859300070513,
04f1202304e12823,
04012783478040ef,
0005546305012703,
000905130100106f,
04e1202306f12023,
04012703618050ef,
0007061306012783,
04e1282300078693,
544040ef04f12023,
f241a683f201a603,
fcc006b7250030ef,
0501270304012783,
00b68bb300050c93,
02812683320c0e63,
06d1242307812023,
0007859300070513,
04f1202304e12823,
06012783534050ef,
0005091380015637,
00369693fff78693,
00d786b3bc060793,
06f126230046a803,
05012e230006a783,
04f12c2307912223,
05012703580050ef,
0005061304012783,
0007051300058693,
385040ef00078593,
00198d1303012703,
05a1202303090313,
0ff3731300050c93,
f301a5035a0704e3,
05c1268305812603,
f341a58304b12023,
255030ef04612823,
000b869306412603,
04012883341040ef,
000c861305012303,
0069802300088693,
00058b9300050913,
04012883240040ef,
7850006f00a05463,
f141a803f101a783,
04f1282305412c23,
f1c1a80305012a23,
07612223f181a783,
04f1202307812623,
06012c0300000793,
00078b1305012223,
00088a1307512023,
001b0b130900006f,
7850006f018b4463,
0441268304012603,
000b859300090513,
040126033d8040ef,
0005091304412683,
000c851300058b93,
3bc040ef000a0593,
00050a9300058c93,
00050a133e4050ef,
00050613460050ef,
000a851300058693,
26d040ef000c8593,
00090613030a0793,
00fd0023000b8693,
00050c93001d0d13,
26c040ef00058a13,
6b50006f00055463,
0541258305012503,
000a0693000c8613,
00090613231040ef,
244040ef000b8693,
06812783f4055ae3,
00178c13000d0b93,
0080006f03900613,
fffbc683657986e3,
fffb8b93000b8d13,
00168693fec688e3,
00db80230ff6f693,
4d00006f000c0d93,
0000273701412683,
70f7071300c99793,
00e6a02300c7d793,
0a07806301b7e7b3,
800159b701012783,
a0078ae3b2898993,
b2b78793800157b7,
00f7202301012703,
02412783a01ff06f,
07812b833ff006b7,
00c7d79300c79793,
00d7e7b302012703,
04012423c0190913,
00100793a89ff06f,
00f12c23412787b3,
b60a40e300000b13,
02012c2303412423,
014b0b3300900793,
00100793b757f8e3,
00000a9300100913,
fff00c1302f12823,
02042e2300012e23,
0000059305812623,
01012783bb1ff06f,
b1c98993800159b7,
800157b796078ce3,
f65ff06fb2478793,
06f1202300090513,
2dc050ef04e12023,
0601278304012703,
0007869300070613,
04f1202304e12823,
f201a603208040ef,
715020eff241a683,
0501270304012783,
00050c93fcc006b7,
f281a60300b68bb3,
00070513f2c1a683,
0ad040ef00078593,
000b8693000c8613,
0005891300050d13,
4ea042e37b9030ef,
0177c7b3800007b7,
000d0513000c8613,
0009059300078693,
06054863098040ef,
1807ce6307c12783,
00e0071302812683,
0281278318d74863,
bc07071380015737,
00e787b300379793,
0047aa830007aa03,
0407d86301c12783,
020c186305804663,
f2c1a683f281a603,
000a8593000a0513,
00050613148040ef,
0201250300058693,
02c040ef02412583,
00098d1344a04ce3,
0000091302012023,
fff7cd9301c12783,
001987936940006f,
02012b0304f12023,
000a061302412903,
000b0513000a8693,
6d4030ef00090593,
00050d13124050ef,
000a06131a0050ef,
0dc040ef000a8693,
0005869300050613,
00090593000b0513,
030d07937a0040ef,
0010061300f98023,
0005071304012b83,
0ccc0ce300058693,
f1c1a803f181a783,
00f1242300100d93,
0600006f01012623,
000a8693000a0613,
00090593000b0513,
0b0050ef660030ef,
12c050ef00050d13,
000a8693000a0613,
00058693068040ef,
0009059300050613,
72c040ef000b0513,
030d0793001b8b93,
fefb8fa3001d8d93,
0005869300050713,
0081260307bc02e3,
00c1268300068593,
024040ef00070513,
0000069300000613,
0005891300050b13,
f6051ee357d030ef,
000b8d1302812783,
1c00006f00178d93,
2607166303012703,
01812c8303812b83,
0000091302012823,
03605063020c8263,
679b4463000c8793,
40fc8cb301812703,
40f7073340fb0b33,
0381278300e12c23,
0301278302078263,
060b9ce300078463,
0004859303812603,
3f4010ef00040513,
0010059300050493,
100010ef00040513,
500a1c6302a12023,
5557dc6300100793,
01f7f793016787b3,
020007131e078063,
0040069340f70733,
01c0071358e6d463,
0181270340f707b3,
00fb0b3300fc8cb3,
00e12c2300f70733,
14f0406301812783,
0201258301605c63,
00040513000b0613,
02a120234d0010ef,
12079c6303c12783,
0301278345805463,
0281278326079063,
02012a8300178d93,
0200006f00100a13,
0000069300048593,
0004051300a00613,
00050493481000ef,
000a8593001a0a13,
b38ff0ef00048513,
014987b303050b93,
fd8a46e3ff778fa3,
5580446300100a13,
00000a9301498a33,
0010061300048593,
44c010ef00040513,
0005049302012583,
4ea05e635d0010ef,
0080006f03900693,
fffa47835f498a63,
fffa0a13000a0d13,
00178793fed788e3,
0201258300fa0023,
3d9000ef00040513,
000a8a6302090263,
000a8593012a8863,
3c1000ef00040513,
0004051300090593,
000485933b5000ef,
3a9000ef00040513,
000d002301412783,
0101278301b7a023,
01a7a02300078463,
0a012b030a812a03,
09812c0309c12b83,
09012d0309412c83,
00048593d38ff06f,
0004051300078613,
00050493398010ef,
02012583eb1ff06f,
514010ef00048513,
02812783ec0550e3,
0000069300048593,
0004051300a00613,
355000effff78b13,
0005049303012783,
04c12c030c079e63,
02812d8315805ae3,
00100793e9dff06f,
e5cff06f02f12e23,
e39ff06f01c00793,
4d57546300100713,
fffc0b9303812783,
41778bb34177ca63,
41878cb301812783,
001005930e0c50e3,
6d1000ef00040513,
d75ff06f00050913,
00012c2302012e23,
00100793ad2040e3,
00f12c23412787b3,
aadff06f00000b13,
00fd953340e787b3,
00300793cf4ff06f,
44fa8c6300100913,
00200793e357c663,
02042e2314fa8ce3,
0004051300000593,
000509931c1000ef,
0010079310050ce3,
fff0079302f12823,
04f1262302a42c23,
00012e23fff00c13,
00090593b41ff06f,
00a0061300000693,
25d000ef00040513,
0005091304c12c03,
03612423098056e3,
0009059301905c63,
00040513000c8613,
00050913248010ef,
500a1e6300090b13,
fff98d1302c12783,
01312c2300098c93,
0017f79302012983,
00f12423018d0d33,
0009859301b12e23,
8c8ff0ef00048513,
0009059300050c13,
38c010ef00048513,
000b061300050a13,
0004051300098593,
00c527033d0010ef,
00050d93030c0b93,
0005059308071c63,
35c010ef00048513,
000d859300050713,
00070d9300040513,
015de6b3185000ef,
008127830e069a63,
760a426374078a63,
001c8a13017c8023,
00048593679d0463,
00a0061300000693,
175000ef00040513,
0000069300050493,
0009059300a00613,
09690e6300040513,
000b0593159000ef,
0000069300050913,
0004051300a00613,
00050b13141000ef,
f31ff06f000a0c93,
0004051300050593,
01c12d8301812983,
000a4a630fd000ef,
015a6a33001df713,
06071e6301476733,
0010061300048593,
10c010ef00040513,
0005049302012583,
24a05863290010ef,
24eb8c6303900713,
02812783031c0b93,
001c8d1300090a93,
00178d93017c8023,
cc1ff06f000b0913,
000509130c1000ef,
000a0c9300050b13,
720a4463eadff06f,
015a6a3300812783,
700a0c630147ea33,
01812983f1b054e3,
20eb806303900713,
001b879302812703,
001c8d1300090a93,
00fc802300170d93,
c69ff06f000b0913,
bb57dce300200793,
9a0c12e300098d13,
0000069302012583,
0004051300500613,
00050593049000ef,
0004851302a12023,
96a05ee31d8010ef,
00f9802303100793,
00198d1302812783,
0201258300178d93,
001d8d9300040513,
c20916e37ec000ef,
00050593c35ff06f,
00040513000a0613,
001007936b9000ef,
1157de6302a12023,
0201270300000a13,
0037879301072783,
00f707b300279793,
251000ef0047a503,
40a787b302000793,
02c12783ab1ff06f,
0081278304079063,
02079a6300c79793,
0000079300812683,
7ff777130146d713,
0181278300070c63,
00178793001b0b13,
0010079300f12c23,
00078a13540a1c63,
a65ff06f00100793,
03c00713a8d70ce3,
a79ff06f40f707b3,
00500a9300100793,
01c1278302f12823,
00e787b302812703,
04f1262300178c13,
ad804c63000c0613,
ad0ff06f00100613,
001bf79300051663,
03000693b00790e3,
000a0d13fffa4783,
fed78ae3fffa0a13,
000c0a13b0dff06f,
000b0793ab9ff06f,
03812783999ff06f,
03712c2301812703,
00fa0a3340fb87b3,
00070c93018707b3,
00f12c23018b0b33,
bd9ff06f00000b93,
ee0792e302c12783,
00c7979300812783,
f15ff06fec079ce3,
02412d0302012303,
b00ff06f00200913,
0201282300200a93,
dc0510e3a2cff06f,
da0716e3001bf713,
03900793db5ff06f,
0281278300fc8023,
001c8a1300090a93,
000b091300178d93,
00100793a49ff06f,
00f12e2300100c13,
02012823e6cff06f,
04812703f05ff06f,
0181270330070463,
00fb0b3343378793,
03812b8300f707b3,
00f12c2300070c93,
03100793b35ff06f,
001d8d9300f98023,
02812783a1dff06f,
40f00bb330078863,
8001573700fbf793,
00379793bc070713,
0007a60300e787b3,
020125030047a683,
404bdb9302412583,
00058d13051030ef,
00200913420b8863,
0481202380015cb7,
00090413cb0c8c93,
0000061300050713,
001bf69300050913,
000ca60302068063,
00070513004ca683,
00d030ef00140413,
0010061300050713,
008c8c93401bdb93,
00090513fc0b9ae3,
0004091300058793,
a406126304012403,
000d079300050713,
00068593a38ff06f,
0007051300070613,
028127834e0020ef,
000a8693000a0613,
00050b1300178d93,
000d8c1300058913,
c6a046635a0030ef,
00090593000b0513,
000a8693000a0613,
000516634fc030ef,
c40d1663001d7d13,
941ff06f000b8d13,
0004051300492583,
00050a13430000ef,
0109260336050063,
00c5051300c90593,
0026161300260613,
0010061381cfa0ef,
00040513000a0593,
00050b134e9000ef,
00090593aa9ff06f,
00040513000b8613,
00048613381000ef,
0005091300050593,
139000ef00040513,
0004859300050793,
0007849300040513,
03812783474000ef,
02f12c23417787b3,
f44ff06ff4078e63,
05c1268305812603,
04b1282306412503,
02612823000b8593,
030123036d0030ef,
0010069306012783,
04a1242300698023,
0005891305012883,
26d78c6300f98bb3,
f1c1a803f181a783,
02f1282304912823,
0681202303012a23,
00088593000c8513,
0341268303012603,
67c030ef001d0d13,
0005049300058413,
00050c936a4040ef,
00050613720040ef,
0004851300058693,
030c8c9300040593,
ff9d0fa3529030ef,
05012483fdab90e3,
00050c9306012403,
f301a60300058893,
04812503f341a683,
0311282300090593,
03012883338020ef,
00088693000c8613,
18054c63508030ef,
f301a50304812603,
00090693f341a583,
030128834d1030ef,
00088693000c8613,
10a04c633e0030ef,
de07c66307c12783,
00e0079302812703,
02812783dee7c063,
0037979306c12703,
0007aa0300f707b3,
ca8ff06f0047aa83,
0181268307812703,
40e787b303600793,
00f687b300fb0b33,
00068c9303812b83,
829ff06f00f12c23,
00090a9302812783,
00178d9301812983,
ec4ff06f000b0913,
0241278302012703,
fc5fe06f00200913,
04c12d03b20c0863,
00078593bda05063,
f1c1a68302812783,
fff78793f181a603,
06f1242300070513,
00050713538030ef,
04e1282300190513,
5dc040ef04b12023,
0401278305012703,
0007869300070613,
f201a603510030ef,
21c020eff241a683,
04012783fcc006b7,
00050c9305012703,
07a1202300b68bb3,
03100693fd9fe06f,
9c8ff06f001c0c13,
0000091302012023,
03000613a39ff06f,
000b8d13fffbc783,
fec78ae3fffb8b93,
00178d9306812783,
03900713e74ff06f,
baeb88e301812983,
959ff06f95404ce3,
951ff06f01812983,
a41ff06f00078a13,
018787b300078c93,
00f12c23018b0b33,
06812783f14ff06f,
934ff06f00178c13,
06412b0305812a03,
06012a8306c12c03,
00200793ac0ff06f,
02812d830157c863,
d40ff06f04c12c03,
0361242304c12c03,
04012b83971ff06f,
00200793dfdff06f,
04c12c03ff57c4e3,
f6cff06f03612423,
0005879300050713,
e6dfe06f00200913,
80015537800156b7,
00000613b2c68693,
b40505132ef00593,
0181298316d010ef,
8a1ff06f87b04ce3,
80015537800156b7,
00000613b2c68693,
b40505131af00593,
02042e23145010ef,
d1dfe06f00000593,
cd9fe06f02012823,
00078067e441a783,
0406026302058063,
0006478304068863,
0006450300f5a023,
0000806700a03533,
00c10593ff010113,
02068a6302060463,
00f5a02300064783,
00a0353300064503,
0000806701010113,
0000806700000513,
fedff06f00000513,
00008067ffe00513,
fddff06fffe00513,
ff01011304452783,
0091222300812423,
0005041300112623,
02078c6300058493,
00e787b300249713,
040504630007a503,
00e7a02300052703,
0005262300052823,
0081240300c12083,
0101011300412483,
0210061300008067,
0c9010ef00400593,
0005079304a42223,
00000513fa051ce3,
01212023fd1ff06f,
0099193300100913,
0026161300590613,
0004051300100593,
00050a63095010ef,
0095222301252423,
f95ff06f00012903,
0000051300012903,
02058063f91ff06f,
044527830045a703,
00e787b300271713,
00e5a0230007a703,
0000806700b7a023,
00912a23fe010113,
000103370105a483,
0121282300812c23,
00112e2301312623,
0005099300058913,
0145881300068413,
fff3031300000893,
0048081300082783,
0067f73300188893,
0107d69302c70733,
008707b302c686b3,
0067f7b30107d713,
0106971300e686b3,
fef82e2300f707b3,
fc98c2e30106d413,
0089278302040263,
0044879302f4de63,
00f907b300279793,
001484930087a223,
01c1208300992823,
0141248301812403,
0009051300c12983,
0201011301012903,
0049258300008067,
0141242300098513,
e5dff0ef00158593,
04050e6300050a13,
00c9059301092603,
0026061300c50513,
a49f90ef00261613,
0449a78300492703,
00e787b300271713,
00e920230007a703,
004487930127a023,
00279793000a0913,
00812a0300f907b3,
0087a22300148493,
f71ff06f00992823,
80015537800156b7,
00000613b2c68693,
b78505130ba00593,
fe01011369c010ef,
00912a2300812c23,
0131262301212823,
0006899301412423,
0086869300900793,
02f6c6b300112e23,
0005841300050913,
0007049300060a13,
001007930d37da63,
0017979300000593,
fed7cce300158593,
d85ff0ef00090513,
0a050c6300050593,
00f5282300100793,
0090079300952a23,
015122230947d863,
000a849300940a93,
0004c68301440433,
0009051300a00613,
e1dff0effd068693,
0005059300148493,
ff8a0413fe8492e3,
00412a83008a8433,
414989b3033a5663,
00044683013409b3,
0009051300a00613,
de5ff0effd068693,
0005059300140413,
01c12083ff3412e3,
0141248301812403,
00c1298301012903,
0005851300812a03,
0000806702010113,
00900a1300a40413,
00000593fa9ff06f,
800156b7f41ff06f,
b2c6869380015537,
0d30059300000613,
01512223b7850513,
00050793564010ef,
0000051300010737,
0107979300e7f663,
0100073701000513,
0085051300e7f663,
1000073700879793,
0045051300e7f663,
4000073700479793,
fff7c79300e7ea63,
00f5053301f7d793,
0027979300008067,
001797130007ca63,
0200051300074a63,
0025051300008067,
0035051300008067,
0005278300008067,
0077f69300050713,
0017f69302068463,
04069e6300000513,
0a0688630027f693,
00f720230017d793,
0000806700100513,
0106d69301079693,
06068e6300000513,
060680630ff7f693,
0406826300f7f693,
020684630037f693,
00069c630017f693,
001505130017d793,
0200051300079663,
00f7202300008067,
0027d79300008067,
002505130017f693,
fd5ff06ffe0696e3,
0037f6930047d793,
fa069ee300450513,
0087d793fddff06f,
0085051300f7f693,
fddff06ffa0690e3,
0ff7f6930107d793,
f80692e301000513,
0027d793fddff06f,
0020051300f72023,
0445278300008067,
00812423ff010113,
0011262300912223,
0005849300050413,
0047a50302078c63,
0005270306050263,
00c1208300e7a223,
0010079300812403,
0005262300952a23,
0041248300f52823,
0000806701010113,
0040059302100613,
04a42223414010ef,
fa051ce300050793,
80015537800156b7,
00000613b2c68693,
b785051314500593,
01c00613384010ef,
0004051300100593,
fc050ae33dc010ef,
00f5222300100793,
00f5242300200793,
fe010113f85ff06f,
0131262301212823,
010629830105a903,
0141242300912a23,
00812c2300112e23,
0006049300058a13,
0009871301394c63,
0009099300058493,
0007091300060a13,
0044a5830084a783,
0087a7b301298433,
a45ff0ef00f585b3,
014503131a050e63,
011308b300241893,
0113786300030793,
004787930007a023,
014a0813ff17ece3,
01448e9300291e13,
01c80e3300299593,
13c8766300be85b3,
00400f1301548793,
000106b716f5f063,
0180006ffff68693,
080f9863010fdf93,
0043031300480813,
00082f8311c87063,
fe0382e300dff3b3,
000e8f9300030293,
000fa78300000493,
004282930002a603,
0277073300d7f733,
00d679330107d793,
004f8f9301065613,
01270733027787b3,
0107549300970733,
00c787b300d77733,
01079613009787b3,
fee2ae2300e66733,
fabfe8e30107d493,
0097a02301e307b3,
010fdf9300082f83,
00032703f60f8ce3,
000e861300030293,
0000039300070493,
0104d99300062783,
00d7f7b300d77733,
0042a48303f787b3,
0046061300428293,
007787b300d4f933,
01079393013787b3,
fee2ae2300e3e733,
0107d793ffe65703,
0127073303f70733,
0107539300f70733,
01e307b3fab668e3,
0048081300e7a023,
f1c864e300430313,
0180006f00804863,
00040863fff40413,
ffc88893ffc8a783,
01c12083fe0788e3,
0181240300852823,
0101290301412483,
00812a0300c12983,
0000806702010113,
feb78793409587b3,
00478f13ffc7f793,
800156b7e95ff06f,
b2c6869380015537,
1620059300000613,
128010efb7850513,
00812c23fe010113,
0131262301212823,
0036779300112e23,
0005099300060413,
0a079c6300058913,
06040a6340245413,
0409a48300912a23,
001477930c048663,
4014541302079063,
0004a50304040a63,
0005049306050663,
fe0784e300147793,
0009059300048613,
d61ff0ef00098513,
0049270302090063,
002717130449a783,
0007a70300e787b3,
0127a02300e92023,
0005091340145413,
01412483fa041ae3,
0181240301c12083,
0009051300c12983,
0201011301012903,
0004861300008067,
0009851300048593,
00a4a023d05ff0ef,
0005049300052023,
fff78793f81ff06f,
bb07071380015737,
00f707b300279793,
000006930007a603,
00050913849ff0ef,
00100593f29ff06f,
f5cff0ef00098513,
0205006300050493,
00f52a2327100793,
00f5282300100793,
0005202304a9a023,
800156b7f0dff06f,
b2c6869380015537,
1450059300000613,
7d9000efb7850513,
01512223fe010113,
0085a7830105aa83,
4056599301312623,
00812c2301598ab3,
0121282300912a23,
00112e2301412423,
00058493001a8913,
0045a58300060413,
0127d86300050a13,
0015859300179793,
000a0513ff27cce3,
10050c63ec0ff0ef,
0330546301450813,
0029999300598993,
0008079301350733,
fe07ae2300478793,
fec98993fee79ce3,
0104a88301380833,
01f4761301448793,
011788b300289893,
020005930a060463,
0008031340c585b3,
0007a70300000693,
0047879300430313,
00d7673300c71733,
ffc7a683fee32e23,
ff17e0e300b6d6b3,
0040071301548793,
409887b300f8ea63,
ffc7f793feb78793,
00e8083300478713,
0006946300d82023,
0044a703000a8913,
01c12083044a2783,
00e787b300271713,
012528230007a703,
00e4a02301812403,
010129030097a023,
00c1298301412483,
00412a8300812a03,
0000806702010113,
004787930007a703,
fee82e2300480813,
0007a703fb17f4e3,
0048081300478793,
fd17eee3fee82e23,
800156b7f91ff06f,
b2c6869380015537,
1de0059300000613,
649000efb7850513,
0105a78301052703,
40f7053300050813,
0027979304f71263,
0145859301480813,
00f587b300f80733,
02e874630080006f,
ffc7a683ffc72603,
ffc78793ffc70713,
00100513fed606e3,
fff0051300d67663,
0000806700008067,
010627830105a703,
00812423ff010113,
0011262300912223,
0005841301212023,
40f706b300060493,
0027969318f71e63,
0144871301458613,
00d7073300d607b3,
18f67c630080006f,
ffc72683ffc7a583,
ffc70713ffc78793,
00100913fed586e3,
0004879300d5ea63,
0004049300000913,
0044a58300078413,
1a050663cb8ff0ef,
010422830104a883,
0028931301448f93,
0022929301440813,
00010e3701450593,
006f833301252623,
00058f13005802b3,
00000693000f8e93,
000ea703fffe0e13,
004f0f1300082603,
01c673b301c777b3,
00d787b3407787b3,
0106561301075713,
40c707334107d693,
0107169300d70733,
00d7e7b301c7f7b3,
feff2e2300480813,
41075693004e8e93,
01540713fa586ae3,
feb4041340828433,
0012cf1300e2b2b3,
0040071300245413,
00ef8fb30a028463,
00010eb700e58833,
000f861300080e13,
0c6ff463fffe8e93,
004e0e1300062783,
01d7f73300460613,
0107d59300d70733,
00b7073341075713,
01d7f7b300d787b3,
00d7e7b301071693,
41075693fefe2e23,
fff30313fc6664e3,
ffc3731341f30333,
00079a6300680733,
fff88893ffc72783,
fe078ae3ffc70713,
0081240300c12083,
0041248301152823,
0101011300012903,
0010091300008067,
ea9ff06fe806dee3,
0027171300140713,
00000593f55ff06f,
06050063b50ff0ef,
0081240300c12083,
00f5282300100793,
0041248300052a23,
0101011300012903,
0000071300008067,
00e58733000f1663,
00241713f7dff06f,
f71ff06f00e58733,
80015537800156b7,
00000613b2c68693,
b785051324500593,
800156b73ad000ef,
b2c6869380015537,
2370059300000613,
391000efb7850513,
00b7f5b37ff007b7,
00f585b3fcc007b7,
00b0566300000793,
0000806700078513,
4145d59340b005b3,
00b7cc6301300793,
40b7d5b3000807b7,
0007851300000793,
fec5859300008067,
0010079301e00713,
800007b700b74663,
0000059300b7d7b3,
0000806700078513,
00912a23fe010113,
00812c2301052483,
0024949301450413,
01212823009404b3,
01312623ffc4a903,
0009051301412423,
00112e2300058993,
02000713d8cff0ef,
00f9a02340a707b3,
ffc48a1300a00793,
ff55061308a7dc63,
ff84a78305447063,
40c706b304060c63,
00c9193300d7d733,
ff84859300e96933,
00e967333ff00737,
02b47e6300c797b3,
00d656b3ff44a603,
02c0006f00d7e7b3,
00f50c6300b00793,
3ff0073700c91933,
0000079300e96733,
000007930100006f,
00e967333ff00737,
0181240301c12083,
0101290301412483,
00812a0300c12983,
0007059300078513,
0000806702010113,
40a686b300b00693,
00d957333ff007b7,
0000079300f76733,
ff84a78301447663,
0155051300d7d7b3,
00f967b300a91933,
fd010113fa9ff06f,
00058a9301512a23,
0291222300100593,
01412c2301312e23,
0281242302112623,
0006049303212023,
0007099300068a13,
10050263918ff0ef,
0144d91300100737,
7ff97913fff70793,
0097f7b300050413,
00e7e7b300090463,
060a926300f12623,
cb8ff0ef00c10513,
0010049300c12703,
00e42a2300942823,
0809086302050793,
00f90933bcd90913,
012a202303500493,
00a9a02340f48533,
0004051302c12083,
0241248302812403,
01c1298302012903,
01412a8301812a03,
0000806703010113,
0151242300810513,
00c12703c54ff0ef,
04050e6300050793,
0200069300812603,
00d716b340a686b3,
00c6e6b300a75733,
00e034b300e12623,
00d42a2300148493,
0094282300e42c23,
00249713f6091ce3,
0107250300e40733,
00fa2023bce78793,
00549493b84ff0ef,
f69ff06f40a48533,
fc1ff06f00812683,
80015537800156b7,
00000613b2c68693,
b785051330f00593,
fd0101130b5000ef,
0005891303212023,
0211262300810593,
0291222302812423,
0005099301312e23,
00050493d69ff0ef,
0009051300058413,
d55ff0ef00c10593,
0109a78301092703,
40e787b300c12683,
0057979300812703,
00e787b340d70733,
02f05e6300050713,
0087843301479793,
0004851300058693,
0007061300040593,
02c12083099010ef,
0241248302812403,
01c1298302012903,
0000806703010113,
40f585b301479793,
ff010113fc9ff06f,
0011262301212023,
0005091301700793,
f101a78304a7da63,
00812423f141a583,
f181a40300912223,
00078513f1c1a483,
0004869300040613,
fff90913250020ef,
fe0914e300050793,
00c1208300812403,
0001290300412483,
0101011300078513,
8001573700008067,
bb07071300351913,
0107278301270733,
0147258300c12083,
0007851300012903,
0000806701010113,
fff5859301062683,
001585934055d593,
0026969301460793,
00d786b300259593,
02d7f86300b505b3,
0007a80300050713,
0047071300478793,
fed7e8e3ff072e23,
feb7879340c687b3,
00478793ffc7f793,
00b5786300f50533,
fe052e2300450513,
00008067feb56ce3,
4055d61301052703,
02c7526301450693,
00e687b300271713,
ffc7a70304f6f263,
fe070ae3ffc78793,
0000806700100513,
00f687b300261793,
01f5f593fee650e3,
0007a603fc058ce3,
00b6573300100513,
fce602e300b71733,
0000051300008067,
fd01011300008067,
0211262302912223,
1e05886300060493,
0321202302812423,
01312e2300058413,
01412c2301512a23,
f58f70ef00050913,
00b48793ffc42703,
ff840a9301600693,
10f6f263ffc77993,
1007c263ff87fa13,
1349d263109a6063,
01812423800157b7,
008c2603ec078c13,
0046a783013a86b3,
ffe7f6131cd60863,
0046260300c68633,
14061a6300167613,
00f98633ffc7f793,
001777130d465863,
0171262302071c63,
01612823ff842b83,
004ba703417a8bb3,
00e787b3ffc77713,
334b5c6301378b33,
294b586300e98b33,
00c12b8301012b03,
0009051300048593,
00050493efdf60ef,
ffc4278340050863,
ffe7f793ff850713,
24e7866300fa87b3,
02400793ffc98613,
013007132ec7e463,
0005079320c76a63,
0007268300040713,
0047268300d7a023,
0087270300d7a223,
0004059300e7a423,
df5f80ef00090513,
e4cf70ef00090513,
06c0006f00812c03,
f09a74e301000a13,
00f9202300c00793,
0540006f00000493,
0086a70300c6a783,
0006099300812c03,
00e7a42300f72623,
414986b3004aa783,
0017f79300f00613,
08d66263013a8733,
00faa2230137e7b3,
0017e79300472783,
0009051300f72223,
00040493de0f70ef,
02c1208302812403,
01c1298302012903,
01412a8301812a03,
0241248300048513,
0000806703010113,
ee071ae300177713,
ff842b8301712623,
417a8bb301612823,
ffc77713004ba703,
02c12083ec9ff06f,
0006059302412483,
dc9f606f03010113,
00faa2230147e7b3,
0016e693014a85b3,
0047278300d5a223,
0009051300858593,
00f722230017e793,
f69ff06fcf1f80ef,
013786b3ffc7f793,
26c6d063010a0613,
e6071ee300177713,
ff842b8301712623,
417a8bb301612823,
ffc77713004ba703,
01378b3300e787b3,
00cba783e4cb44e3,
ffc98613008ba703,
00f7262302400693,
008b849300e7a423,
0130071328c6e463,
02c7726300048793,
01b0079300042703,
0044270300eba423,
26c7ea6300eba623,
010b879300840413,
00e7a02300042703,
00e7a22300442703,
00e7a42300842703,
414b0b33014b8733,
001b679300ec2423,
004ba78300f72223,
0017f79300090513,
00fba2230147e7b3,
01012b03c80f70ef,
00812c0300c12b83,
00042683e99ff06f,
00d5202301b00713,
00d5222300442683,
0084071314c76e63,
dd9ff06f00850793,
00812c03ffc52783,
00f989b3ffc7f793,
00cba783e29ff06f,
ffc98613008ba703,
00f7262302400693,
008b849300e7a423,
0130071310c6e663,
02c77c6300048793,
01b0079300042703,
0044270300eba423,
14c7f86300eba623,
00fba82300842783,
00fbaa2300c42783,
010404130ad60c63,
00042703018b8793,
0044270300e7a023,
0084270300e7a223,
000b099300e7a423,
01012b03000b8a93,
00812c0300c12b83,
d95ff06f00048413,
f19fc0ef00040593,
00c6a783d3dff06f,
ffc986130086a703,
00f7262302400693,
008ba70300e7a423,
008b849300cba783,
00e7a42300f72623,
0130071304c6ee63,
f8c774e300048793,
01b0079300042703,
0044270300eba423,
0ac7f06300eba623,
0240079300842703,
00c4270300eba823,
f4f618e300ebaa23,
020b879301042703,
00ebac2301840413,
00ebae23ffc42703,
00040593f3dff06f,
e81fc0ef00048513,
00842703f45ff06f,
00c4270300e52423,
06f6046300e52623,
0105079301040713,
014a8ab3c6dff06f,
015c2423414686b3,
00faa2230016e793,
00090513ffc42783,
0017f79300040493,
fef42e230147e7b3,
00812c03ab0f70ef,
00840413cd1ff06f,
ec9ff06f010b8793,
a94f70ef00090513,
00812c0300000493,
01042683cb1ff06f,
0185079301840713,
0144268300d52823,
bf9ff06f00d52a23,
0004851300040593,
db5ff06fdddfc0ef,
00fba82300842783,
00fbaa2300c42783,
0104041300d60863,
d7dff06f018b8793,
020b879301042703,
00ebac2301840413,
00ebae23ffc42703,
e401a783d61ff06f,
0205846300078067,
00c7e8630ff00793,
0010051300c58023,
08a0079300008067,
fff0051300f52023,
0000051300008067,
fe01011300008067,
00912a2300812c23,
e401a78300112e23,
0006849300050413,
000780e702058263,
02f50663fff00793,
0181240301c12083,
0201011301412483,
0000061300008067,
000780e700410593,
fcf51ee3fff00793,
08a007930004a023,
00f4202301c12083,
0141248301812403,
0000806702010113,
00812c23fe010113,
00112e2300912a23,
e401a783f441a483,
02050a6300060413,
0004069300058613,
0004851300050593,
fff00793000780e7,
01c1208302f50a63,
0141248301812403,
0000806702010113,
0041059300060693,
0004851300000613,
fff00793000780e7,
00042023fcf51ae3,
0181240301c12083,
00f4a02308a00793,
0201011301412483,
f441a70300008067,
00068793ff010113,
0011262300060813,
0005069300c72883,
0007861300058713,
800157b702080063,
800155b7ddc78793,
00088513dec58593,
19c000ef14c000ef,
e048079380013837,
fe1ff06fe0480813,
00060693ff010113,
0011262300000613,
02c5b7b3f9dff0ef,
00112623ff010113,
02c585b300812423,
8b1f60ef0a079063,
0a05006300050413,
02400713ffc52603,
ffc60613ffc67613,
0130069304c76863,
02c6f26300050793,
0005222300052023,
04c7f86301b00793,
0005262300052423,
06e60c6301050793,
0007a2230007a023,
00c120830007a423,
0081240300040513,
0000806701010113,
984f80ef00000593,
0004051300c12083,
0101011300812403,
0085079300008067,
0007a2230007a023,
fc1ff06f0007a423,
00c007930b8000ef,
0000041300f52023,
0004051300c12083,
0101011300812403,
0005282300008067,
00052a2301850793,
fc010113f81ff06f,
02d1262302c10313,
00112e2300030693,
02f12a2302e12823,
03112e2303012c23,
b51fa0ef00612623,
0401011301c12083,
00050e1300008067,
f441a503fc010113,
02c1242302810313,
0005861302d12623,
000e059300030693,
02e1282300112e23,
03012c2302f12a23,
0061262303112e23,
01c12083b05fa0ef,
0000806704010113,
00008067f441a503,
00600513ff010113,
2a8000ef00112623,
afdf00ef00100513,
0007866311852783,
0000806700000513,
08000593ff010113,
0011262300812423,
f18f60ef00050413,
0205046310a42c23,
0005202308050793,
fef51ce300450513,
00c1208300000513,
0101011300812403,
fff0051300008067,
fe010113fedff06f,
00112e2300912a23,
0005049301f00793,
1185278302b7ec63,
0005841300812c23,
0024141302078c63,
01812403008787b3,
00c7a0230007a503,
0141248301c12083,
0000806702010113,
00f5202301600793,
fe5ff06ffff00513,
00c1262308000593,
10a4ac23e7cf60ef,
0005079300c12603,
0805069300050713,
0007202300050a63,
fed71ce300470713,
01812403f9dff06f,
fa5ff06ffff00513,
00912223ff010113,
01f0079300112623,
0ab7e06300050493,
0081242311852783,
0407846300058413,
00e787b300259713,
02070c630007a703,
00d70c6300100693,
04d70863fff00693,
000585130007a023,
00812403000700e7,
00c1208300000513,
0101011300412483,
0004851300008067,
0004061343c000ef,
00c1208300812403,
0004851300050593,
0101011300412483,
008124033b80006f,
0160079300c12083,
0041248300f52023,
0101011300100513,
0160079300008067,
fff0051300f52023,
01f00793f9dff06f,
118527830cb7ea63,
00812423ff010113,
0011262300912223,
0005049300058413,
0024171308078063,
0007a70300e787b3,
fff0069302070c63,
0010069306d70063,
0004051304d70063,
000700e70007a023,
00c1208300000513,
0041248300812403,
0000806701010113,
0081240300c12083,
0010051300412483,
0000806701010113,
0081240300c12083,
0030051300412483,
0000806701010113,
fb9ff06f00200513,
cd8f60ef08000593,
0005079310a4ac23,
0005071300050e63,
0007202308050693,
fed71ce300470713,
fff00513f5dff06f,
fff00513f85ff06f,
ff01011300008067,
0011262300912223,
f441a48301f00793,
1184a78308a7ee63,
0005041300812423,
0025171304078263,
0007a70300e787b3,
0010069302070a63,
fff0069300d70a63,
0007a02304d70663,
00812403000700e7,
00c1208300000513,
0101011300412483,
0004851300008067,
0004061329c000ef,
00c1208300812403,
0004851300050593,
0101011300412483,
008124032180006f,
0160079300c12083,
0010051300f4a023,
0101011300412483,
0160079300008067,
fff0051300f4a023,
ff010113f9dff06f,
0011262301212023,
f441a90301f00793,
0081242304a7e263,
1189250300050413,
0005849300912223,
0024141302050e63,
0007a503008507b3,
0097a02300812403,
00c1208300412483,
0101011300012903,
0160079300008067,
fff0051300f92023,
08000593fe5ff06f,
b70f60ef00090513,
0005079310a92c23,
00050a6308050713,
004787930007a023,
fa1ff06ffef71ce3,
0041248300812403,
fa9ff06ffff00513,
00812423ff010113,
00112623f441a403,
00078c6311842783,
00c1208300000513,
0101011300812403,
0800059300008067,
b08f60ef00040513,
00050c6310a42c23,
0005202308050793,
fef51ce300450513,
fff00513fc9ff06f,
ff010113fc5ff06f,
0011262300912223,
f441a48301f00793,
1184a7830ca7e463,
0005041300812423,
0024171308078263,
0007a70300e787b3,
fff0069302070c63,
0010069306d70063,
0004051304d70063,
000700e70007a023,
0000051300812403,
0041248300c12083,
0000806701010113,
00c1208300812403,
0010051300412483,
0000806701010113,
00c1208300812403,
0030051300412483,
0000806701010113,
0020051300812403,
08000593fb9ff06f,
a30f60ef00048513,
0005079310a4ac23,
0005071300050e63,
0007202308050693,
fee69ce300470713,
00812403f55ff06f,
f7dff06ffff00513,
00058713ff010113,
0091222300812423,
0006059300050413,
0011262300070513,
e34f00eff401ae23,
00f50c63fff00793,
0081240300c12083,
0101011300412483,
f5c1a78300008067,
00c12083fe0784e3,
0081240300f42023,
0101011300412483,
dc4f006f00008067,
fe010113001007b7,
00bef833fff78e93,
0146d31300def7b3,
0145d91301212823,
00812c2300379793,
01f5d41300381813,
01d6589301d55713,
7ff373137ff97913,
00912a2300112e23,
01f6d69301312623,
0107673300f8e8b3,
00361f1300351593,
1ed40463406907b3,
2803066316f05263,
42d906637ff00693,
0010061303800693,
008006b702f6ce63,
01f0069300d8e8b3,
0200069352f6ce63,
00d8963340f686b3,
00df16b300ff5533,
00d036b300a66633,
00d6663300f8d8b3,
40c5863341170733,
0006049300c5b5b3,
0089979340b709b3,
008007b73207da63,
00f9f9b3fff78793,
000985132c098863,
ff850793011020ef,
40f6873302000693,
00f999b300e4d733,
00f494b301376733,
412787b34b27c863,
40f686b300178793,
00f4d9b300d49633,
0136663300c03633,
00c6e4b300d716b3,
0000091300f759b3,
020780630074f793,
0040071300f4f793,
0044879300e78a63,
00c989b30097b633,
0089979300078493,
001907936e07da63,
00040e137ff00713,
ff8007372ae78663,
00e9f733fff70713,
01d718137ff7f793,
009717130034d613,
00c7571300c86833,
0181240301c12083,
00e7e7b301479793,
00e7e7b301fe1713,
0101290301412483,
0008051300c12983,
0201011300078593,
14078c6300008067,
3c091263412307b3,
4c05046300b76533,
60050263fff78513,
570786637ff00813,
0010061303800793,
0005079302a7cc63,
56f64c6301f00613,
40f5053302000513,
00f5d83300a71633,
0106663300a59533,
00f7573300a03533,
40e888b300a66633,
00cf373340cf0633,
40e889b300060493,
0006841300030913,
1ef05063e85ff06f,
01e8e6b314031063,
fff7869326068c63,
7ff0061348068063,
0380079322c78c63,
02d7cc6300100993,
01f0069300068793,
020006934af6c063,
00d899b340f686b3,
00df16b300ff5633,
00d036b300c9e9b3,
00d9e9b300f8d8b3,
00b985b301170733,
000584930135b9b3,
0089979300e989b3,
001909131407d263,
36f90c637ff00793,
fff78793ff8007b7,
00f9f7b30014f613,
00c767330014d713,
00e664b301f79613,
e45ff06f0017d993,
1c068a6301e8e6b3,
40068063fff78693,
18c78a637ff00613,
0010061303800793,
00068793dad7c2e3,
00190813d6dff06f,
22081c637fe87813,
01e8e83300b76333,
46030e6338091063,
41e589b340080663,
411706330135b533,
0086151340a60633,
40bf05b350055e63,
00bf3f3340e88733,
0087161341e70733,
52065e6300058493,
fff78793ff8007b7,
00068e1300f77733,
df9ff06f00100793,
10d906637ff00693,
0010099303800693,
008006b7f0f6c6e3,
ed1ff06f00d8e8b3,
544020ef00048513,
01f0069301850793,
ff850713d2f6d8e3,
2327c66300e49733,
0019079341278933,
fe19091348f6d663,
012754b302000693,
0400069300d78c63,
00f7173340f687b3,
00e4e4b300e03733,
0074f79300000913,
00090793d2079ce3,
000987130034d613,
7ff007930c00006f,
0000081300000713,
0c078a63d71ff06f,
1e090263412307b3,
32d308637ff00693,
0010099303800693,
008006b702f6ce63,
01f0069300d76733,
020006933cf6c863,
00d719b340f686b3,
00d596b300f5d633,
00d036b300c9e9b3,
00d9e9b300f75733,
01e9873300e888b3,
00070493013739b3,
00030913011989b3,
02081063e25ff06f,
0036561300351613,
00c8683301d71813,
0107673300375713,
00000e1318070663,
000807377ff00793,
ccdff06f00000813,
0036561300351613,
7ff0069301d71813,
0037571300c86833,
00c71713fcd786e3,
7ff7f79300c75713,
c9dff06f00040e13,
7fe6f81300190693,
00b766b314081863,
3006826328091c63,
2206886301e8e6b3,
00b7b5b301e587b3,
00b7073301170733,
008717930037d813,
3407de6300040e13,
fff78793ff8007b7,
01d7179300f77733,
0107e83300375713,
0010079301d77733,
41e58833c39ff06f,
411709b30105b7b3,
0089979340f989b3,
1007c66300080493,
b4081ee301386833,
0000079300000e13,
c05ff06f00000713,
1aa30e637ff00513,
0010061303800513,
00800637c8f544e3,
c4dff06f00c76733,
fff98993ff8009b7,
013779b340f90933,
fe078693b71ff06f,
00d8d6b302000613,
0400061300c78a63,
00f897b340f607b3,
01e0363300ff6f33,
ac9ff06f00d66633,
fff68693ff8006b7,
00d7773340f907b3,
0138683301d71813,
ed9ff06f00375713,
1e06866300b766b3,
0a068e63fff78693,
14a780637ff00513,
0010099303800793,
00068793e4d7c6e3,
00040e13e15ff06f,
000007137ff00793,
b45ff06f00000813,
fef684e37ff00793,
00bf35b301e58f33,
00b787b3011707b3,
001f5f1301f79613,
0017d99301e664b3,
ab5ff06f00068913,
40e887b340bf0633,
0006049300cf3733,
0006841340e789b3,
00361613a41ff06f,
0006841300365613,
e25ff06f00088713,
1c080663de0312e3,
003616130038d713,
0117673301d89893,
00c7673300365613,
dddff06f00068413,
011708b301e58f33,
00b889b300bf35b3,
000f049300899793,
002009130e07d463,
41e58f33bd1ff06f,
01e5b5b3411708b3,
40b889b3000f0493,
9b1ff06f00100913,
02000613fe078693,
00c78a6300d8d6b3,
40f607b304000613,
00ff6f3300f897b3,
00d9e9b301e039b3,
00351613b65ff06f,
eb5ff06f00365993,
0036561300361613,
0008871300068413,
00361613d41ff06f,
0008871300365613,
fe078513d31ff06f,
00a7553302000613,
0400061300c78a63,
00f717b340f607b3,
00b0363300f5e5b3,
a8dff06f00a66633,
01e8ef33fc0682e3,
cedff06fd00f16e3,
00361813dc0808e3,
0038581301d89793,
00f868330038d713,
00068e1301d77733,
9bdff06f00000793,
c2dff06f00100793,
40e888b340bf05b3,
0005849300bf3733,
0006841340e889b3,
8c9ff06f00100913,
0036561300361613,
cc5ff06f00088713,
0036599300361613,
de5ff06f00088713,
02000613fe078693,
00c78a6300d756b3,
40f607b304000613,
00f5e5b300f717b3,
00d9e9b300b039b3,
0034d613c35ff06f,
0009871300090793,
02000693c79ff06f,
0000061340f686b3,
00c9e8338b5ff06f,
0039d993d00808e3,
d85ff06f00060713,
7ff0079300000e13,
905ff06f00080737,
0037571301d71793,
01d777330107e833,
8edff06f00000793,
0035d59301d71813,
0037571300b86833,
c29ff06f00068413,
01312e23fd010113,
028124230145d993,
0321202302912223,
0171262301412c23,
0211262300c59493,
0161282301512a23,
7ff9f99301812423,
00060b9300050413,
00c4d49300068913,
18098a6301f5da13,
08f988637ff00793,
01d5579300349493,
008007370097e7b3,
00351b1300e7eab3,
00000493c0198993,
0149579300000c13,
7ff7f79300c91413,
01f9591300c45413,
7ff0071308078263,
0034141318e78a63,
0087673301dbd713,
00800437c0178793,
003b989300876433,
0000061340f989b3,
012a46b300f00713,
800157b724976463,
e1c7879300249493,
0004a70300f484b3,
00a4eab300070067,
014957931c0a9e63,
7ff7f79300c91413,
0080049300000b13,
00200c137ff00993,
01f9591300c45413,
017468b3f80792e3,
4a040a631c088263,
70d010ef00040513,
ff55069300050793,
ff87889301d00713,
0114143340d70733,
0087643300ebd733,
013787b3011b98b3,
000006133f378993,
40f70733f69ff06f,
4ee65a6303800613,
0000061300000793,
02c1208300000713,
0147979302812403,
01f6969300c7e7b3,
0241248300d7e7b3,
01c1298302012903,
01412a8301812a03,
00c12b8301012b03,
0007051300812c03,
0301011300078593,
7ff0079300008067,
0000071300000613,
00000693fadff06f,
000806377ff00793,
f99ff06f00000713,
100a8c6300a4eab3,
0004851340048863,
00050713641010ef,
01d00793ff550693,
40d787b3ff870b13,
00f457b3016494b3,
01641b330097eab3,
40e989b3c0d00993,
00000c1300000493,
017468b3e55ff06f,
0a089c6380198993,
000004130024e493,
e7dff06f00200613,
000a8413000a0913,
00200793000b0893,
003007934efc0863,
00100793f6fc06e3,
eefc0ee300090693,
2af056633ff98793,
4a0716630078f713,
00075a6300741713,
fff78793ff0007b7,
4009879300f47433,
f2f740e37fe00713,
01d417130038d893,
0117673300941613,
7ff7f79300c65613,
00060c13ebdff06f,
00048a93f95ff06f,
00c0049300050b13,
00300c137ff00993,
0014e493da5ff06f,
0010061300000413,
0034e493dd9ff06f,
00300613000b8893,
00000b13dc9ff06f,
0000099300400493,
d71ff06f00100c13,
2a8a80632b546463,
fff98993000b0313,
00000b13000a8793,
0107551300841713,
0188d61302a7d433,
0106181300e66633,
0088959301085813,
02a7f7b301035713,
01079793028808b3,
0117fa6300f767b3,
fff4071300f607b3,
000704132ec7f063,
02a7d8b3411787b3,
0107571301031713,
03180fb302a7f7b3,
00f7673301079793,
00e6073301f77a63,
28c77e63fff88793,
0104141300078893,
01146433000102b7,
006478b3fff28313,
0105de1301045e93,
03130f330065f333,
031e08b341f70733,
026e8fb3010f5793,
011787b301f888b3,
01f7f46303ce8eb3,
00010fb7005e8eb3,
0107d893ffff8f93,
0107979301f7f7b3,
01d888b301ff7f33,
17176e6301e787b3,
40fb07b317170a63,
00fb3b3341170733,
2ee6006341670733,
0107de9302a758b3,
03180f3302a77733,
00eee73301071713,
00e6073301e77e63,
2ec76a63fff88e93,
ffe888932fe77863,
41e7073300c70733,
0107979302a75eb3,
02a777330107d793,
0107171303d80833,
0107fe6300e7e7b3,
fffe871300f607b3,
2b07f6632ac7e863,
00c787b3ffee8e93,
01d8e8b301089893,
0108df1301089513,
02650eb301055513,
02ae0533410787b3,
026f0333010ed713,
00a7073300650533,
0067766303ee0e33,
00ae0e3300010537,
fff8081300010837,
0107773301075513,
010efeb301071713,
01d7073301c50533,
00f607b312a7f263,
00078813fff88313,
24a7e8631cc7e463,
0003089326a78663,
d55ff06f0018e893,
c2079ce300100713,
013897b341e98993,
013419b300f037b3,
00e8d8b30137e7b3,
0078f79300f8e8b3,
0207806300e45433,
0040071300f8f793,
0048879300e78a63,
011404330117b8b3,
0084159300078893,
0000061300100793,
be05cce300000713,
e8fb78e31340006f,
016ebf3300bb0eb3,
01f7073300cf0fb3,
fff40f93000e8b13,
1517626308e67463,
000f841312e88e63,
d71b62e3e65ff06f,
01fa9313001b5713,
00e36333001ad793,
d5dff06f01fb1b13,
25d010ef000b8513,
01c0071301550693,
b4d756e302050793,
00000893ff850513,
b59ff06f00ab9433,
01550693239010ef,
0205071301c00793,
ff850793bed7dae3,
00000b1300f41ab3,
eea79ee3c01ff06f,
ed9ff06fc40708e3,
f60f0ce3f8e612e3,
de1ff06f000f8413,
ffe88893d7f774e3,
d61ff06f00c70733,
ffe40413d317f2e3,
d1dff06f00c787b3,
ece656e301f00613,
40f607b3fe100613,
00f457b302000613,
43e9899300c70863,
0138e8b3013419b3,
00f8e8b3011038b3,
000006130078f713,
00f8f79302070863,
0000041300400713,
0048879300e78a63,
011034330117b8b3,
0094161300078893,
00c6561301d41713,
00e8e7330038d893,
aa9ff06f00000793,
e4a812e300030893,
0018e893b8b70ce3,
ecfef4e3b91ff06f,
00bebf3301d58eb3,
ffe4041300cf0f33,
01e70733000e8b13,
c0200713d15ff06f,
fff008933ff98793,
00488713e0e9c8e3,
01140433011738b3,
b5dff06f00070893,
0040061300f8f713,
fe1ff06fb4c708e3,
d5dff06f00070e93,
d19ff06f000e8893,
7ff0079300090693,
0000071300000613,
00159313a1dff06f,
00c8083300b33833,
ffe8889301078833,
f6a802e300030593,
fee5e0e3da1ff06f,
f4b71ce300030893,
0145d713ae9ff06f,
fff78793001007b7,
7ff777130146d813,
00b7fe337ff00313,
00d7f7b300050893,
7ff8781301f5d593,
0010051301f6d693,
0068086300670c63,
02fe066301071463,
0000806700008067,
00fe67b3fee81ce3,
0117e7b300c7e7b3,
40d585b3fe0794e3,
0000806700b03533,
00d58a63fcc89ce3,
011e6e33fc0718e3,
0000806701c03533,
0000806700000513,
001007b70145d893,
0146d713fff78793,
7ff00e137ff8f893,
0005081300b7f333,
00d7f7b300050e93,
00060f1301f5d593,
01f6d6937ff77513,
03c5046305c88863,
0103683306089a63,
00c7e63306051063,
0a08126308060c63,
0806826300100513,
00c7e63300008067,
0008966308061463,
fe0302e301036333,
0605926306d58063,
0000806700100513,
0603126301036333,
00c7e7b3ff1516e3,
fed590e304079c63,
0000806700000513,
fcd598e3fa0808e3,
fc0504e30280006f,
fd1540e3fcd592e3,
fa67ece300a8cc63,
fbdf68e300f31863,
f9eef6e300000513,
f80592e300100513,
00008067fff00513,
00008067f8081ae3,
00008067ffe00513,
f81ff06ffcd586e3,
001007b70145d893,
0146d713fff78793,
7ff003137ff8f893,
0005081300b7fe33,
00d7f7b300050e93,
00060f1301f5d593,
01f6d6937ff77513,
0265046304688a63,
010e683306089863,
00c7e63308051e63,
0a0816630a060463,
0806806300100513,
00c7e63300008067,
fe061ae300200513,
010e6e3300089663,
04d58c63fe0e00e3,
0010051304059e63,
010e6e3300008067,
ff1516e3060e1063,
0020051300c7e7b3,
fcd59ee3fc0790e3,
0000806700000513,
fcd596e3fc0508e3,
00a8cc63fd1544e3,
00fe1863fdc7e0e3,
00000513fbdf6ce3,
00100513f9eef8e3,
fff00513f80594e3,
f6080ae300008067,
fe9ff06ff8d59ce3,
0000806700200513,
00008067f80814e3,
f7dff06ffcd580e3,
0145d793fd010113,
0291222302812423,
01312e2303212023,
00c5949301512a23,
01412c2302112623,
0171262301612823,
7ff7f79301812423,
00060a9300050413,
00c4d49300068993,
4207846301f5d913,
0ae786637ff00713,
01d5571300349693,
008006b700d76733,
00351a1300d764b3,
00000b13c0178c13,
0149d79300000b93,
7ff7f79300c99713,
00c75413000a8f13,
0a07806301f9d993,
14e78e637ff00713,
01dad59300341713,
c017879300e5e5b3,
00e5e43300800737,
018788b3003a9f13,
00a0071300000313,
0b674c6300188513,
00200793013945b3,
1567c66300058813,
00100713fffb0b13,
3cf30a6317676063,
000f0a1300040493,
09c0006f00030b93,
3c0a186300a4ea33,
00c997130149d793,
000004937ff7f793,
7ff00c1300800b13,
000a8f1300200b93,
01f9d99300c75413,
015467b3f60794e3,
4a0400633c078263,
4cc010ef00040513,
ff55071300050893,
ff888f1301d00793,
00fad7b340e787b3,
00e7e43301e41733,
411c08b301ea9f33,
00a00713c0d88893,
0018851300000313,
00090593f56758e3,
32fb8a6300200793,
48fb8c6300300793,
0005881300100793,
0000079346fb9a63,
0000071300000693,
0281240302c12083,
00d7e7b301479793,
00d7e7b301f81693,
0201290302412483,
01812a0301c12983,
01012b0301412a83,
00812c0300c12b83,
0007859300070513,
0000806703010113,
7ffc089301546733,
0000173730070a63,
8007071301394833,
00a00693003b6b13,
00ec053300080593,
003003133966c063,
0166163300100613,
f4071ae353067713,
3c07946324067793,
2e06126308867613,
ffff8e9300010fb7,
010a569301da77b3,
010f5e1301df7eb3,
03d6833303d78733,
02fe063301075593,
00c585b300660633,
0065f46303c68f33,
000103b701ff0f33,
00c5f333fff38613,
00c7773301045f93,
0103131300c47433,
00e30333028782b3,
028687330105d593,
02ff87b30102d613,
00f6063300e787b3,
00e6746303f687b3,
00010937007787b3,
01367733fff90993,
0134f6b30104d393,
010717130132f2b3,
0057073302de84b3,
00f6063301065613,
02de02b300e585b3,
03d38eb30104d793,
005787b301d282b3,
01d7f463027e0e33,
000109b7012e0e33,
01d7f2b3fff98e93,
01c787b30107d793,
0102929301d4feb3,
01d282b302d40933,
01095e1302838433,
008686b302df86b3,
027f8eb300de0e33,
013e8eb3008e7463,
ffff8f9300010fb7,
0106969301fe76b3,
01e585b301f97933,
00c68633012686b3,
00e6073300e5b733,
00f707b300558f33,
00b785b300bf35b3,
00c7363300d636b3,
00e7b73300c6e6b3,
00f5b7b3010e5e13,
00f7673301c686b3,
00d70733009f1793,
01d707330067e7b3,
017f561300f037b3,
0175d69300971713,
0095959300c7e7b3,
0077179300b7ea33,
0207d06300d764b3,
001a7793001a5713,
00f767b301f49693,
0014d49300d7ea33,
3ff8861300050893,
007a779312c05663,
00fa779302078063,
00e78a6300400713,
014737b3004a0713,
00070a1300f484b3,
0007da6300749793,
fff78793ff0007b7,
4008861300f4f4b3,
1cc7c4637fe00793,
01d49713003a5793,
00f7673300949693,
7ff6779300c6d693,
00a4ea33d41ff06f,
12048e63060a0863,
18c010ef00048513,
ff55069300050613,
ff86079301d00713,
00e4573340d70733,
00d764b300f496b3,
c0d0079300f41a33,
00000b1340c78c33,
bc1ff06f00000b93,
7ff0079300058813,
0000071300000693,
00050a13ce1ff06f,
7ff00c1300c00b13,
b99ff06f00300b93,
00400b1300000493,
00100b9300000c13,
001b6b13b85ff06f,
00000413000c0893,
0010031300000f13,
002b6b13bb5ff06f,
00000f1300000413,
ba1ff06f00200313,
000f0a1300040493,
0009859300030b93,
00100713c51ff06f,
41e8889310061063,
00c03633011a1633,
00ea57b3011498b3,
00f6663301166633,
00e4d5b300767793,
00f6779302078063,
00e78a6300400713,
00c7b63300460793,
0007861300c585b3,
0010079300859513,
0000071300000693,
10c0006fc0054ce3,
12eb106300f00713,
000806b700000813,
bfdff06f00000713,
01550693058010ef,
0205061301c00793,
ff850513ecd7d4e3,
00a414b300000a13,
000a8513ed5ff06f,
01550713030010ef,
0205089301c00793,
ff850513b6e7d0e3,
00aa943300000f13,
00000813b6dff06f,
000806b77ff00793,
00050893ba1ff06f,
7ff00793df5ff06f,
0000071300000693,
00000813b89ff06f,
000806b77ff00793,
b75ff06f00000713,
0380079340c70733,
01f00793b4e7cee3,
fe100793eee7dae3,
0200069340c787b3,
00d7086300f4d7b3,
011498b343e88893,
01403633011a6a33,
0076771300f66633,
0207086300000693,
0040071300f67793,
00e78a6300000593,
00c7b63300460793,
0007861300c035b3,
01d5971300959693,
0036561300c6d693,
0000079300e66733,
00040493af1ff06f,
00300b93000a8a13,
ab5ff06f00098593,
fff78793001007b7,
00b7f8b3fe010113,
0146d79300d7f833,
00812c2300389893,
01f5d41301312623,
01d557130145d993,
01d6559300381813,
00912a2300112e23,
7ff7ff1301212823,
011767337ff00313,
00040e137ff9f993,
01f6d69300351893,
00361e930105e5b3,
0016c693206f0c63,
16d4026341e987b3,
240f0a6300f05ae3,
038006933c698463,
02f6ce6300100513,
00d5e5b3008006b7,
4ef6c46301f00693,
40f686b302000693,
00fed63300d59533,
00c5653300de96b3,
00f5d7b300d036b3,
40f7073300d56533,
00a8b63340a88533,
40c7093300050493,
3407d86300891793,
fff78793008007b7,
2e09066300f97933,
645000ef00090513,
02000693ff850793,
00e4d73340f68733,
0127673300f91933,
3f37c46300f494b3,
00178793413787b3,
00d4963340f686b3,
00c0363300f4d933,
00d716b300c96633,
00f7593300c6e4b3,
0074f79300000993,
00f4f79302078063,
00e78a6300400713,
0097b53300448793,
0007849300a90933,
6c07d06300891793,
7ff0071300198793,
ff80073724e78663,
00e97733fff70713,
01d718137ff7f793,
009717130034d513,
00c7571300a86833,
01c1208300147e13,
0147979301812403,
01fe171300e7e7b3,
0141248300e7e7b3,
00c1298301012903,
0007859300080513,
0000806702010113,
1c0f166370f05263,
26068e6301d5e6b3,
46068863fff78693,
0380079324678c63,
02d7cc6300100913,
01f0069300068793,
0200069348f6ca63,
00d5993340f686b3,
00de96b300fed633,
00d036b300c96933,
00d9693300f5d7b3,
0119063300f70733,
0006049301263933,
0089179300e90933,
001989931e07d263,
16f988637ff00793,
fff78793ff8007b7,
00f977b30014f513,
00a767330014d713,
00e564b301f79513,
ec9ff06f0017d913,
8019831301d5e833,
06d40a6306080863,
26098e630e030463,
0035551300361513,
0005871300068413,
00a8683301d71813,
0107673300375713,
00000e1310070663,
000807377ff00793,
ed9ff06f00000813,
1806866301d5e6b3,
3a068263fff78693,
0380079316678463,
dcd7cee300100513,
da5ff06f00068793,
f8d41ae30016c693,
2c09906318030863,
011766b37ff00793,
fff7869348068863,
7ff0051334068263,
038007932aa78263,
02d7ca6300100913,
4cd7c66301f00793,
40d787b302000793,
00d8d63300f71933,
00c9693300f897b3,
00d756b300f037b3,
00d585b300f96933,
0127393301d90733,
00b9093300070493,
ed1ff06f000f0993,
7fe7f79300198793,
01d5e83314079463,
2a099463011767b3,
3c08106338078e63,
0035591300351513,
1140006f00000793,
038006930a698063,
e8f6c0e300100913,
00d5e5b3008006b7,
00147e13e45ff06f,
000007137ff00793,
dd1ff06f00000813,
35d000ef00048513,
01f0069301850793,
ff850713d0f6dae3,
1b37ce6300e49733,
00198793413789b3,
fe19899342f6de63,
013754b302000693,
0400069300d78c63,
00f7173340f687b3,
00e4e4b300e03733,
0074f79300000993,
00098793d0079ee3,
000907130034d513,
e6081ce30280006f,
01d7181300351513,
00a8683300355513,
e59ff06f00375713,
0035551300351513,
7ff0069301d71813,
0037571300a86833,
00c71713e2d78ee3,
7ff7f79300c75713,
d19ff06f00147e13,
7fe6f79300198693,
011767b312079e63,
3007866324099a63,
30079a6301d5e7b3,
0035591300351513,
0128683301d71813,
fb9ff06f00375713,
0108b7b341d88833,
40f9093340b70933,
0008049300891793,
012868331207c263,
00000e13c00812e3,
0000071300000793,
ff800937cadff06f,
40f989b3fff90913,
c39ff06f01277933,
011765337ff00793,
fff7881310050463,
7ff005131e080263,
03800793d6a788e3,
0010051300068413,
01f007930307ca63,
020007931907c463,
00f71533410787b3,
00f897b30108d6b3,
00f037b300d56533,
00f5653301075833,
40ae8533410585b3,
0005049300aeb733,
000f099340e58933,
fe078693b59ff06f,
00d5d6b302000613,
0400061300c78a63,
00f597b340f607b3,
01d0353300feeeb3,
b1dff06f00d56533,
fff68693ff8006b7,
00d7773340f987b3,
00361513ef9ff06f,
0005871300355513,
7ff00793cd9ff06f,
01d88eb3def686e3,
00b707b3011eb633,
01f7951300c787b3,
01d564b3001ede93,
000689930017d913,
411e8633b45ff06f,
00ceb73340e587b3,
40e7893300060493,
ad1ff06f00068413,
0036551300361613,
0005871300068413,
e00798e3e39ff06f,
0035d71322080663,
01d5959300361613,
0036561300b76733,
0006841300c76733,
01d88eb3c61ff06f,
011eb63300b705b3,
0089179300c58933,
0a07d863000e8493,
bddff06f00200993,
40b705b341d88eb3,
000e849301d8b633,
0010099340c58933,
fe078693a41ff06f,
00d5d6b302000613,
0400061300c78a63,
00f597b340f607b3,
01d0393300feeeb3,
b71ff06f00d96933,
02000693fe080793,
00d80a6300f757b3,
410686b304000693,
00e8e8b300d71733,
00f5653301103533,
ec0788e3e7dff06f,
bc0e90e301d5eeb3,
411e8633d49ff06f,
00ceb73340e585b3,
40e5893300060493,
0010099300068413,
001007939b9ff06f,
dc0800e3d11ff06f,
0036579300361613,
0095971301d59813,
00c7571300f86833,
0000079300068e13,
41d88933a55ff06f,
40b706330128b7b3,
0086179340f60633,
411e86330e07d263,
00cebeb340e58733,
0087179341d70733,
1207de6300060493,
fff78793ff8007b7,
0006841300f77733,
9f1ff06f00100793,
0036551300361613,
cbdff06f00058713,
0036591300361613,
cfdff06f00058713,
00b707b301d886b3,
00c787b30116b633,
0036d81300879713,
ff80073708075e63,
00e7f7b3fff70713,
0097979301d79713,
00c7d71301076833,
9a9ff06f00100793,
02000613fe068793,
00c68a6300f757b3,
40d606b304000613,
00e8e8b300d71733,
00f9693301103933,
0034d513b39ff06f,
0009071300098793,
02000693c31ff06f,
0000061340f686b3,
00c968338e9ff06f,
00395913c8080ee3,
0006071300000793,
00000e13c59ff06f,
000807377ff00793,
01d79713935ff06f,
0107683300979793,
0000079300c7d713,
ae0786e391dff06f,
00080793413f0833,
03800793c6098ee3,
008007b70107ca63,
0006841300f76733,
00068413c8dff06f,
cb1ff06f00100513,
0036561301d71813,
0037571300c86833,
0006841300000793,
ba078ae3ba5ff06f,
00099663413f06b3,
a21ff06f00068793,
0010091303800793,
008007b7a6d7c4e3,
a2dff06f00f76733,
001007b70145d713,
fff74713fff78793,
00b7f5b30146d813,
0157169300d7f7b3,
020680637ff87813,
000005137ff00713,
0000806700e80463,
00f0353300c7e7b3,
00a5e5b300008067,
fc058ee300100513,
0145d79300008067,
fff68713001006b7,
3fe006137ff7f793,
01f5d59300b77733,
41d0061300f65e63,
8000053700f65e63,
00a58533fff50513,
0000051300008067,
4330061300008067,
01f0081340f60633,
02c8506300d76733,
40f687b341300693,
40e0053300f75733,
00070513fc059ce3,
bed7879300008067,
00c5553300f71733,
fe1ff06f00a76733,
00112623ff010113,
0091222300812423,
41f5571304050a63,
40e484b300a744b3,
0004851300050793,
52c000ef01f7d413,
40a787b341e00793,
7ff7f79300a00713,
00b0071306a74063,
00e4d73340a70733,
00c7171301550513,
00c7571300a494b3,
000004130140006f,
0000071300000793,
0147979300000493,
00e7e7b301f41413,
0087e7b300c12083,
0004851300812403,
0041248300078593,
0000806701010113,
00a49733ff550513,
00c7571300c71713,
fc1ff06f00000493,
00812423ff010113,
0005041300112623,
48c000ef04050c63,
40a787b341e00793,
7ff7f79300a00713,
00b0071306a74463,
0155051340a70733,
00a4143300e45733,
0004051300c12083,
0081240300c71713,
0147979300c75713,
0007859300e7e7b3,
0000806701010113,
0004051300c12083,
0081240300000793,
0147979300000713,
0007859300e7e7b3,
0000806701010113,
00a41733ff550513,
00c1208300000413,
00c7171300040513,
00c7571300812403,
00e7e7b301479793,
0101011300078593,
00c5258300008067,
0005280300852783,
0105961300452683,
00159713fe010113,
00f1242301065613,
00f12c2300b12623,
00d1222301012023,
00d12a2301012823,
0117571300c12e23,
0101089301f5d593,
0036151301c10793,
ffc78793ffc7a603,
00a6e6b301d65693,
fef894e300d7a223,
0038181300170693,
0101282301169613,
0406026301265613,
40068693ffffc6b7,
7fe0069300d70733,
7ff0079310e6d463,
0000069300000613,
01f5959301479793,
00b7e7b300c7e7b3,
0007859300068513,
0000806702010113,
0181288301412603,
011666b301c12503,
0106e6b300a6e6b3,
1406826304071463,
0000061300500693,
01d616930036d793,
0096161300f6e6b3,
00c656137ff77793,
01f5959301479793,
00b7e7b300c7e7b3,
0007859300068513,
0000806702010113,
01c8d79312068463,
00a7e7b300451513,
00d7f6b3008006b7,
ff8007371c068263,
0048989301c65693,
00e7f633fff70713,
004007b70116e6b3,
ff86f69300f66633,
0036d71300000793,
0096161301d61693,
0147979300c65613,
00c7e7b301f59593,
00b7e7b300e6e6b3,
0007859300068513,
0000806702010113,
014127830ce05c63,
01c1260301812503,
0106e6b300479693,
0045181301c7d793,
01c5551300461613,
0107e7b300d036b3,
00f6e6b300a66633,
020780630076f793,
0040051300f6f793,
0046879300a78a63,
00d6063300d7b6b3,
008007b700078693,
ee0786e300f677b3,
7ff0079300170713,
ff8007b7e8f706e3,
00f67633fff78793,
f49ff06f7ff77793,
0000061300000793,
01f5959301479793,
00b7e7b300c7e7b3,
0007859300068513,
0000806702010113,
000006137ff00793,
01f5959301479793,
00b7e7b300c7e7b3,
0007859300068513,
0000806702010113,
08d74c63fcc00693,
40e686b303d00693,
4056de1301c12703,
00eeeeb300080eb7,
01d12e23002e1513,
00a8883301f6f693,
0000071300088613,
0046061300062303,
fec81ae300676733,
41c6063300300613,
0008280304069a63,
0047879300168693,
00d64e63ff07ae23,
0008280300a78833,
0047879300168693,
fed656e3ff07ae23,
41c787b300400793,
000005930840006f,
000806377ff00793,
00000713d99ff06f,
02050813dd1ff06f,
ff08280300280833,
40df0f3302000f13,
0107673301e81833,
0026181308060e63,
00a8863300f80fb3,
0046230300062503,
00d5553300478793,
0065653301e31333,
00460613fea7ae23,
00400793feff90e3,
0208061341c787b3,
00dedeb300260633,
00400693ffd62823,
0026969340f686b3,
0080061300279793,
00c6ea6300f888b3,
0008a2230008a023,
00888893ff868693,
00f6e46300400793,
010127830008a023,
0141260300e03733,
0000071300f766b3,
00100793e09ff06f,
f99ff06f00000813,
02f57a63000107b7,
0017371310053713,
800147b700371713,
6c47879300e55533,
0007c50300a787b3,
40e686b302000693,
0000806740a68533,
02f57463010007b7,
800147b701000713,
6c47879300e55533,
0007c50300a787b3,
40a6853301000693,
0180071300008067,
00e55533800147b7,
00a787b36c478793,
008006930007c503,
0000806740a68533,
206c6167656c6c69,
7463757274736e69,
65637865206e6f69,
6168206e6f697470,
6e652072656c646e,
65000a6465726574,
637865206c6c6163,
68206e6f69747065,
652072656c646e61,
000a64657265746e,
65206b6165726265,
6e6f697470656378,
72656c646e616820,
64657265746e6520,
776f6e6b6e75000a,
747065637865206e,
646e6168206e6f69,
65746e652072656c,
206f6e000a646572,
6f69747065637865,
656c646e6168206e,
6c6174736e692072,
000000000a64656c,
6d656c706d696e55,
7973206465746e65,
6c6163206d657473,
64656c6c6163206c,
fffede0800000a21,
fffedd84fffede08,
fffedd84fffedd84,
fffedd84fffedd84,
fffede08fffedd84,
fffedd84fffeddf8,
fffedd84fffedd84,
fffeddf8fffedd84,
fffeded0fffeddf8,
fffedd84fffedd84,
fffedd84fffedd84,
fffedd84fffedd84,
fffedd84fffedd84,
fffedd84fffedd84,
fffedd84fffedd84,
fffedd84fffedd84,
fffede80fffede08,
fffedd84fffedd84,
fffedd84fffedd84,
fffedd84fffedd84,
fffedd84fffedd84,
fffedd84fffedd84,
fffedd84fffedd84,
fffedd84fffedeb4,
fffedd84fffedd84,
fffedd84fffedd84,
fffedd84fffedd84,
fffedd84fffedd84,
fffedd84fffedd84,
fffedd84fffedd84,
fffedd84fffedd84,
fffedd84fffedd84,
fffedd84fffedd84,
fffedd84fffedd84,
fffedd84fffedd84,
fffedd84fffedd84,
fffedd84fffedd84,
fffedd84fffedd84,
fffedd84fffedd84,
fffedd84fffedd84,
fffedd84fffedd84,
fffedcb0fffedec4,
fffedd60fffedd54,
fffedc3cfffedc3c,
fffedc3cfffedc3c,
fffedc3cfffedc3c,
fffedc3cfffedcc0,
fffedc3cfffedc3c,
fffedd38fffedc3c,
20544646fffedcc0,
616620636f6c6c61,
0000000d64656c69,
6e6e757220544646,
000d2e2e2e676e69,
696e696620544646,
0000000d64656873,
7466665f7373696b,
7525206b6f6f7420,
63757274736e6920,
6e6120736e6f6974,
6379632075252064,
0000000a0d73656c,
66203a204c494146,
6c75736572207466,
7365756c61762074,
6572726f636e6920,
2072756f590a7463,
756c61762074756f,
6c6165520a3a7365,
00000d67616d4909,
000a0d6425096425,
2053534543435553,
657220746666203a,
6c617620746c7573,
72726f6320736575,
000000000d746365,
2aa279c600007fff,
686446934f1b6594,
6e20ff31731b20df,
3cacc7ee5acfdfc9,
f2ecb677185bb9c6,
b977cc6bd2f4bd43,
a402fa04a928e133,
bd3b2947aacf131c,
f84c4301d9793a02,
38583b2519b8435e,
60ac157050b62b4a,
61aee3906691fcee,
3a05bfd4525bce34,
ff50bbe61b1db98e,
d100d70de534c637,
bdf40481c3bcec6c,
c8a2310bbfb91c21,
ec1149abd7e840ec,
18ed445d02eb4ac0,
352923ed29bc36fe,
38fdf3b33a4d0c8b,
244bc7503164dbe5,
ff84b0f91203b872,
dd76ba2decbbb1ac,
ce89dd48d35cc944,
d3e80865cec8f2f6,
ec072b22ddb31bc6,
0f8339f4fd39354d,
2d4733e320513959,
3aa21ddd36592a65,
336c00f739b10fcb,
199ee514285bf269,
f675d0530831d984,
d826c884e5f3caab,
2aa279c600007fff,
686446934f1b6594,
6e20ff31731b20df,
3cacc7ee5acfdfc9,
f2ecb677185bb9c6,
b977cc6bd2f4bd43,
a402fa04a928e133,
bd3b2947aacf131c,
f84c4301d9793a02,
38583b2519b8435e,
60ac157050b62b4a,
61aee3906691fcee,
3a05bfd4525bce34,
ff50bbe61b1db98e,
d100d70de534c637,
bdf40481c3bcec6c,
c8a2310bbfb91c21,
ec1149abd7e840ec,
18ed445d02eb4ac0,
352923ed29bc36fe,
38fdf3b33a4d0c8b,
244bc7503164dbe5,
ff84b0f91203b872,
dd76ba2decbbb1ac,
ce89dd48d35cc944,
d3e80865cec8f2f6,
ec072b22ddb31bc6,
0f8339f4fd39354d,
2d4733e320513959,
3aa21ddd36592a65,
336c00f739b10fcb,
199ee514285bf269,
f675d0530831d984,
d826c884e5f3caab,
2aa279c600007fff,
686446934f1b6594,
6e20ff31731b20df,
3cacc7ee5acfdfc9,
f2ecb677185bb9c6,
b977cc6bd2f4bd43,
a402fa04a928e133,
bd3b2947aacf131c,
f84c4301d9793a02,
38583b2519b8435e,
60ac157050b62b4a,
61aee3906691fcee,
3a05bfd4525bce34,
ff50bbe61b1db98e,
d100d70de534c637,
bdf40481c3bcec6c,
c8a2310bbfb91c21,
ec1149abd7e840ec,
18ed445d02eb4ac0,
352923ed29bc36fe,
38fdf3b33a4d0c8b,
244bc7503164dbe5,
ff84b0f91203b872,
dd76ba2decbbb1ac,
ce89dd48d35cc944,
d3e80865cec8f2f6,
ec072b22ddb31bc6,
0f8339f4fd39354d,
2d4733e320513959,
3aa21ddd36592a65,
336c00f739b10fcb,
199ee514285bf269,
f675d0530831d984,
d826c884e5f3caab,
2aa279c600007fff,
686446934f1b6594,
6e20ff31731b20df,
3cacc7ee5acfdfc9,
f2ecb677185bb9c6,
b977cc6bd2f4bd43,
a402fa04a928e133,
bd3b2947aacf131c,
f84c4301d9793a02,
38583b2519b8435e,
60ac157050b62b4a,
61aee3906691fcee,
3a05bfd4525bce34,
ff50bbe61b1db98e,
d100d70de534c637,
bdf40481c3bcec6c,
c8a2310bbfb91c21,
ec1149abd7e840ec,
18ed445d02eb4ac0,
352923ed29bc36fe,
38fdf3b33a4d0c8b,
244bc7503164dbe5,
ff84b0f91203b872,
dd76ba2decbbb1ac,
ce89dd48d35cc944,
d3e80865cec8f2f6,
ec072b22ddb31bc6,
0f8339f4fd39354d,
2d4733e320513959,
3aa21ddd36592a65,
336c00f739b10fcb,
199ee514285bf269,
f675d0530831d984,
d826c884e5f3caab,
2aa279c600007fff,
686446934f1b6594,
6e20ff31731b20df,
3cacc7ee5acfdfc9,
f2ecb677185bb9c6,
b977cc6bd2f4bd43,
a402fa04a928e133,
bd3b2947aacf131c,
f84c4301d9793a02,
38583b2519b8435e,
60ac157050b62b4a,
61aee3906691fcee,
3a05bfd4525bce34,
ff50bbe61b1db98e,
d100d70de534c637,
bdf40481c3bcec6c,
c8a2310bbfb91c21,
ec1149abd7e840ec,
18ed445d02eb4ac0,
352923ed29bc36fe,
38fdf3b33a4d0c8b,
244bc7503164dbe5,
ff84b0f91203b872,
dd76ba2decbbb1ac,
ce89dd48d35cc944,
d3e80865cec8f2f6,
ec072b22ddb31bc6,
0f8339f4fd39354d,
2d4733e320513959,
3aa21ddd36592a65,
336c00f739b10fcb,
199ee514285bf269,
f675d0530831d984,
d826c884e5f3caab,
2aa279c600007fff,
686446934f1b6594,
6e20ff31731b20df,
3cacc7ee5acfdfc9,
f2ecb677185bb9c6,
b977cc6bd2f4bd43,
a402fa04a928e133,
bd3b2947aacf131c,
f84c4301d9793a02,
38583b2519b8435e,
60ac157050b62b4a,
61aee3906691fcee,
3a05bfd4525bce34,
ff50bbe61b1db98e,
d100d70de534c637,
bdf40481c3bcec6c,
c8a2310bbfb91c21,
ec1149abd7e840ec,
18ed445d02eb4ac0,
352923ed29bc36fe,
38fdf3b33a4d0c8b,
244bc7503164dbe5,
ff84b0f91203b872,
dd76ba2decbbb1ac,
ce89dd48d35cc944,
d3e80865cec8f2f6,
ec072b22ddb31bc6,
0f8339f4fd39354d,
2d4733e320513959,
3aa21ddd36592a65,
336c00f739b10fcb,
199ee514285bf269,
f675d0530831d984,
d826c884e5f3caab,
2aa279c600007fff,
686446934f1b6594,
6e20ff31731b20df,
3cacc7ee5acfdfc9,
f2ecb677185bb9c6,
b977cc6bd2f4bd43,
a402fa04a928e133,
bd3b2947aacf131c,
f84c4301d9793a02,
38583b2519b8435e,
60ac157050b62b4a,
61aee3906691fcee,
3a05bfd4525bce34,
ff50bbe61b1db98e,
d100d70de534c637,
bdf40481c3bcec6c,
c8a2310bbfb91c21,
ec1149abd7e840ec,
18ed445d02eb4ac0,
352923ed29bc36fe,
38fdf3b33a4d0c8b,
244bc7503164dbe5,
ff84b0f91203b872,
dd76ba2decbbb1ac,
ce89dd48d35cc944,
d3e80865cec8f2f6,
ec072b22ddb31bc6,
0f8339f4fd39354d,
2d4733e320513959,
3aa21ddd36592a65,
336c00f739b10fcb,
199ee514285bf269,
f675d0530831d984,
d826c884e5f3caab,
2aa279c600007fff,
686446934f1b6594,
6e20ff31731b20df,
3cacc7ee5acfdfc9,
f2ecb677185bb9c6,
b977cc6bd2f4bd43,
a402fa04a928e133,
bd3b2947aacf131c,
f84c4301d9793a02,
38583b2519b8435e,
60ac157050b62b4a,
61aee3906691fcee,
3a05bfd4525bce34,
ff50bbe61b1db98e,
d100d70de534c637,
bdf40481c3bcec6c,
c8a2310bbfb91c21,
ec1149abd7e840ec,
fffd00440aa002a0,
000c00110004002f,
0039ffa2001cffe6,
01cafc42007eff0a,
ff0901f4fd820534,
ff6d0107ff4f014f,
ff9300b2ff7f00d7,
0995fdfcffd00083,
fe940062fe67009b,
fe1fffd6fe73002b,
fbf2fdeffd79ff45,
0f830fc9f51df7dc,
029e049204830609,
014b046701ce043a,
0001080e00d2053f,
0343f9e8f3643cb8,
021cff790251fe1a,
027b00f5022a0041,
075e0569036101fc,
fd5bfdb5f457f64e,
ff20ff7cfea7feeb,
ff5a004aff56ffe0,
f9d2086aff0b0105,
00e4ff390187fe1f,
00d3ffdb00c7ff9c,
0168006800fa0016,
f91efc8b031d0154,
ff3bffaffe8cff45,
ff97001cff7affea,
ff7600e7ff9b005d,
00dafe36fd71057c,
0065ff8a0075ff3b,
0081ffd8006bffb7,
018a004200bafffb,
ff34ffc5fb6afeb8,
ffc2000dff9afff0,
ffde0061ffd5002f,
ff780416ffdc00d2,
002dff370047fe2e,
0035ffa6002dff82,
0064ffcc0046ffbc,
fca3fff300cdffda,
ffd30003ff91fff6,
fffd0026ffed0010,
00200099000a0049,
ffc8fe710081029e,
0008ff94fff6ff59,
0021ffc00012ffb1,
0070ffc10034ffc7,
ffc2000efd1600dd,
ffff0015ffed000c,
001f003e000e0025,
00ec01dc0041007c,
ffcdff72ff62fe95,
fff7ffbcffe9ffa4,
000effd00002ffc8,
fdd501650026ffcc,
00020005ffed0008,
001c0016000f000c,
00510055002d0028,
ff21fed80103012c,
ffd9ffbaffb9ff92,
fff3ffd7ffe9ffcc,
0001ffe7fffaffe0,
000cffeffea10197,
001bfffc0013fff6,
0039001000270003,
0117009700600028,
ffa3ffb8fecdff37,
ffdeffe0ffccffd4,
ffeffff4ffe9ffe9,
ff3901b6fff10004,
0017ffe50014ffd2,
0026fff5001affee,
005a00070035fffb,
feaaff9600f40031,
ffcbffe9ffa0ffdc,
ffe9fffbffddfff1,
fff3001cfff00003,
000dffb4ffcb01b7,
0014ffe1000effd5,
002cffe8001dffe6,
00c2ffeb004bffec,
ffa6fffcfe9d0004,
ffe20002ffd0fffe,
fff60012ffee0006,
003f019100020030,
0002ffc9fff3ff99,
0011ffdd000cffd7,
0037ffdb001fffdd,
feae005d008dffc6,
ffdd0007ffb70010,
fff9000cffec0008,
0016003100030017,
ffcfff8b009b013e,
fffcffd3fff0ffc6,
0011ffda0005ffd9,
005dffb10023ffd2,
ffc9001efec700c5,
fff6000dffe80010,
001000170001000f,
00d800ee0029002f,
ffdaffc8ffa2ff8d,
fff9ffdcffecffd7,
000fffd50002ffdc,
ff0a0106002fffb8,
fff40010ffdd0020,
0009000cffff000c,
0035002400170012,
ff78ff9b00eb009e,
ffdfffdbffcaffd1,
fff3ffe0ffedffe0,
000bffc8fffdffdc,
fff20016ff6e0137,
00090005fffe0009,
0021000800100005,
00f8005200420011,
ffbdffdeff4bffb6,
ffe4ffe9ffd8ffe7,
fff2ffe8ffecffea,
ffbb0141fffaffdc,
0003fffcfffc0007,
0012fff8000bfffa,
0041fff70021fff8,
ff2ffffa00defff3,
ffd4fff7ffb6fff7,
ffeafff6ffe2fff7,
fff7fff5fff1fff5,
fffffff400200146,
000afff10002fff3,
001fffec0012ffee,
00c0ffba003cffe4,
ffb7000eff1e003e,
ffe10001ffd50007,
fff30002ffe90001,
0083012efffa0007,
fffeffeafff5ffe3,
000bffe80003ffe9,
002effd70017ffe3,
ff25007d008fff9c,
ffda0010ffbf001f,
fff10009ffe8000a,
000b0014fffa000b,
ffddffd200da00f8,
fffaffe3ffefffe2,
000bffdb0002ffe3,
0060ff87001dffcc,
ffcb002fff3b00ca,
fff00010ffe30019,
0006000efffa000c,
010a00b0001b0017,
ffe0ffe1ffbdffcd,
fff5ffe1ffebffe2,
000affc80000ffda,
ff740111002dff84,
ffef001fffde0039,
0001000efffa0012,
002c0011000f000d,
ff98ffda0125005c,
ffe1ffe8ffd1ffe9,
fff3ffdeffe9ffe5,
0008ff92fffaffcd,
fff20039ffba014a,
00020011fffa001c,
001800070009000b,
0134001a003a0006,
ffbffff3ff6ffff0,
ffdfffecffd5fff0,
ffeaffdcffe6ffe8,
0011013fffedffb2,
0001000fffff0028,
000f000000050004,
0040ffeb001efff7,
ff520023011bffb0,
ffce0000ffb60009,
ffdffff2ffdafff7,
ffdcffcfffe2ffe7,
0006001a007a014d,
0007fffd00050006,
001bffea000efff5,
00e6ff6a0039ffd6,
ffb5001eff480061,
ffd90004ffcd000e,
ffe2fff8ffe0fffe,
00e10135ffe0ffea,
0002fffb00030008,
000cffea0005fff2,
002dffc10015ffdc,
ff4f00b200abff32,
ffd3001effbb003a,
ffe5000bffdf0014,
ffedffffffe80004,
fff4fff5015f00e7,
fffbffeafff7fff0,
000bffd20003ffe1,
0073ff11001effae,
ffc50052ff63010b,
ffe4001cffdc002e,
fff3000cffeb0013,
019f00780001000a,
ffe3ffefffd4fff0,
fff0ffddffecffe6,
fffeffa3fff7ffc9,
ffb6016c0018ff03,
ffed0039ffe20068,
fffb0019fff50027,
0021000a0008000f,
ffa7fffa01f30009,
ffdaffebffcefff3,
ffe2ffccffdfffde,
ffd8ff0dffe3ffa4,
00000074001901c4,
00020026fffe003e,
001a000a000a0016,
0249ff6d0044fff8,
ffaa0009ff650023,
ffc7ffefffbefffb,
ffc3ffb9ffc7ffdb,
00a401cfff99ff46,
0009003300170066,
000f000a0008001c,
0044ffd3001bfff7,
ff47006d01dbfebe,
ffb20013ff9a002a,
ffb7ffecffb7ffff,
ff6dff6fffa9ffce,
002d006001550201,
000a00110010002c,
0016ffdd000dfffb,
0174fdda003dff9d,
ff8e0076ff2c0105,
ffa70036ffa2004b,
ff8f0013ffa20024,
026a00c0ff3ffff8,
0004001200330026,
ffe7fff2fff30004,
ffd3ffa4ffddffda,
ffea0109ffadfe54,
ffc70049ffd60071,
ffa50032ffbb0038,
ff010064ff7d0036,
008aff760682fc7f,
0005ff81002cff8d,
ffb9ff18ffe4ff5d,
fd82fa8cff60fe6d,
00c9016201f303d0,
00680087008600cf,
004e002000560054,
ffc70905004cffc2,
003d0054003800a5,
004afff800410024,
008dff33005dffb8,
febd03a80190fc9f,
ffc800f9ff9a0175,
ffe6009cffda00c1,
fff3006dffed0083,
fe6e7ffd00007fff,
fb4a7fe9fcdc7ff5,
f8277fc1f9b87fd8,
f5057f86f6967fa6,
f1e47f37f3747f61,
eec67ed5f0557f09,
ebab7e5fed387e9c,
e8927dd5ea1e7e1d,
e57e7d39e7077d89,
e26d7c88e3f57ce3,
df617bc5e0e67c29,
dc5a7aeedddd7b5c,
d9587a05dad87a7c,
d65d7909d7da7989,
d36777fad4e17884,
d07976d8d1ef776b,
cd9275a5cf057641,
cab3745fcc217504,
c7dc7307c94673b5,
c50e719dc6747254,
c2487022c3aa70e2,
bf8d6e96c0e96f5e,
bcdb6cf8be326dc9,
ba336b4abb866c23,
b797698bb8e46a6d,
b50567bcb64c68a6,
b27f65ddb3c166cf,
b00563eeb14164e8,
ad9861f0aecd62f1,
ab375fe3ac6560eb,
a8e35dc7aa0b5ed7,
a69c5b9ca7be5cb3,
a4645964a57e5a82,
a239571da34d5842,
a01d54c9a12955f5,
9e1052689f15539b,
9c124ffb9d0f5133,
9a234d819b184ebf,
98444afb99314c3f,
96754869975a49b4,
94b645cd9593471c,
9308432593dd447a,
916a4073923741ce,
8fde3db890a23f17,
8e633af28f1e3c56,
8cf938248dac398c,
8ba1354d8c4b36ba,
8a5b326e8afc33df,
89282f8789bf30fb,
88062c9988952e11,
86f729a3877c2b1f,
85fb26a886772826,
851223a685842528,
843b209f84a42223,
83781d9383d71f1a,
82c71a82831d1c0b,
822b176e827718f9,
81a1145581e315e2,
812b113a816412c8,
80c90e1c80f70fab,
807a0afb809f0c8c,
803f07d9805a096a,
801704b680280648,
80030192800b0324,
8003fe6e80010000,
8017fb4a800bfcdc,
803ff8278028f9b8,
807af505805af696,
80c9f1e4809ff374,
812beec680f7f055,
81a1ebab8164ed38,
822be89281e3ea1e,
82c7e57e8277e707,
8378e26d831de3f5,
843bdf6183d7e0e6,
8512dc5a84a4dddd,
85fbd9588584dad8,
86f7d65d8677d7da,
8806d367877cd4e1,
8928d0798895d1ef,
8a5bcd9289bfcf05,
8ba1cab38afccc21,
8cf9c7dc8c4bc946,
8e63c50e8dacc674,
8fdec2488f1ec3aa,
916abf8d90a2c0e9,
9308bcdb9237be32,
94b6ba3393ddbb86,
9675b7979593b8e4,
9844b505975ab64c,
9a23b27f9931b3c1,
9c12b0059b18b141,
9e10ad989d0faecd,
a01dab379f15ac65,
a239a8e3a129aa0b,
a464a69ca34da7be,
a69ca464a57ea57e,
a8e3a239a7bea34d,
ab37a01daa0ba129,
ad989e10ac659f15,
b0059c12aecd9d0f,
b27f9a23b1419b18,
b5059844b3c19931,
b7979675b64c975a,
ba3394b6b8e49593,
bcdb9308bb8693dd,
bf8d916abe329237,
c2488fdec0e990a2,
c50e8e63c3aa8f1e,
c7dc8cf9c6748dac,
cab38ba1c9468c4b,
cd928a5bcc218afc,
d0798928cf0589bf,
d3678806d1ef8895,
d65d86f7d4e1877c,
d95885fbd7da8677,
dc5a8512dad88584,
df61843bdddd84a4,
e26d8378e0e683d7,
e57e82c7e3f5831d,
e892822be7078277,
ebab81a1ea1e81e3,
eec6812bed388164,
f1e480c9f05580f7,
f505807af374809f,
f827803ff696805a,
fb4a8017f9b88028,
fe6e8003fcdc800b,
0192800300008001,
04b680170324800b,
07d9803f06488028,
0afb807a096a805a,
0e1c80c90c8c809f,
113a812b0fab80f7,
145581a112c88164,
176e822b15e281e3,
1a8282c718f98277,
1d9383781c0b831d,
209f843b1f1a83d7,
23a68512222384a4,
26a885fb25288584,
29a386f728268677,
2c9988062b1f877c,
2f8789282e118895,
326e8a5b30fb89bf,
354d8ba133df8afc,
38248cf936ba8c4b,
3af28e63398c8dac,
3db88fde3c568f1e,
4073916a3f1790a2,
4325930841ce9237,
45cd94b6447a93dd,
48699675471c9593,
4afb984449b4975a,
4d819a234c3f9931,
4ffb9c124ebf9b18,
52689e1051339d0f,
54c9a01d539b9f15,
571da23955f5a129,
5964a4645842a34d,
5b9ca69c5a82a57e,
5dc7a8e35cb3a7be,
5fe3ab375ed7aa0b,
61f0ad9860ebac65,
63eeb00562f1aecd,
65ddb27f64e8b141,
67bcb50566cfb3c1,
698bb79768a6b64c,
6b4aba336a6db8e4,
6cf8bcdb6c23bb86,
6e96bf8d6dc9be32,
7022c2486f5ec0e9,
719dc50e70e2c3aa,
7307c7dc7254c674,
745fcab373b5c946,
75a5cd927504cc21,
76d8d0797641cf05,
77fad367776bd1ef,
7909d65d7884d4e1,
7a05d9587989d7da,
7aeedc5a7a7cdad8,
7bc5df617b5cdddd,
7c88e26d7c29e0e6,
7d39e57e7ce3e3f5,
7dd5e8927d89e707,
7e5febab7e1dea1e,
7ed5eec67e9ced38,
7f37f1e47f09f055,
7f86f5057f61f374,
7fc1f8277fa6f696,
7fe9fb4a7fd8f9b8,
7ffdfe6e7ff5fcdc,
7ffd01927fff0000,
7fe904b67ff50324,
7fc107d97fd80648,
7f860afb7fa6096a,
7f370e1c7f610c8c,
7ed5113a7f090fab,
7e5f14557e9c12c8,
7dd5176e7e1d15e2,
7d391a827d8918f9,
7c881d937ce31c0b,
7bc5209f7c291f1a,
7aee23a67b5c2223,
7a0526a87a7c2528,
790929a379892826,
77fa2c9978842b1f,
76d82f87776b2e11,
75a5326e764130fb,
745f354d750433df,
7307382473b536ba,
719d3af27254398c,
70223db870e23c56,
6e9640736f5e3f17,
6cf843256dc941ce,
6b4a45cd6c23447a,
698b48696a6d471c,
67bc4afb68a649b4,
65dd4d8166cf4c3f,
63ee4ffb64e84ebf,
61f0526862f15133,
5fe354c960eb539b,
5dc7571d5ed755f5,
5b9c59645cb35842,
59645b9c5a825a82,
571d5dc758425cb3,
54c95fe355f55ed7,
526861f0539b60eb,
4ffb63ee513362f1,
4d8165dd4ebf64e8,
4afb67bc4c3f66cf,
4869698b49b468a6,
45cd6b4a471c6a6d,
43256cf8447a6c23,
40736e9641ce6dc9,
3db870223f176f5e,
3af2719d3c5670e2,
38247307398c7254,
354d745f36ba73b5,
326e75a533df7504,
2f8776d830fb7641,
2c9977fa2e11776b,
29a379092b1f7884,
26a87a0528267989,
23a67aee25287a7c,
209f7bc522237b5c,
1d937c881f1a7c29,
1a827d391c0b7ce3,
176e7dd518f97d89,
14557e5f15e27e1d,
113a7ed512c87e9c,
0e1c7f370fab7f09,
0afb7f860c8c7f61,
07d97fc1096a7fa6,
04b67fe906487fd8,
01927ffd03247ff5,
0000008000000004,
0000002000000004,
0000000800000004,
0000000200000004,
0000000100000002,
205d524f5252455b,
7466665f7373696b,
00203630323a632e,
612079726f6d654d,
6f697461636f6c6c,
64656c696166206e,
5252455b0000002e,
7373696b205d524f,
333a632e7466665f,
74756f6600203737,
2072656666756220,
0000002e4c4c554e,
205d524f5252455b,
7466665f7373696b,
00203338333a632e,
612079726f6d654d,
6f697461636f6c6c,
2e726f727265206e,
0202010000000000,
0404040403030303,
0505050504040404,
0505050505050505,
0606060605050505,
0606060606060606,
0606060606060606,
0606060606060606,
0707070706060606,
0707070707070707,
0707070707070707,
0707070707070707,
0707070707070707,
0707070707070707,
0707070707070707,
0707070707070707,
0808080807070707,
0808080808080808,
0808080808080808,
0808080808080808,
0808080808080808,
0808080808080808,
0808080808080808,
0808080808080808,
0808080808080808,
0808080808080808,
0808080808080808,
0808080808080808,
0808080808080808,
0808080808080808,
0808080808080808,
0808080808080808,
00464e4908080808,
004e414e00666e69,
33323130006e616e,
4241393837363534,
0000000046454443,
3736353433323130,
6665646362613938,
6c756e2800000000,
000000300000296c,
8000872080008ce4,
80008cd880008720,
8000872080008720,
8000872080008720,
8000872080008720,
80008cc880008bdc,
80008bf480008720,
8000872080008c00,
800086ec80008c88,
800086ec800086ec,
800086ec800086ec,
800086ec800086ec,
800086ec800086ec,
8000872080008720,
8000872080008720,
8000872080008720,
8000872080008720,
8000872080008720,
80008a4880008c5c,
80008a4880008720,
8000872080008720,
8000872080008720,
8000872080008cfc,
80008de080008720,
8000872080008720,
8000872080008720,
80008d0880008720,
8000872080008720,
80008720800098f4,
8000872080008720,
8000872080008720,
8000872080008720,
8000872080008720,
80008ca080008720,
80008a4880008b38,
80008a4880008a48,
80008b3880008c94,
8000872080008720,
80008720800088f8,
80008ecc80008efc,
800088f880008e94,
80008e2c80008720,
80008dfc80008720,
8000872080008720,
202020208000994c,
2020202020202020,
3030303020202020,
3030303030303030,
8000ac8c30303030,
8000a8ec8000a8ec,
8000a8ec8000ac80,
8000a8ec8000a8ec,
8000a8ec8000a8ec,
8000abe08000a8ec,
8000a8ec8000ac70,
8000abfc8000abf0,
8000ac648000a8ec,
8000a8b88000a8b8,
8000a8b88000a8b8,
8000a8b88000a8b8,
8000a8b88000a8b8,
8000a8ec8000a8b8,
8000a8ec8000a8ec,
8000a8ec8000a8ec,
8000a8ec8000a8ec,
8000a8ec8000a8ec,
8000ac508000a8ec,
8000a8ec8000a8ec,
8000a8ec8000a8ec,
8000a8ec8000a8ec,
8000a8ec8000a8ec,
8000a8ec8000a8ec,
8000a8ec8000ad10,
8000a8ec8000a8ec,
8000a8ec8000a8ec,
8000a8ec8000acc4,
8000b3a88000a8ec,
8000a8ec8000a8ec,
8000a8ec8000a8ec,
8000a8ec8000a8ec,
8000a8ec8000a8ec,
8000a8ec8000a8ec,
8000ab3c8000aca4,
8000a8ec8000a8ec,
8000add88000a8ec,
8000a8ec8000ab3c,
8000aa448000a8ec,
8000ada08000a8ec,
8000ae6c8000ad78,
8000a8ec8000aa44,
8000a8ec8000ae0c,
8000a8ec8000ade4,
8000b3fc8000a8ec,
2020202020202020,
2020202020202020,
3030303030303030,
3030303030303030,
49534f5000000043,
69666e4900000058,
000000007974696e,
6c6c6142004e614e,
656363757320636f,
0000000064656465,
2e2e2f2e2e2f2e2e,
2e2f2e2e2f2e2e2f,
656e2f6372732f2e,
77656e2f62696c77,
6362696c2f62696c,
2f62696c6474732f,
0000632e616f7464,
2e2e2f2e2e2f2e2e,
2e2f2e2e2f2e2e2f,
656e2f6372732f2e,
77656e2f62696c77,
6362696c2f62696c,
2f62696c6474732f,
00632e636572706d,
0000001900000005,
000000000000007d,
3ff0000000000000,
4024000000000000,
4059000000000000,
408f400000000000,
40c3880000000000,
40f86a0000000000,
412e848000000000,
416312d000000000,
4197d78400000000,
41cdcd6500000000,
4202a05f20000000,
42374876e8000000,
426d1a94a2000000,
42a2309ce5400000,
42d6bcc41e900000,
430c6bf526340000,
4341c37937e08000,
4376345785d8a000,
43abc16d674ec800,
43e158e460913d00,
4415af1d78b58c40,
444b1ae4d6e2ef50,
4480f0cf064dd592,
44b52d02c7e14af6,
44ea784379d99db4,
3c9cd2b297d889bc,
3949f623d5a8a733,
32a50ffd44f4a73d,
255bba08cf8c979d,
0ac8062864ac6f43,
4341c37937e08000,
4693b8b5b5056e17,
4d384f03e93ff9f5,
5a827748f9301d32,
75154fdd7f73bf3c,
2020202020202000,
2028282828282020,
2020202020202020,
2020202020202020,
1010101010108820,
1010101010101010,
0404040404040410,
1010101010040404,
4141414141411010,
0101010101010101,
0101010101010101,
1010101001010101,
4242424242421010,
0202020202020202,
0202020202020202,
1010101002020202,
0000000000000020,
0000000000000000,
0000000000000000,
0000000000000000,
0000000000000000,
0000000000000000,
0000000000000000,
0000000000000000,
0000000000000000,
0000000000000000,
0000000000000000,
0000000000000000,
0000000000000000,
0000000000000000,
0000000000000000,
0000000000000000,
7566202c00000000,
203a6e6f6974636e,
6573736100000000,
2522206e6f697472,
656c696166202273,
20656c6966203a64,
696c202c22732522,
257325642520656e,
80010d2800000a73,
80010b8080010bd4,
80010b8080010cd4,
80010b8080010be4,
80010bd480010cd4,
80010be480010bd4,
80010c6080010cd4,
80010c6080010c60,
0000001080010be4,
00527a0300000000,
00020d1b01017c01,
0000001800000010,
000004dcffff0aa8,
0000001000000000,
ffff0f700000002c,
0000000000000490,
0000000010000000,
0000000000000000,
0000000000000000,
0000000000000000,
0000000000000000,
0000000000000000,
80014ec080014ec0,
80014ec880014ec8,
80014ed080014ed0,
80014ed880014ed8,
80014ee080014ee0,
80014ee880014ee8,
80014ef080014ef0,
80014ef880014ef8,
80014f0080014f00,
80014f0880014f08,
80014f1080014f10,
80014f1880014f18,
80014f2080014f20,
80014f2880014f28,
80014f3080014f30,
80014f3880014f38,
80014f4080014f40,
80014f4880014f48,
80014f5080014f50,
80014f5880014f58,
80014f6080014f60,
80014f6880014f68,
80014f7080014f70,
80014f7880014f78,
80014f8080014f80,
80014f8880014f88,
80014f9080014f90,
80014f9880014f98,
80014fa080014fa0,
80014fa880014fa8,
80014fb080014fb0,
80014fb880014fb8,
80014fc080014fc0,
80014fc880014fc8,
80014fd080014fd0,
80014fd880014fd8,
80014fe080014fe0,
80014fe880014fe8,
80014ff080014ff0,
80014ff880014ff8,
8001500080015000,
8001500880015008,
8001501080015010,
8001501880015018,
8001502080015020,
8001502880015028,
8001503080015030,
8001503880015038,
8001504080015040,
8001504880015048,
8001505080015050,
8001505880015058,
8001506080015060,
8001506880015068,
8001507080015070,
8001507880015078,
8001508080015080,
8001508880015088,
8001509080015090,
8001509880015098,
800150a0800150a0,
800150a8800150a8,
800150b0800150b0,
800150b8800150b8,
800150c0800150c0,
800150c8800150c8,
800150d0800150d0,
800150d8800150d8,
800150e0800150e0,
800150e8800150e8,
800150f0800150f0,
800150f8800150f8,
8001510080015100,
8001510880015108,
8001511080015110,
8001511880015118,
8001512080015120,
8001512880015128,
8001513080015130,
8001513880015138,
8001514080015140,
8001514880015148,
8001515080015150,
8001515880015158,
8001516080015160,
8001516880015168,
8001517080015170,
8001517880015178,
8001518080015180,
8001518880015188,
8001519080015190,
8001519880015198,
800151a0800151a0,
800151a8800151a8,
800151b0800151b0,
800151b8800151b8,
800151c0800151c0,
800151c8800151c8,
800151d0800151d0,
800151d8800151d8,
800151e0800151e0,
800151e8800151e8,
800151f0800151f0,
800151f8800151f8,
8001520080015200,
8001520880015208,
8001521080015210,
8001521880015218,
8001522080015220,
8001522880015228,
8001523080015230,
8001523880015238,
8001524080015240,
8001524880015248,
8001525080015250,
8001525880015258,
8001526080015260,
8001526880015268,
8001527080015270,
8001527880015278,
8001528080015280,
8001528880015288,
8001529080015290,
8001529880015298,
800152a0800152a0,
800152a8800152a8,
800152b0800152b0,
800152b8800152b8,
0000000300000000,
0000000080015628,
8001562800000000,
800156f880015690,
0000000000000000,
0000000000000000,
0000000000000000,
0000000000000000,
0000000000000000,
0000000000000000,
0000000000000000,
0000000000000000,
0000000000000000,
0000000000000000,
0000000000000000,
0000000000000000,
0000000000000000,
0000000000000000,
0000000000000000,
0000000000000000,
0000000000000000,
0000000000000001,
e66d1234abcd330e,
0000000b0005deec,
0000000000000000,
0000000000000000,
0000000000000000,
0000000000000000,
0000000000000000,
0000000000000000,
0000000000000000,
0000000000000000,
0000000000000000,
0000000000000000,
0000000000000000,
0000000000000000,
0000000000000000,
0000000000000000,
0000000000000043,
0000000000000000,
0000000000000000,
0000000000000000,
0000000000000043,
0000000000000000,
0000000000000000,
0000000000000000,
0000000000000043,
0000000000000000,
0000000000000000,
0000000000000000,
0000000000000043,
0000000000000000,
0000000000000000,
0000000000000000,
0000000000000043,
0000000000000000,
0000000000000000,
0000000000000000,
0000000000000043,
0000000000000000,
0000000000000000,
0000000000000000,
0000000000000043,
0000000000000000,
0000000000000000,
0000000000000000,
8000e0908000f884,
80014cd800000000,
80012e048001468c,
80012e0480012e04,
80012e0480012e04,
80012e0480012e04,
80012e0480012e04,
ffffffffffffffff,
0000ffffffffffff,
0049494353410001,
0000000000000000,
0000000000000000,
0000000000000000,
0049494353410000,
0000000000000000,
0000000000000000,
0000000000000000,
ffffffff00000000,
0000000000000000,
800155dc80013e08,
0000000080014608,
7fefffffffffffff,
3ff8000000000000,
3fd287a7636f4361,
3fc68a288b60c8b3,
3fd34413509f79fb,
3ff0000000000000,
4024000000000000,
401c000000000000,
4014000000000000,
3fe0000000000000,
ffffffff800158f0,
800152d800020000;
